soil_moisture,rainfall,rainfall_24h,slope_angle,tilt_rate,factor_of_safety,synthetic_risk_probability,hazard_label,hazard_tier
46.63,20.99,48.68,31.48,0.0962,0.97,0.9715,1,CRITICAL
78.4,27.98,73.58,27.03,-0.0579,0.84,0.9862,1,CRITICAL
35.99,34.34,33.84,32.53,0.0167,1.03,0.7196,1,HIGH
59.99,76.51,135.72,38.66,0.1309,0.73,0.9988,1,CRITICAL
56.72,28.83,50.19,26.36,0.0332,1.05,0.9343,1,CRITICAL
74.63,39.91,68.75,26.36,0.0539,0.9,0.9908,1,CRITICAL
17.46,19.36,14.01,39.05,0.0151,1.0,0.3649,0,HIGH
17.13,31.42,20.15,33.37,0.0174,1.16,0.2952,0,HIGH
37.65,20.34,31.23,24.71,0.0231,1.32,0.5377,1,HIGH
45.81,32.67,57.07,31.8,0.0282,0.97,0.9129,1,CRITICAL
52.45,21.35,54.31,24.76,-0.0491,1.16,0.748,1,HIGH
29.33,7.28,36.2,24.74,0.012,1.41,0.3453,0,MODERATE
14.82,0.0,16.92,29.69,0.0077,1.32,0.2404,0,MODERATE
90.33,50.58,97.57,14.61,0.0458,1.35,0.9788,1,CRITICAL
37.11,0.0,29.74,15.93,0.0277,2.05,0.0867,0,LOW
73.17,49.56,64.62,24.06,-0.0511,0.99,0.9846,1,CRITICAL
28.95,27.82,39.32,20.91,-0.0291,1.67,0.191,0,LOW
44.7,40.4,71.54,30.2,0.0481,1.03,0.934,1,CRITICAL
23.64,24.85,22.93,21.64,0.0056,1.69,0.0728,0,LOW
84.23,36.73,79.06,18.11,0.0456,1.17,0.9766,1,CRITICAL
35.42,15.75,39.91,38.26,0.0286,0.89,0.7811,1,CRITICAL
20.43,9.13,47.44,26.42,0.014,1.42,0.2534,0,MODERATE
77.39,45.36,62.69,28.47,0.0495,0.81,0.9941,1,CRITICAL
36.93,14.6,37.83,18.03,0.039,1.81,0.1392,0,LOW
75.37,38.15,63.32,24.19,0.0591,0.96,0.9859,1,CRITICAL
68.56,43.13,55.18,28.78,0.0426,0.87,0.9761,1,CRITICAL
59.04,43.48,49.62,19.94,0.0412,1.35,0.867,1,CRITICAL
59.29,61.91,103.67,30.63,0.0776,0.9,0.9944,1,CRITICAL
37.54,24.04,33.66,23.8,0.0101,1.37,0.3002,0,MODERATE
35.17,32.45,69.14,25.96,0.0282,1.29,0.6063,1,HIGH
49.47,42.65,43.02,23.79,0.022,1.24,0.6618,1,HIGH
68.65,55.39,95.09,40.97,0.0928,0.64,0.9972,1,CRITICAL
49.12,33.95,55.24,27.91,0.0296,1.07,0.8395,1,CRITICAL
14.36,3.9,13.29,20.6,-0.0441,1.91,0.0422,0,LOW
61.17,49.2,62.01,33.76,0.0527,0.81,0.9701,1,CRITICAL
43.25,26.21,40.35,19.45,0.0395,1.59,0.3443,0,MODERATE
50.2,36.05,47.4,29.46,0.027,1.0,0.8345,1,CRITICAL
44.7,30.21,44.46,14.28,0.0123,2.14,0.0771,0,LOW
43.19,23.47,42.79,18.7,0.0445,1.66,0.3698,0,MODERATE
47.64,41.98,54.48,29.38,0.0357,1.03,0.8671,1,CRITICAL
69.45,49.95,77.5,33.17,0.0933,0.76,0.9935,1,CRITICAL
25.06,6.01,26.04,29.2,0.0073,1.24,0.2006,0,MODERATE
41.76,33.39,72.14,27.19,0.0645,1.16,0.9338,1,CRITICAL
22.17,37.22,59.56,25.89,0.0194,1.43,0.2939,0,MODERATE
45.2,31.14,36.78,17.65,0.0123,1.72,0.4116,0,MODERATE
49.79,40.43,40.06,22.96,0.0325,1.28,0.7551,1,CRITICAL
28.29,0.79,30.93,24.78,0.0311,1.42,0.4608,0,MODERATE
55.55,34.96,57.83,35.4,0.0386,0.81,0.972,1,CRITICAL
57.27,35.32,50.7,30.41,0.0948,0.92,0.9781,1,CRITICAL
32.22,21.12,30.28,15.66,0.023,2.17,0.0264,0,LOW
50.62,44.6,57.51,30.27,0.0352,0.98,0.8782,1,CRITICAL
15.76,22.41,26.42,25.3,0.006,1.54,0.1285,0,LOW
27.82,5.14,25.0,23.26,0.0129,1.52,0.1815,0,LOW
37.77,27.41,62.6,32.28,0.0292,1.02,0.8587,1,CRITICAL
36.45,30.87,46.25,35.22,0.03,0.95,0.8542,1,CRITICAL
19.72,23.42,22.53,34.52,0.028,1.1,0.4622,0,HIGH
23.46,23.05,36.03,22.13,0.0224,1.65,0.1149,0,LOW
39.25,4.14,33.19,25.84,0.0198,1.25,0.62,1,HIGH
71.77,29.66,66.89,30.32,0.0504,0.81,0.9858,1,CRITICAL
67.33,40.9,56.64,34.83,0.0915,0.74,0.9927,1,CRITICAL
45.86,18.91,37.33,24.65,0.0188,1.24,0.6854,1,HIGH
60.16,33.77,54.32,26.7,0.034,1.01,0.9269,1,CRITICAL
71.34,46.37,59.53,20.26,0.0442,1.19,0.8884,1,CRITICAL
22.89,8.0,33.37,19.63,0.0271,1.87,0.0931,0,LOW
77.5,43.14,78.81,33.69,0.1308,0.7,0.9991,1,CRITICAL
67.61,28.67,56.5,37.49,0.0999,0.7,0.9894,1,CRITICAL
66.5,35.7,53.57,27.5,-0.0694,0.93,0.9666,1,CRITICAL
23.18,33.02,42.16,35.02,0.02,1.06,0.7224,1,HIGH
36.22,2.6,29.01,30.53,0.0134,1.09,0.6107,1,HIGH
69.9,37.29,62.24,23.48,0.0472,1.04,0.9636,1,CRITICAL
50.81,39.23,50.89,30.53,0.0266,0.97,0.874,1,CRITICAL
54.74,23.09,69.4,38.77,0.0524,0.76,0.9688,1,CRITICAL
70.45,49.59,83.72,27.75,0.0546,0.89,0.9864,1,CRITICAL
39.52,18.43,50.97,38.95,-0.0291,0.85,0.9157,1,CRITICAL
61.03,25.44,53.09,12.0,0.0226,2.19,0.1471,0,LOW
77.21,23.47,80.88,33.75,0.0778,0.7,0.9972,1,CRITICAL
80.9,55.31,68.97,28.61,0.0601,0.78,0.9965,1,CRITICAL
32.64,14.28,29.74,25.91,-0.035,1.31,0.4077,0,MODERATE
37.31,16.97,41.73,28.64,0.0317,1.15,0.7053,1,HIGH
63.72,44.09,68.01,14.09,0.0617,1.82,0.7268,1,HIGH
83.03,29.92,67.24,26.46,-0.0581,0.82,0.99,1,CRITICAL
30.01,3.59,24.94,30.5,0.0124,1.15,0.4618,0,HIGH
62.31,58.81,72.84,38.35,0.06,0.72,0.9941,1,CRITICAL
45.54,57.61,65.87,24.37,0.0411,1.25,0.7832,1,CRITICAL
74.54,38.21,73.54,22.34,0.0685,1.05,0.9879,1,CRITICAL
33.19,31.64,34.95,24.49,0.0125,1.38,0.3237,0,MODERATE
74.67,56.2,87.73,34.41,0.1068,0.7,0.9989,1,CRITICAL
69.8,31.11,75.41,30.3,0.0644,0.82,0.9822,1,CRITICAL
40.18,17.8,45.14,24.29,0.017,1.32,0.5324,1,HIGH
18.43,27.83,20.53,31.59,0.0194,1.21,0.1941,0,MODERATE
59.05,16.06,50.55,28.68,0.0395,0.95,0.9243,1,CRITICAL
44.01,48.82,43.34,34.78,0.0225,0.91,0.822,1,CRITICAL
16.73,5.36,18.46,23.09,0.01,1.67,0.0527,0,LOW
75.85,55.95,66.9,25.71,0.0665,0.91,0.9821,1,CRITICAL
43.48,24.34,45.66,25.26,0.0289,1.23,0.682,1,HIGH
75.53,45.92,63.2,17.76,0.0332,1.3,0.9276,1,CRITICAL
59.36,57.21,72.1,30.07,0.0825,0.91,0.9713,1,CRITICAL
73.95,50.81,61.52,29.83,0.0493,0.8,0.9836,1,CRITICAL
11.62,5.63,19.13,28.04,0.0064,1.43,0.2065,0,MODERATE
50.83,28.16,61.22,26.36,0.0339,1.11,0.8843,1,CRITICAL
86.38,46.62,79.06,18.09,0.0749,1.14,0.9787,1,CRITICAL
31.69,6.24,32.07,25.06,0.0191,1.37,0.2408,0,MODERATE
52.03,33.16,51.29,25.6,0.04,1.13,0.87,1,CRITICAL
26.14,21.33,49.23,22.38,0.0657,1.6,0.3681,0,MODERATE
83.19,92.6,136.29,26.87,-0.1245,0.81,0.9993,1,CRITICAL
39.99,22.47,46.95,30.83,0.0221,1.05,0.8738,1,CRITICAL
50.18,20.86,63.8,41.2,0.0673,0.75,0.991,1,CRITICAL
52.17,39.18,41.95,29.22,0.042,1.0,0.8861,1,CRITICAL
59.64,49.57,79.56,29.8,0.0511,0.92,0.9807,1,CRITICAL
31.41,43.09,71.33,27.48,0.0264,1.25,0.7184,1,HIGH
64.31,49.52,64.29,14.57,-0.0387,1.75,0.689,1,HIGH
46.66,43.73,58.36,27.81,0.0293,1.09,0.809,1,CRITICAL
17.62,7.31,24.88,28.42,-0.0077,1.35,0.2936,0,MODERATE
14.96,5.72,17.02,45.24,0.0221,0.9,0.4949,0,CRITICAL
54.44,32.21,72.24,26.65,0.0668,1.06,0.9603,1,CRITICAL
15.04,0.75,25.66,30.11,0.005,1.3,0.1783,0,MODERATE
45.81,35.57,49.64,27.76,0.0299,1.1,0.8009,1,CRITICAL
27.61,26.86,38.23,19.82,0.021,1.78,0.116,0,LOW
57.3,52.55,74.91,36.0,0.0684,0.79,0.9776,1,CRITICAL
62.81,54.81,70.0,33.26,0.1323,0.81,0.991,1,CRITICAL
62.27,39.77,53.37,33.54,0.0544,0.8,0.9748,1,CRITICAL
66.37,46.15,62.53,21.63,0.0444,1.17,0.9096,1,CRITICAL
54.43,40.69,102.45,37.82,0.139,0.77,0.9977,1,CRITICAL
67.67,36.69,66.26,18.19,0.0281,1.37,0.8712,1,CRITICAL
53.73,60.5,84.75,32.11,0.0499,0.9,0.971,1,CRITICAL
39.6,22.43,56.86,43.33,0.0449,0.78,0.9607,1,CRITICAL
14.47,17.73,28.03,21.07,0.0095,1.86,0.0325,0,LOW
75.97,45.53,67.22,24.04,0.0424,0.96,0.9653,1,CRITICAL
84.08,48.05,72.71,28.7,0.064,0.76,0.995,1,CRITICAL
39.91,32.13,47.4,24.48,0.0323,1.31,0.7004,1,HIGH
37.69,29.18,38.65,17.15,-0.0402,1.89,0.0851,0,LOW
15.66,23.75,36.57,28.48,-0.0069,1.37,0.1763,0,MODERATE
39.68,17.28,53.18,20.56,0.0261,1.56,0.4393,0,MODERATE
48.39,31.66,44.32,31.32,0.0277,0.96,0.9446,1,CRITICAL
26.64,26.55,39.5,21.56,0.0241,1.65,0.2285,0,LOW
26.85,4.53,31.72,38.85,0.023,0.94,0.6763,1,CRITICAL
47.99,40.34,44.25,22.52,0.0551,1.33,0.7784,1,CRITICAL
43.3,30.92,42.63,25.75,0.0164,1.21,0.4778,0,MODERATE
28.46,20.17,56.63,33.69,-0.0276,1.06,0.628,1,HIGH
75.13,31.9,66.79,19.38,0.0356,1.2,0.9552,1,CRITICAL
10.18,2.29,13.22,29.59,0.0129,1.37,0.1158,0,MODERATE
73.6,33.58,65.39,37.15,0.0884,0.67,0.9964,1,CRITICAL
29.06,19.05,26.87,16.75,0.0407,2.08,0.0488,0,LOW
45.3,19.06,48.04,29.29,0.0289,1.05,0.8238,1,CRITICAL
53.54,38.42,45.22,29.82,0.0491,0.97,0.9264,1,CRITICAL
46.45,48.06,62.67,33.47,0.0374,0.92,0.8915,1,CRITICAL
43.74,29.49,38.83,19.34,0.011,1.6,0.266,0,MODERATE
40.62,28.14,46.17,18.76,0.0407,1.69,0.237,0,LOW
45.67,32.5,38.54,31.65,0.0205,0.98,0.7797,1,CRITICAL
63.5,62.26,108.36,30.08,0.0692,0.88,0.9946,1,CRITICAL
62.54,28.23,59.12,29.75,0.0432,0.89,0.9636,1,CRITICAL
24.13,39.03,45.21,30.43,0.0182,1.2,0.509,1,HIGH
75.05,52.37,82.0,23.24,-0.0489,1.0,0.9835,1,CRITICAL
23.09,15.5,37.23,29.63,0.0337,1.24,0.408,0,MODERATE
68.96,44.73,81.52,30.05,0.0641,0.84,0.9857,1,CRITICAL
58.35,21.6,48.27,23.0,-0.0317,1.18,0.8307,1,CRITICAL
22.49,41.23,35.01,41.06,0.0154,0.92,0.6358,1,CRITICAL
68.98,35.93,59.82,31.32,0.0538,0.81,0.9867,1,CRITICAL
58.49,43.53,69.91,19.66,0.0486,1.38,0.8559,1,CRITICAL
54.11,61.48,90.44,32.6,-0.0887,0.88,0.9901,1,CRITICAL
33.77,24.92,61.78,21.18,0.0676,1.59,0.3867,0,MODERATE
51.31,36.69,42.88,33.51,0.0329,0.88,0.9363,1,CRITICAL
28.99,11.99,30.12,36.11,0.0796,0.99,0.7646,1,CRITICAL
47.12,44.99,44.49,22.26,0.0208,1.35,0.671,1,HIGH
23.16,9.16,20.48,34.74,0.0056,1.07,0.4329,0,HIGH
78.78,49.12,64.57,30.89,0.0743,0.74,0.9899,1,CRITICAL
47.5,2.21,45.29,33.75,0.0272,0.91,0.9097,1,CRITICAL
40.7,51.32,105.12,41.28,0.0597,0.8,0.9848,1,CRITICAL
57.99,32.47,59.01,26.28,0.0686,1.05,0.9694,1,CRITICAL
80.57,27.12,79.04,22.72,0.0718,0.97,0.9887,1,CRITICAL
32.41,27.3,35.48,21.77,0.01,1.56,0.2101,0,LOW
58.18,40.83,62.83,22.29,0.0497,1.22,0.9178,1,CRITICAL
51.33,42.98,88.14,27.46,0.0693,1.06,0.9706,1,CRITICAL
46.3,30.06,50.36,30.39,0.059,1.01,0.92,1,CRITICAL
11.91,14.39,10.53,29.94,0.013,1.34,0.1088,0,MODERATE
59.03,13.42,57.41,33.79,0.0564,0.82,0.9815,1,CRITICAL
65.28,62.94,126.12,28.09,0.0986,0.92,0.9974,1,CRITICAL
72.49,35.86,65.34,38.17,0.0778,0.66,0.9948,1,CRITICAL
63.62,38.88,64.41,26.15,-0.0513,1.0,0.9512,1,CRITICAL
40.31,19.78,33.94,47.04,0.0333,0.73,0.8807,1,CRITICAL
28.72,24.05,25.26,32.38,0.0176,1.09,0.6252,1,HIGH
12.66,29.54,41.28,22.0,0.0871,1.81,0.2045,0,LOW
63.58,40.7,56.22,20.5,0.0306,1.26,0.8592,1,CRITICAL
50.45,13.6,45.83,31.38,0.0256,0.95,0.8762,1,CRITICAL
47.19,28.51,45.1,26.44,0.0405,1.14,0.6993,1,HIGH
30.76,42.25,75.54,33.0,0.0292,1.06,0.7935,1,CRITICAL
17.45,23.79,15.28,31.31,-0.0142,1.23,0.1643,0,MODERATE
84.55,57.7,93.26,27.49,0.0738,0.78,0.9974,1,CRITICAL
75.46,33.29,66.63,22.07,0.0515,1.05,0.9831,1,CRITICAL
78.13,63.07,90.91,17.4,0.0844,1.29,0.9738,1,CRITICAL
79.61,87.03,135.66,24.87,0.1088,0.9,0.9988,1,CRITICAL
50.09,19.69,46.5,33.99,0.03,0.88,0.9368,1,CRITICAL
37.69,15.85,32.23,29.5,0.0651,1.11,0.8033,1,CRITICAL
39.63,17.11,34.04,19.28,0.0142,1.66,0.1752,0,LOW
33.59,41.19,48.2,29.21,0.0244,1.16,0.6365,1,HIGH
35.3,20.39,30.59,30.7,0.0214,1.09,0.6967,1,HIGH
56.12,36.92,49.42,21.81,0.0904,1.27,0.9209,1,CRITICAL
26.26,9.73,24.43,29.08,0.0073,1.24,0.3102,0,MODERATE
50.8,31.69,47.23,28.41,0.0406,1.03,0.9211,1,CRITICAL
21.57,24.08,18.42,20.0,-0.0094,1.85,0.0457,0,LOW
47.18,36.52,66.89,30.5,0.0333,1.0,0.8598,1,CRITICAL
49.36,42.55,69.0,31.93,-0.0773,0.94,0.9727,1,CRITICAL
76.56,27.91,69.23,35.58,-0.0762,0.67,0.9971,1,CRITICAL
24.66,12.7,33.93,35.38,0.0309,1.04,0.497,0,HIGH
33.49,21.98,42.2,18.36,0.0128,1.83,0.0521,0,LOW
36.22,19.23,49.73,21.44,0.0344,1.54,0.3067,0,MODERATE
62.93,50.04,61.37,31.61,0.0671,0.84,0.9812,1,CRITICAL
25.95,10.5,31.47,31.6,0.0171,1.14,0.5485,1,HIGH
37.67,34.93,45.1,31.61,0.0306,1.04,0.7109,1,HIGH
67.83,45.36,72.48,54.97,0.1436,0.56,0.999,1,CRITICAL
61.66,33.74,55.71,32.0,0.0648,0.84,0.9413,1,CRITICAL
28.46,32.13,28.78,35.95,0.0186,1.0,0.6188,1,HIGH
40.48,0.0,37.1,34.68,-0.0337,0.94,0.81,1,CRITICAL
54.0,31.12,55.14,32.56,0.0553,0.89,0.9787,1,CRITICAL
78.22,30.76,69.28,25.79,-0.047,0.88,0.9752,1,CRITICAL
71.32,21.61,68.71,33.31,0.0677,0.75,0.9921,1,CRITICAL
60.16,21.62,55.94,22.59,0.0879,1.19,0.9037,1,CRITICAL
33.9,32.75,54.3,26.34,0.0603,1.28,0.6684,1,HIGH
30.58,8.11,25.6,24.6,0.0332,1.41,0.2112,0,MODERATE
25.24,28.72,32.93,28.57,-0.0096,1.27,0.5141,1,HIGH
21.96,16.12,30.43,44.2,0.0867,0.87,0.8431,1,CRITICAL
38.39,19.54,37.97,14.93,0.0214,2.16,0.0454,0,LOW
32.08,17.11,33.86,32.8,0.0157,1.05,0.6077,1,HIGH
29.45,27.64,47.71,16.71,0.0247,2.08,0.0373,0,LOW
23.23,9.93,23.53,24.7,-0.0336,1.49,0.2698,0,MODERATE
30.21,24.45,54.94,35.62,0.0215,0.99,0.7858,1,CRITICAL
94.09,75.46,109.27,28.45,0.1347,0.69,0.9998,1,CRITICAL
62.13,33.05,65.48,20.46,0.0657,1.28,0.8851,1,CRITICAL
18.73,18.49,37.21,22.99,0.0055,1.65,0.1229,0,LOW
67.45,45.21,68.2,32.76,0.0848,0.78,0.9945,1,CRITICAL
33.15,25.81,37.7,22.89,0.0535,1.48,0.4132,0,MODERATE
20.99,31.76,67.82,29.52,0.0146,1.27,0.5287,1,HIGH
11.73,16.17,14.36,28.32,0.0068,1.42,0.1013,0,MODERATE
72.92,41.89,60.85,23.44,0.0417,1.02,0.9426,1,CRITICAL
67.03,37.01,58.71,43.01,0.0629,0.63,0.9912,1,CRITICAL
38.54,22.77,45.13,32.44,0.0402,1.01,0.7949,1,CRITICAL
72.53,32.59,61.09,13.82,0.0271,1.71,0.6688,1,HIGH
15.16,26.81,48.05,29.31,0.0542,1.34,0.4933,0,MODERATE
49.34,16.13,47.41,23.37,0.0977,1.26,0.8332,1,CRITICAL
46.32,38.91,65.51,33.97,0.0401,0.91,0.9205,1,CRITICAL
46.21,33.68,41.27,22.45,0.0249,1.35,0.5129,1,HIGH
33.31,28.13,32.28,27.2,0.022,1.25,0.4053,0,MODERATE
79.35,34.83,64.4,31.53,0.0667,0.73,0.9924,1,CRITICAL
29.09,27.29,27.74,34.06,0.0162,1.04,0.5674,1,HIGH
80.78,63.9,74.73,19.6,0.0422,1.12,0.9784,1,CRITICAL
74.89,59.08,103.73,25.66,0.0673,0.92,0.9943,1,CRITICAL
45.4,33.14,43.71,24.68,0.018,1.24,0.6632,1,HIGH
14.95,0.0,27.27,23.43,0.0379,1.67,0.1187,0,LOW
34.08,8.8,35.64,40.36,-0.0213,0.86,0.8978,1,CRITICAL
31.71,16.56,26.09,30.83,-0.0097,1.12,0.4972,0,HIGH
37.32,14.15,40.36,19.17,0.0243,1.7,0.2776,0,MODERATE
49.27,44.65,40.44,34.43,0.024,0.88,0.919,1,CRITICAL
24.98,37.33,52.26,42.86,0.0197,0.88,0.854,1,CRITICAL
22.23,32.92,38.76,35.23,0.0247,1.06,0.6036,1,HIGH
39.38,22.9,38.65,17.36,0.0222,1.84,0.1116,0,LOW
35.01,15.97,43.34,24.61,0.0131,1.36,0.435,0,MODERATE
52.23,20.95,43.56,36.87,0.0372,0.81,0.9451,1,CRITICAL
10.11,18.31,26.28,23.05,0.0106,1.76,0.049,0,LOW
36.49,26.71,55.15,31.11,0.0327,1.07,0.7258,1,HIGH
59.3,50.7,73.31,33.42,0.0685,0.83,0.9896,1,CRITICAL
26.53,22.86,26.24,21.51,0.01,1.66,0.1022,0,LOW
62.65,32.88,54.71,27.58,-0.04,0.96,0.9628,1,CRITICAL
59.44,16.91,58.61,12.0,0.0375,2.23,0.1838,0,LOW
61.71,77.68,100.89,20.83,0.0816,1.27,0.9698,1,CRITICAL
69.74,54.14,93.78,26.23,0.0905,0.94,0.9936,1,CRITICAL
58.16,59.02,53.21,19.27,-0.0296,1.41,0.77,1,CRITICAL
44.39,41.45,58.21,39.43,0.045,0.81,0.9707,1,CRITICAL
28.94,34.67,61.29,17.99,0.0219,1.94,0.0529,0,LOW
10.27,12.13,12.75,24.92,0.0315,1.63,0.0767,0,LOW
72.97,30.8,84.99,28.92,0.0873,0.83,0.995,1,CRITICAL
45.67,34.99,41.21,38.09,-0.0295,0.83,0.8958,1,CRITICAL
66.62,61.43,59.6,17.95,0.0264,1.4,0.6515,1,HIGH
40.4,0.49,35.64,36.14,0.0245,0.9,0.851,1,CRITICAL
68.83,36.53,65.67,28.07,0.0474,0.89,0.9776,1,CRITICAL
40.28,34.96,60.03,21.13,0.0622,1.51,0.556,1,HIGH
41.51,35.43,44.47,31.23,0.0239,1.02,0.7923,1,CRITICAL
38.94,40.93,33.13,29.39,0.0156,1.11,0.6069,1,HIGH
44.89,27.99,40.27,23.8,0.0488,1.29,0.5694,1,HIGH
30.05,43.29,36.45,28.49,0.0118,1.22,0.4445,0,MODERATE
37.49,27.57,43.12,25.3,0.0182,1.29,0.5686,1,HIGH
46.73,34.69,50.29,28.79,0.0312,1.06,0.8123,1,CRITICAL
58.73,32.19,48.18,32.63,0.0443,0.85,0.9614,1,CRITICAL
82.8,64.56,87.26,39.1,0.1001,0.59,0.999,1,CRITICAL
30.83,32.19,60.69,19.34,0.0223,1.78,0.2364,0,LOW
23.35,25.82,29.4,42.93,0.0131,0.88,0.6203,1,CRITICAL
14.83,6.23,30.89,14.34,-0.015,2.73,0.0025,0,LOW
33.98,35.55,63.99,26.94,0.0274,1.25,0.6221,1,HIGH
40.86,22.51,48.13,32.12,0.0494,1.0,0.9289,1,CRITICAL
51.28,35.59,57.85,29.97,0.0377,0.98,0.9042,1,CRITICAL
57.83,36.1,65.44,23.64,0.0386,1.16,0.8788,1,CRITICAL
38.12,32.34,35.03,26.54,-0.0253,1.23,0.562,1,HIGH
56.04,25.98,57.94,24.55,-0.0285,1.14,0.8372,1,CRITICAL
55.94,26.15,72.45,23.87,0.0348,1.17,0.8491,1,CRITICAL
31.86,4.88,30.76,33.95,0.0345,1.02,0.7454,1,HIGH
31.46,45.51,59.28,30.5,0.0237,1.13,0.4233,0,HIGH
13.54,5.52,25.36,23.15,-0.02,1.71,0.0462,0,LOW
56.44,36.02,53.41,34.3,0.036,0.83,0.929,1,CRITICAL
46.86,28.33,52.12,30.15,0.0504,1.01,0.9053,1,CRITICAL
53.93,38.75,50.85,33.69,0.0974,0.86,0.9562,1,CRITICAL
37.73,32.19,57.49,32.41,0.0305,1.02,0.8463,1,CRITICAL
48.94,57.06,49.02,22.2,-0.0283,1.33,0.7244,1,HIGH
50.13,63.87,74.82,24.08,0.0389,1.22,0.7812,1,CRITICAL
45.21,24.97,46.86,33.23,0.0572,0.94,0.9217,1,CRITICAL
43.06,25.87,50.65,32.27,0.0236,0.98,0.8613,1,CRITICAL
65.92,100.0,144.15,27.85,0.1041,0.92,0.9983,1,CRITICAL
55.75,17.4,46.99,28.82,-0.041,0.98,0.8742,1,CRITICAL
28.9,25.33,43.14,36.94,0.0226,0.97,0.5796,1,CRITICAL
23.88,13.03,21.34,23.86,0.0078,1.53,0.191,0,LOW
33.76,32.61,54.39,31.83,0.0236,1.07,0.6668,1,HIGH
31.46,5.88,38.78,26.58,0.035,1.29,0.4577,0,MODERATE
45.81,52.01,78.4,26.48,0.0327,1.15,0.8885,1,CRITICAL
13.49,14.86,40.93,35.69,0.019,1.12,0.3001,0,HIGH
34.06,31.41,28.42,33.78,0.0164,1.01,0.6224,1,HIGH
44.28,8.02,37.64,33.69,0.0233,0.93,0.8742,1,CRITICAL
46.59,31.23,51.06,37.14,0.04,0.84,0.8901,1,CRITICAL
57.09,11.81,56.63,28.15,0.0646,0.99,0.9476,1,CRITICAL
22.68,0.0,20.92,32.77,0.0196,1.13,0.3062,0,HIGH
42.79,13.39,36.31,25.83,0.0367,1.21,0.6265,1,HIGH
24.66,12.33,32.18,30.27,0.0218,1.2,0.521,1,HIGH
56.95,42.44,46.31,27.09,-0.0418,1.03,0.9439,1,CRITICAL
29.32,32.29,54.5,28.68,-0.0238,1.22,0.5872,1,HIGH
40.49,47.17,57.08,32.17,0.0638,1.0,0.9221,1,CRITICAL
38.54,28.55,53.92,22.27,-0.0259,1.45,0.5188,1,HIGH
60.37,35.18,48.54,42.65,0.0537,0.67,0.9773,1,CRITICAL
25.74,5.54,21.32,20.96,0.015,1.71,0.0906,0,LOW
18.93,8.34,27.12,19.5,0.009,1.94,0.0189,0,LOW
42.68,48.98,111.99,36.11,0.0615,0.89,0.9683,1,CRITICAL
34.18,23.53,33.63,33.54,-0.014,1.01,0.6509,1,HIGH
51.55,31.16,47.57,32.37,0.0455,0.91,0.9025,1,CRITICAL
83.12,48.97,68.66,32.4,0.0667,0.69,0.994,1,CRITICAL
49.18,35.85,56.17,27.91,0.0331,1.07,0.8357,1,CRITICAL
49.57,53.42,55.26,21.72,0.0577,1.35,0.8491,1,CRITICAL
14.73,9.79,13.39,28.53,0.0144,1.38,0.2068,0,MODERATE
77.21,52.65,71.22,23.26,0.0442,0.98,0.9805,1,CRITICAL
36.53,24.19,45.73,34.83,0.0435,0.96,0.8678,1,CRITICAL
56.95,24.38,55.77,26.97,0.033,1.03,0.8965,1,CRITICAL
24.38,28.98,36.33,22.22,0.0186,1.63,0.0725,0,LOW
17.89,22.94,39.73,25.75,0.0168,1.49,0.1291,0,LOW
39.44,37.67,48.92,30.89,0.0239,1.05,0.7509,1,CRITICAL
31.43,27.23,39.51,24.05,0.0118,1.43,0.306,0,MODERATE
32.42,24.92,54.75,22.24,0.0167,1.53,0.3021,0,MODERATE
44.04,52.66,69.86,29.71,0.032,1.05,0.8645,1,CRITICAL
73.28,30.89,66.01,29.71,0.0527,0.81,0.9852,1,CRITICAL
36.16,25.32,31.78,24.45,-0.0981,1.35,0.7521,1,CRITICAL
70.57,62.02,82.0,24.7,0.0554,0.99,0.9711,1,CRITICAL
82.27,37.81,69.43,29.62,0.0863,0.75,0.9974,1,CRITICAL
32.66,51.04,65.8,17.86,0.0247,1.9,0.1252,0,LOW
34.8,20.89,28.18,18.15,-0.0224,1.83,0.1947,0,LOW
36.5,48.92,67.33,22.97,0.0214,1.43,0.4846,0,MODERATE
43.65,20.59,48.27,26.51,0.0234,1.17,0.6882,1,HIGH
62.01,45.32,71.96,30.18,0.0556,0.89,0.9728,1,CRITICAL
36.87,8.19,37.12,38.33,0.0494,0.88,0.852,1,CRITICAL
60.9,89.48,120.62,34.0,0.0839,0.8,0.9965,1,CRITICAL
65.09,13.43,55.94,26.88,0.0432,0.96,0.9583,1,CRITICAL
36.68,16.82,33.95,27.87,-0.0124,1.19,0.6128,1,HIGH
65.11,22.41,52.88,20.98,0.0332,1.22,0.8976,1,CRITICAL
36.16,49.5,71.25,27.87,0.0388,1.19,0.7796,1,CRITICAL
77.87,62.09,71.43,25.98,0.0686,0.88,0.9924,1,CRITICAL
61.97,46.4,66.43,30.26,0.0438,0.88,0.9804,1,CRITICAL
83.43,80.12,84.19,22.21,0.0547,0.97,0.9926,1,CRITICAL
63.33,35.3,81.8,31.64,0.0641,0.84,0.9883,1,CRITICAL
26.62,9.61,37.7,38.73,0.1064,0.94,0.9169,1,CRITICAL
89.41,41.42,83.91,27.24,0.0747,0.75,0.9965,1,CRITICAL
63.18,42.69,69.13,30.81,0.0532,0.86,0.9913,1,CRITICAL
69.09,35.41,76.13,32.83,-0.0661,0.77,0.993,1,CRITICAL
30.58,9.01,27.55,25.19,0.0083,1.37,0.3183,0,MODERATE
25.21,19.35,21.91,29.57,0.0278,1.23,0.3755,0,MODERATE
54.93,14.67,45.11,28.09,0.0276,1.01,0.7749,1,CRITICAL
15.18,0.17,19.17,28.68,0.021,1.37,0.1541,0,MODERATE
56.14,29.16,55.25,22.59,0.033,1.23,0.8371,1,CRITICAL
33.45,21.62,41.1,28.17,-0.0271,1.2,0.5093,1,HIGH
54.74,64.92,91.36,31.49,-0.0533,0.91,0.968,1,CRITICAL
47.35,17.34,43.9,38.16,0.0595,0.81,0.9436,1,CRITICAL
51.11,30.21,62.35,34.71,0.0411,0.86,0.9617,1,CRITICAL
34.48,29.19,38.95,43.07,-0.0359,0.81,0.9081,1,CRITICAL
68.3,43.04,58.37,22.63,0.0541,1.1,0.9569,1,CRITICAL
79.28,60.94,77.75,34.11,0.0817,0.68,0.9965,1,CRITICAL
26.37,48.1,72.34,29.28,0.0248,1.23,0.5794,1,HIGH
61.82,32.17,51.45,43.33,-0.1031,0.65,0.9939,1,CRITICAL
13.22,18.47,21.2,22.34,0.007,1.77,0.0381,0,LOW
46.46,20.11,37.97,22.12,0.0575,1.37,0.7195,1,HIGH
51.35,25.39,46.89,23.8,0.0217,1.22,0.715,1,HIGH
26.46,3.68,35.71,13.13,0.0115,2.71,0.0042,0,LOW
39.82,44.6,59.45,24.32,0.0214,1.32,0.6443,1,HIGH
71.7,48.33,77.02,22.69,0.0418,1.06,0.9654,1,CRITICAL
75.08,49.4,69.39,29.05,0.055,0.81,0.9817,1,CRITICAL
33.91,9.71,63.12,30.39,0.0231,1.12,0.6589,1,HIGH
22.03,13.35,23.04,41.13,0.0714,0.93,0.8508,1,CRITICAL
37.65,22.13,51.15,34.65,0.0438,0.96,0.7758,1,CRITICAL
56.62,47.97,54.93,23.96,0.0249,1.16,0.8993,1,CRITICAL
45.89,48.77,71.05,21.71,0.0274,1.4,0.5366,1,HIGH
40.36,36.08,56.24,31.44,0.0404,1.03,0.8142,1,CRITICAL
29.51,30.7,58.37,18.76,0.0184,1.85,0.1104,0,LOW
28.5,19.82,26.42,40.82,0.037,0.89,0.8467,1,CRITICAL
58.42,28.69,63.28,36.26,0.0552,0.78,0.9789,1,CRITICAL
38.0,29.31,50.52,24.72,0.0317,1.32,0.5726,1,HIGH
48.81,29.85,59.39,16.01,0.0291,1.84,0.2363,0,LOW
10.1,33.82,18.6,37.48,0.0176,1.1,0.3141,0,HIGH
34.92,31.56,28.11,27.2,-0.0128,1.23,0.4046,0,MODERATE
77.93,50.76,66.89,36.66,-0.0707,0.65,0.9956,1,CRITICAL
72.67,23.49,63.99,16.84,-0.0269,1.4,0.8442,1,CRITICAL
34.71,42.5,56.43,23.8,0.0288,1.4,0.5625,1,HIGH
35.71,35.56,56.14,28.04,-0.028,1.19,0.7361,1,HIGH
19.06,22.38,16.91,28.33,0.0245,1.34,0.1648,0,MODERATE
62.83,60.31,95.15,24.85,0.053,1.06,0.9672,1,CRITICAL
19.83,11.26,18.89,32.36,0.0127,1.17,0.2486,0,HIGH
38.71,25.73,38.99,20.53,0.0133,1.57,0.2789,0,MODERATE
52.74,9.44,45.83,27.0,0.036,1.07,0.9012,1,CRITICAL
14.38,16.95,41.03,28.84,0.0339,1.37,0.2808,0,MODERATE
38.84,34.83,51.83,31.6,0.043,1.03,0.7057,1,HIGH
87.97,57.54,76.92,32.98,0.1177,0.64,0.9993,1,CRITICAL
30.36,19.37,41.47,20.13,0.0619,1.72,0.184,0,LOW
36.85,19.12,32.54,17.26,0.0291,1.89,0.0901,0,LOW
52.57,13.56,49.28,36.94,0.037,0.8,0.9517,1,CRITICAL
46.6,41.22,44.38,30.33,0.0246,1.01,0.8278,1,CRITICAL
81.9,52.9,69.6,22.76,0.0522,0.96,0.9903,1,CRITICAL
67.08,57.53,85.01,38.86,0.1503,0.68,0.9984,1,CRITICAL
59.06,42.64,64.29,28.81,0.0444,0.95,0.9401,1,CRITICAL
16.66,26.48,18.25,36.26,0.007,1.08,0.2892,0,HIGH
37.79,12.58,34.39,28.47,0.0557,1.15,0.804,1,CRITICAL
68.71,24.01,55.24,42.43,0.061,0.63,0.9932,1,CRITICAL
42.11,34.66,40.07,40.29,-0.0403,0.81,0.9107,1,CRITICAL
31.06,31.58,36.07,26.26,0.0331,1.31,0.5761,1,HIGH
41.78,11.05,38.31,34.8,0.0464,0.92,0.9142,1,CRITICAL
49.82,29.45,57.94,32.52,0.0571,0.92,0.9592,1,CRITICAL
26.41,34.34,29.09,37.58,0.0368,0.97,0.5854,1,CRITICAL
55.22,34.05,49.88,21.25,0.036,1.32,0.8146,1,CRITICAL
19.27,42.3,57.38,32.8,-0.0198,1.16,0.4836,0,HIGH
28.52,4.84,27.39,35.41,0.0257,1.01,0.5864,1,HIGH
32.69,26.83,33.77,15.69,0.033,2.16,0.0341,0,LOW
67.31,22.45,61.07,19.72,0.0335,1.27,0.8839,1,CRITICAL
31.83,0.0,29.61,13.73,0.0096,2.48,0.0069,0,LOW
27.2,22.53,25.44,26.11,0.0123,1.36,0.2673,0,MODERATE
37.37,35.52,35.29,33.02,0.0265,1.0,0.7354,1,HIGH
34.65,32.06,57.67,38.52,0.0265,0.89,0.863,1,CRITICAL
80.14,46.12,85.97,28.52,0.0881,0.79,0.9974,1,CRITICAL
35.15,44.26,45.26,39.4,0.0231,0.87,0.8119,1,CRITICAL
81.46,42.65,74.33,18.34,0.0392,1.18,0.9582,1,CRITICAL
38.75,24.32,41.63,16.08,-0.0119,2.0,0.0394,0,LOW
68.18,52.46,59.21,27.61,-0.0501,0.91,0.9804,1,CRITICAL
28.62,10.9,24.06,30.69,0.0121,1.15,0.4325,0,HIGH
76.49,33.8,67.23,27.77,0.0545,0.84,0.9882,1,CRITICAL
47.7,37.21,48.43,13.53,0.0507,2.2,0.1717,0,LOW
24.2,5.03,20.24,27.38,0.0326,1.33,0.2157,0,MODERATE
76.38,36.05,62.49,18.87,0.0587,1.21,0.9607,1,CRITICAL
30.63,4.26,29.08,32.69,0.0226,1.07,0.5031,1,HIGH
44.82,27.49,42.72,30.57,0.0497,1.02,0.8931,1,CRITICAL
59.28,33.64,54.92,21.42,0.0459,1.26,0.7477,1,HIGH
24.44,22.54,21.43,24.4,0.0502,1.49,0.3147,0,MODERATE
11.37,16.33,12.93,20.59,0.002,1.95,0.0181,0,LOW
74.74,44.12,64.34,27.56,0.0446,0.86,0.9779,1,CRITICAL
35.12,21.43,29.15,34.69,-0.0147,0.98,0.6798,1,CRITICAL
17.69,11.31,20.07,21.1,0.0422,1.81,0.049,0,LOW
52.66,32.05,43.25,31.53,0.0379,0.92,0.9275,1,CRITICAL
39.11,18.59,49.52,24.29,-0.024,1.33,0.6262,1,HIGH
40.75,0.46,39.92,22.45,0.023,1.41,0.371,0,MODERATE
41.64,35.17,39.25,27.25,0.0414,1.16,0.6446,1,HIGH
71.11,42.09,58.92,20.75,0.0687,1.16,0.9735,1,CRITICAL
56.91,28.36,49.38,24.12,0.0422,1.15,0.9343,1,CRITICAL
21.31,23.36,21.02,19.61,0.0243,1.89,0.0527,0,LOW
15.84,38.21,75.87,41.75,0.0225,0.96,0.7583,1,CRITICAL
69.79,42.68,82.89,28.25,0.0639,0.88,0.9878,1,CRITICAL
94.44,37.03,75.79,23.1,0.0876,0.83,0.9978,1,CRITICAL
49.07,37.86,53.65,29.5,0.049,1.01,0.9194,1,CRITICAL
43.68,7.8,39.37,27.21,0.0329,1.14,0.7311,1,HIGH
51.37,17.98,42.75,26.45,0.0204,1.1,0.8661,1,CRITICAL
50.77,38.27,58.96,32.3,-0.0328,0.92,0.9297,1,CRITICAL
43.74,10.23,37.11,33.3,0.0201,0.95,0.8282,1,CRITICAL
59.28,27.13,56.22,24.29,0.04,1.11,0.9051,1,CRITICAL
45.3,8.63,51.24,23.97,0.0301,1.28,0.6898,1,HIGH
23.63,24.68,31.03,26.07,0.0493,1.4,0.4524,0,MODERATE
66.18,59.09,109.95,12.0,-0.0469,2.09,0.5918,1,HIGH
36.8,20.54,52.55,17.39,0.0164,1.88,0.1398,0,LOW
47.24,23.12,60.12,37.57,0.0382,0.83,0.9456,1,CRITICAL
67.0,31.93,60.19,39.51,0.0815,0.67,0.9924,1,CRITICAL
63.06,14.55,50.58,26.26,0.0371,1.0,0.9019,1,CRITICAL
72.03,65.93,77.51,32.04,0.0755,0.77,0.9965,1,CRITICAL
63.92,80.86,174.51,30.18,0.1247,0.87,0.9994,1,CRITICAL
64.27,31.03,59.23,49.55,-0.0646,0.59,0.9949,1,CRITICAL
41.74,59.22,96.91,35.84,0.0492,0.9,0.943,1,CRITICAL
25.86,6.04,22.98,27.1,0.0125,1.33,0.3632,0,MODERATE
16.79,13.35,18.71,21.31,0.009,1.81,0.0686,0,LOW
60.83,22.89,51.47,16.75,0.0343,1.58,0.7137,1,HIGH
55.05,47.53,53.71,29.42,0.044,0.96,0.9625,1,CRITICAL
21.54,13.5,41.15,22.71,0.0588,1.64,0.2857,0,MODERATE
42.89,0.82,40.56,18.04,0.0398,1.72,0.2396,0,LOW
25.18,20.4,55.65,23.47,0.0213,1.54,0.2914,0,MODERATE
72.59,45.79,69.87,20.43,0.0449,1.16,0.9382,1,CRITICAL
52.56,29.69,51.44,39.81,0.0527,0.75,0.9606,1,CRITICAL
72.24,56.12,80.99,34.17,0.0685,0.72,0.9952,1,CRITICAL
62.95,36.19,51.96,27.94,0.1673,0.94,0.9949,1,CRITICAL
12.62,13.07,32.39,38.36,0.0162,1.05,0.4307,0,HIGH
78.17,35.14,66.71,28.54,0.0857,0.8,0.9902,1,CRITICAL
19.81,8.62,20.79,21.97,0.0543,1.71,0.1159,0,LOW
56.02,53.97,58.54,38.66,0.0553,0.75,0.9807,1,CRITICAL
64.92,58.97,86.76,31.77,0.0613,0.82,0.9917,1,CRITICAL
64.58,57.69,64.62,20.74,0.0416,1.24,0.9286,1,CRITICAL
21.93,28.36,33.25,26.67,0.0201,1.39,0.2613,0,MODERATE
70.14,46.52,78.59,21.87,0.0635,1.12,0.9696,1,CRITICAL
49.13,16.09,43.81,18.32,0.0139,1.61,0.3991,0,MODERATE
43.77,38.83,61.36,34.48,0.0403,0.92,0.9068,1,CRITICAL
33.42,20.3,34.85,41.37,0.0545,0.85,0.9026,1,CRITICAL
63.65,31.35,53.81,18.21,-0.092,1.42,0.9196,1,CRITICAL
72.94,36.8,64.81,31.94,0.0535,0.76,0.9893,1,CRITICAL
29.48,0.0,27.82,23.45,-0.0371,1.49,0.2294,0,LOW
51.66,39.74,45.23,24.59,-0.0215,1.18,0.8301,1,CRITICAL
68.22,35.23,59.56,23.85,0.0599,1.05,0.9716,1,CRITICAL
21.69,0.0,20.35,21.95,0.0081,1.69,0.1296,0,LOW
66.54,46.67,69.76,28.34,0.092,0.9,0.9912,1,CRITICAL
72.94,34.26,71.36,22.18,0.0563,1.07,0.9792,1,CRITICAL
40.58,34.51,48.14,29.89,0.0271,1.07,0.6727,1,HIGH
82.4,52.16,72.24,27.65,0.0598,0.8,0.9945,1,CRITICAL
70.54,57.27,78.46,26.33,0.0526,0.93,0.9816,1,CRITICAL
37.38,17.58,31.98,21.65,0.0258,1.51,0.3803,0,MODERATE
28.53,17.18,35.52,23.96,0.042,1.47,0.3618,0,MODERATE
26.68,9.45,26.18,33.29,0.0288,1.08,0.6309,1,HIGH
69.77,33.01,67.06,31.51,-0.0761,0.8,0.9957,1,CRITICAL
75.34,39.51,66.14,21.16,0.0579,1.1,0.9641,1,CRITICAL
44.49,33.33,59.04,28.7,0.0832,1.08,0.9474,1,CRITICAL
34.72,28.38,61.06,33.26,0.0448,1.02,0.8738,1,CRITICAL
53.82,26.61,63.41,16.31,0.0221,1.73,0.6011,1,HIGH
70.26,34.37,59.1,31.8,-0.0675,0.79,0.9911,1,CRITICAL
58.98,26.86,52.0,23.36,0.0297,1.16,0.8884,1,CRITICAL
92.19,55.5,111.52,31.99,0.1917,0.63,0.9999,1,CRITICAL
66.14,45.23,61.53,22.66,0.0378,1.12,0.9512,1,CRITICAL
19.96,52.8,58.47,15.37,0.0112,2.44,0.0169,0,LOW
53.91,39.99,50.6,16.61,0.0192,1.7,0.3206,0,MODERATE
66.15,51.84,98.4,28.34,-0.0776,0.91,0.9904,1,CRITICAL
41.15,42.65,71.92,29.82,0.0312,1.07,0.9155,1,CRITICAL
50.2,49.22,56.36,21.67,0.0665,1.35,0.6992,1,HIGH
14.99,0.0,12.12,32.47,0.0072,1.21,0.1882,0,MODERATE
40.57,31.9,40.13,16.37,-0.0141,1.93,0.1089,0,LOW
34.18,23.72,63.67,27.54,0.0207,1.22,0.6311,1,HIGH
37.6,54.36,62.53,19.52,0.0195,1.67,0.423,0,MODERATE
48.3,20.75,41.75,23.44,0.0239,1.27,0.705,1,HIGH
61.79,56.53,57.07,28.33,-0.0402,0.94,0.948,1,CRITICAL
16.47,41.43,40.25,21.98,0.0096,1.76,0.0501,0,LOW
87.44,48.67,82.89,25.31,0.0618,0.82,0.9962,1,CRITICAL
66.61,41.69,81.47,35.04,0.0688,0.74,0.9951,1,CRITICAL
80.86,56.53,90.97,23.96,0.0813,0.92,0.9954,1,CRITICAL
34.12,36.0,63.0,33.85,0.0329,1.01,0.8154,1,CRITICAL
70.49,30.94,58.26,20.09,0.0327,1.21,0.8941,1,CRITICAL
60.66,13.95,50.89,31.71,0.0381,0.86,0.9625,1,CRITICAL
42.84,16.2,35.57,38.09,-0.0315,0.84,0.8901,1,CRITICAL
35.47,30.56,69.44,12.0,-0.0153,2.75,0.0071,0,LOW
28.95,25.21,32.83,22.42,0.022,1.56,0.2647,0,MODERATE
58.36,38.52,47.69,32.04,-0.098,0.87,0.9897,1,CRITICAL
39.13,29.68,37.12,26.58,0.0135,1.22,0.5536,1,HIGH
91.19,51.09,79.45,30.6,0.0767,0.67,0.9985,1,CRITICAL
53.23,31.95,67.46,23.77,0.0314,1.2,0.8019,1,CRITICAL
13.29,20.4,30.58,28.61,0.0128,1.39,0.1919,0,MODERATE
43.48,39.32,52.32,26.91,-0.021,1.16,0.7655,1,CRITICAL
40.17,13.62,32.47,36.17,-0.0255,0.9,0.7979,1,CRITICAL
41.44,42.82,69.39,29.78,0.0682,1.07,0.8937,1,CRITICAL
49.44,24.46,43.19,30.36,0.0218,0.98,0.9174,1,CRITICAL
26.08,38.07,35.74,25.12,0.0146,1.43,0.2696,0,MODERATE
62.85,39.26,51.24,24.59,-0.0479,1.07,0.9118,1,CRITICAL
52.55,32.08,43.32,24.97,0.0215,1.15,0.8323,1,CRITICAL
37.2,0.78,29.91,30.76,0.0126,1.07,0.6379,1,HIGH
57.14,36.67,58.23,25.05,0.0427,1.1,0.9134,1,CRITICAL
43.23,28.14,49.48,30.03,-0.0216,1.05,0.8446,1,CRITICAL
48.83,22.27,39.84,42.53,0.0519,0.74,0.8931,1,CRITICAL
22.67,0.0,23.29,34.1,0.007,1.09,0.2512,0,HIGH
86.1,47.61,97.48,25.72,0.0831,0.82,0.9986,1,CRITICAL
23.52,11.57,20.42,36.41,0.026,1.02,0.5141,1,HIGH
34.03,29.67,30.88,25.14,0.013,1.34,0.3258,0,MODERATE
21.11,9.2,25.18,13.73,0.0041,2.71,0.0012,0,LOW
33.47,28.69,54.48,20.94,0.0156,1.61,0.2707,0,MODERATE
51.56,45.21,45.66,14.9,0.0406,1.93,0.2726,0,MODERATE
11.77,55.38,97.25,25.54,0.0281,1.57,0.4083,0,MODERATE
69.21,35.88,61.95,28.13,0.0435,0.89,0.9787,1,CRITICAL
55.25,29.77,51.53,39.74,0.0566,0.74,0.9713,1,CRITICAL
29.64,1.94,25.66,30.29,0.0262,1.16,0.5324,1,HIGH
23.72,27.36,36.07,26.47,0.0988,1.38,0.6914,1,HIGH
57.97,23.81,50.56,33.81,0.0405,0.83,0.9692,1,CRITICAL
57.41,36.18,60.79,12.52,0.0446,2.17,0.2499,0,LOW
33.87,22.98,30.89,29.65,0.0192,1.14,0.5795,1,HIGH
36.71,41.46,36.73,33.4,0.0492,1.0,0.7813,1,CRITICAL
15.49,11.74,41.53,17.65,0.0052,2.2,0.0088,0,LOW
79.81,59.04,83.99,36.01,0.0833,0.65,0.9967,1,CRITICAL
45.2,31.9,38.68,30.37,0.0462,1.02,0.871,1,CRITICAL
53.58,27.76,56.9,25.09,0.0512,1.14,0.9115,1,CRITICAL
16.69,22.92,28.21,32.43,-0.0106,1.2,0.3596,0,MODERATE
33.65,33.44,28.34,43.89,0.0276,0.81,0.8409,1,CRITICAL
17.75,6.51,23.6,29.27,0.0113,1.31,0.2684,0,MODERATE
54.66,31.37,48.26,29.74,0.0263,0.96,0.8997,1,CRITICAL
65.51,41.16,61.85,24.78,0.0339,1.03,0.9585,1,CRITICAL
46.02,40.94,59.33,22.05,-0.0209,1.38,0.5359,1,HIGH
58.31,37.23,49.24,33.81,0.0459,0.83,0.9608,1,CRITICAL
50.05,26.87,42.02,22.01,0.0203,1.33,0.4688,0,MODERATE
63.92,38.64,55.84,28.5,0.0362,0.92,0.9578,1,CRITICAL
66.38,50.13,98.74,24.66,-0.0964,1.03,0.9941,1,CRITICAL
17.2,22.29,34.42,31.35,0.0081,1.23,0.2801,0,MODERATE
37.4,13.36,30.21,30.34,0.0282,1.09,0.7223,1,HIGH
47.79,15.26,45.92,35.26,0.0595,0.87,0.9468,1,CRITICAL
42.11,17.8,38.15,24.43,0.0158,1.29,0.4866,0,MODERATE
30.28,26.38,39.47,26.11,0.014,1.33,0.355,0,MODERATE
58.49,37.97,56.01,21.15,0.0359,1.28,0.8827,1,CRITICAL
31.98,32.71,75.66,24.89,0.0307,1.37,0.6516,1,HIGH
50.39,17.04,44.02,30.64,0.0337,0.97,0.8637,1,CRITICAL
41.09,34.95,46.17,33.3,0.0332,0.97,0.7668,1,CRITICAL
26.85,28.81,39.55,21.54,0.0525,1.65,0.2576,0,MODERATE
40.24,43.9,58.38,34.09,-0.0275,0.95,0.8366,1,CRITICAL
62.45,48.36,57.8,37.49,0.0665,0.73,0.9855,1,CRITICAL
33.39,31.86,44.13,30.89,0.0191,1.1,0.5202,1,HIGH
56.13,26.04,50.32,41.14,-0.0457,0.71,0.9806,1,CRITICAL
48.52,29.58,47.39,22.58,0.0187,1.32,0.6272,1,HIGH
17.29,45.24,47.73,19.29,0.0142,1.99,0.0373,0,LOW
17.38,62.93,58.81,15.55,0.0298,2.46,0.0088,0,LOW
29.02,29.98,42.24,38.47,-0.0173,0.93,0.6949,1,CRITICAL
22.32,20.29,24.89,32.58,0.0109,1.14,0.375,0,HIGH
92.13,66.92,99.43,27.61,0.0913,0.72,0.9987,1,CRITICAL
66.24,32.27,53.39,29.96,0.037,0.86,0.9651,1,CRITICAL
40.73,32.16,34.21,20.12,0.0309,1.57,0.4452,0,MODERATE
41.23,39.62,49.23,45.12,0.0537,0.75,0.9052,1,CRITICAL
38.84,25.29,36.24,28.9,0.0407,1.12,0.7425,1,HIGH
64.99,55.23,97.35,28.77,0.0738,0.9,0.9878,1,CRITICAL
41.19,9.72,41.55,33.08,0.0295,0.97,0.8804,1,CRITICAL
44.88,33.91,44.32,31.37,0.0254,0.99,0.8236,1,CRITICAL
64.76,43.42,68.81,29.57,0.0599,0.88,0.9729,1,CRITICAL
36.16,23.11,50.82,22.47,0.0226,1.47,0.3846,0,MODERATE
18.01,3.15,24.09,31.3,-0.0575,1.23,0.4653,0,MODERATE
73.26,43.95,62.22,41.17,0.1143,0.62,0.9991,1,CRITICAL
55.35,23.91,66.54,37.42,0.0813,0.78,0.9697,1,CRITICAL
59.6,35.08,53.47,39.15,0.0483,0.72,0.9666,1,CRITICAL
64.11,40.94,54.18,24.42,0.0352,1.06,0.9543,1,CRITICAL
64.55,45.47,66.62,21.07,-0.0589,1.22,0.8968,1,CRITICAL
29.32,11.02,24.88,27.12,0.0262,1.29,0.3792,0,MODERATE
21.42,29.76,70.42,28.39,0.0326,1.31,0.4687,0,MODERATE
73.73,50.27,74.0,35.66,0.0698,0.69,0.9937,1,CRITICAL
49.28,74.01,103.34,16.15,0.0543,1.82,0.6107,1,HIGH
9.46,2.54,13.77,38.71,-0.0147,1.07,0.2412,0,HIGH
55.92,63.84,97.95,26.89,0.058,1.04,0.9796,1,CRITICAL
23.7,28.61,21.32,25.01,0.0343,1.46,0.3093,0,MODERATE
34.75,20.44,28.42,20.92,0.0144,1.59,0.2155,0,LOW
44.01,17.46,35.71,16.42,0.0245,1.87,0.1451,0,LOW
42.72,36.54,43.55,33.76,0.0303,0.94,0.8636,1,CRITICAL
83.5,33.48,68.1,28.51,0.0675,0.76,0.9964,1,CRITICAL
20.46,3.3,27.13,18.97,0.0041,1.97,0.0367,0,LOW
59.13,40.08,53.26,18.93,0.0292,1.42,0.7511,1,CRITICAL
44.96,21.2,42.1,25.65,0.0284,1.2,0.8051,1,CRITICAL
28.22,19.47,37.72,39.68,-0.0243,0.91,0.6849,1,CRITICAL
64.04,26.07,53.9,26.18,0.0583,0.99,0.974,1,CRITICAL
52.72,33.67,64.0,17.48,0.0252,1.63,0.5819,1,HIGH
22.98,32.91,31.47,26.28,0.0387,1.4,0.2616,0,MODERATE
61.11,68.14,85.85,26.09,-0.0534,1.02,0.9729,1,CRITICAL
42.13,42.26,40.51,12.0,-0.0246,2.6,0.0158,0,LOW
74.45,83.16,120.43,27.62,0.0839,0.86,0.997,1,CRITICAL
60.44,41.39,61.22,26.38,0.0359,1.02,0.9338,1,CRITICAL
55.68,45.05,98.95,32.87,0.0819,0.87,0.9818,1,CRITICAL
43.66,19.33,35.34,40.94,0.0212,0.79,0.8542,1,CRITICAL
78.88,71.15,82.63,35.89,0.1299,0.65,0.9989,1,CRITICAL
44.08,32.07,60.7,26.12,0.0265,1.19,0.7299,1,HIGH
14.22,22.46,12.2,20.25,-0.0359,1.94,0.0215,0,LOW
48.74,31.73,51.97,46.01,0.0497,0.7,0.9767,1,CRITICAL
58.61,15.93,71.18,28.41,0.052,0.97,0.9618,1,CRITICAL
37.27,31.71,42.17,28.1,0.016,1.17,0.7662,1,CRITICAL
36.03,30.55,29.81,27.83,0.0168,1.19,0.5404,1,HIGH
47.8,33.09,55.97,29.39,0.0288,1.03,0.9036,1,CRITICAL
15.23,20.2,13.12,26.99,0.013,1.45,0.0985,0,LOW
68.52,31.52,80.33,23.98,0.056,1.04,0.9699,1,CRITICAL
49.81,10.45,40.51,24.17,0.0348,1.22,0.7698,1,CRITICAL
86.23,44.77,71.2,27.77,0.0884,0.76,0.9982,1,CRITICAL
68.01,40.31,59.24,24.2,-0.042,1.03,0.9545,1,CRITICAL
42.9,43.19,49.37,23.01,0.0202,1.36,0.5943,1,HIGH
31.26,55.1,81.18,28.75,0.0304,1.2,0.7551,1,CRITICAL
62.52,19.2,51.9,26.22,0.0565,1.01,0.9517,1,CRITICAL
67.64,35.98,56.42,38.53,0.0514,0.68,0.9876,1,CRITICAL
26.25,22.75,27.9,12.0,0.0177,2.97,0.001,0,LOW
27.08,10.54,48.8,35.64,0.0159,1.01,0.6566,1,HIGH
77.43,42.4,71.39,36.72,0.0719,0.65,0.997,1,CRITICAL
55.9,26.97,50.54,13.49,0.0261,2.05,0.2016,0,LOW
48.68,24.23,51.3,25.6,0.0305,1.16,0.8123,1,CRITICAL
45.55,29.57,40.97,25.4,0.026,1.2,0.7506,1,CRITICAL
72.07,27.71,65.35,18.15,0.0447,1.31,0.9248,1,CRITICAL
36.68,25.42,35.41,22.56,0.0138,1.46,0.3155,0,MODERATE
39.64,39.3,56.17,20.23,-0.02,1.58,0.4228,0,MODERATE
30.59,48.75,63.18,40.27,0.0432,0.89,0.8835,1,CRITICAL
29.73,15.86,45.16,34.55,0.0271,1.02,0.6858,1,HIGH
43.18,10.88,43.21,36.9,0.0232,0.87,0.8862,1,CRITICAL
93.64,54.05,85.44,33.05,0.1048,0.61,0.9993,1,CRITICAL
53.96,24.24,45.17,20.1,0.0308,1.41,0.6356,1,HIGH
61.1,70.72,69.49,24.33,0.0357,1.09,0.9365,1,CRITICAL
28.03,26.21,36.04,31.43,0.0312,1.13,0.5895,1,HIGH
58.82,49.76,81.97,19.45,0.0423,1.39,0.8098,1,CRITICAL
50.56,24.55,43.81,32.99,-0.0278,0.9,0.9109,1,CRITICAL
40.87,20.27,54.09,26.32,0.0317,1.21,0.8312,1,CRITICAL
69.35,49.31,72.79,25.38,0.0563,0.98,0.9699,1,CRITICAL
78.67,39.75,67.57,32.98,0.0963,0.7,0.9965,1,CRITICAL
39.95,28.3,48.47,31.11,0.0404,1.04,0.9257,1,CRITICAL
58.26,52.15,85.34,25.47,0.0476,1.07,0.9425,1,CRITICAL
74.61,60.58,97.28,36.12,-0.0893,0.68,0.9986,1,CRITICAL
84.7,34.71,86.84,20.43,0.0789,1.03,0.9927,1,CRITICAL
59.09,37.18,48.01,32.31,0.0586,0.85,0.9679,1,CRITICAL
68.61,42.99,85.76,32.15,0.0659,0.79,0.9919,1,CRITICAL
57.28,35.77,61.91,25.83,-0.0315,1.07,0.9219,1,CRITICAL
56.02,43.1,50.4,30.28,0.0472,0.93,0.9054,1,CRITICAL
38.35,38.07,33.79,19.24,0.0275,1.68,0.2318,0,LOW
57.57,11.74,47.91,34.47,0.0346,0.82,0.9457,1,CRITICAL
41.93,20.89,34.32,26.71,0.0294,1.18,0.5093,1,HIGH
64.03,46.09,72.26,24.34,0.0424,1.07,0.9677,1,CRITICAL
30.64,2.05,28.55,35.34,0.0148,0.99,0.4369,0,CRITICAL
56.63,35.43,45.67,23.07,0.0258,1.2,0.8987,1,CRITICAL
34.48,22.27,35.18,18.14,-0.0184,1.84,0.1283,0,LOW
34.23,24.3,37.27,17.1,0.0318,1.95,0.0612,0,LOW
81.42,31.58,67.92,32.24,0.0698,0.7,0.9974,1,CRITICAL
62.34,34.46,50.54,19.04,0.0253,1.37,0.7136,1,HIGH
27.74,23.58,25.34,40.28,0.0417,0.9,0.6969,1,CRITICAL
58.59,39.63,63.92,13.43,0.0176,2.01,0.1484,0,LOW
62.75,25.75,51.49,39.88,0.0669,0.69,0.9823,1,CRITICAL
55.67,29.65,56.68,29.48,0.054,0.96,0.9351,1,CRITICAL
70.67,37.55,58.91,27.32,-0.0423,0.9,0.9809,1,CRITICAL
51.13,26.99,44.17,24.19,-0.0215,1.2,0.8159,1,CRITICAL
35.08,30.38,35.55,30.79,0.044,1.09,0.6318,1,HIGH
32.05,11.54,27.23,27.74,0.0203,1.24,0.4597,0,MODERATE
53.08,15.01,45.32,35.72,-0.0294,0.82,0.8821,1,CRITICAL
64.2,38.27,57.8,28.8,0.0688,0.91,0.9794,1,CRITICAL
41.24,18.62,39.0,29.05,0.022,1.1,0.8394,1,CRITICAL
38.15,38.6,51.27,25.45,0.0229,1.28,0.438,0,MODERATE
31.96,16.12,26.74,27.6,-0.0233,1.24,0.3607,0,MODERATE
40.0,43.47,61.54,30.15,0.041,1.07,0.8761,1,CRITICAL
45.45,26.92,61.77,16.03,0.0215,1.89,0.2761,0,MODERATE
40.8,34.09,54.43,18.56,0.0161,1.7,0.2031,0,LOW
23.09,7.42,24.02,33.2,0.0182,1.12,0.5446,1,HIGH
75.46,39.6,86.33,29.2,0.0781,0.81,0.9935,1,CRITICAL
79.31,31.28,66.48,26.71,0.0765,0.85,0.9961,1,CRITICAL
36.37,13.21,31.09,28.13,-0.0205,1.18,0.5958,1,HIGH
53.98,38.77,43.88,30.43,-0.0396,0.94,0.9466,1,CRITICAL
29.2,33.52,65.39,24.22,-0.0163,1.44,0.4229,0,MODERATE
35.95,7.86,34.29,22.55,0.043,1.47,0.4684,0,MODERATE
10.69,28.91,46.0,29.37,0.0108,1.38,0.2185,0,MODERATE
37.72,21.26,34.95,21.15,0.0243,1.54,0.3927,0,MODERATE
57.5,44.11,81.72,30.86,-0.0855,0.9,0.9856,1,CRITICAL
41.69,39.49,68.5,16.08,0.0403,1.95,0.1825,0,LOW
45.28,54.65,74.82,35.2,0.055,0.89,0.9541,1,CRITICAL
68.7,45.85,65.24,31.31,0.065,0.81,0.9846,1,CRITICAL
49.98,47.92,70.12,29.79,0.0729,1.0,0.948,1,CRITICAL
31.77,30.51,70.58,34.88,0.0511,1.0,0.9243,1,CRITICAL
63.49,62.87,56.68,39.66,0.0617,0.69,0.9898,1,CRITICAL
38.41,33.83,38.87,35.1,0.0336,0.94,0.8497,1,CRITICAL
82.87,56.38,85.35,15.11,0.038,1.41,0.9612,1,CRITICAL
42.73,12.08,39.54,19.04,0.0203,1.63,0.3329,0,MODERATE
25.39,34.28,41.33,23.63,0.0136,1.53,0.3164,0,MODERATE
37.69,13.77,31.31,28.18,0.0196,1.16,0.4031,0,HIGH
48.04,27.79,49.56,31.62,-0.0414,0.96,0.8677,1,CRITICAL
74.89,20.32,61.87,22.92,0.0378,1.02,0.959,1,CRITICAL
38.29,9.09,35.84,29.31,0.0137,1.11,0.5107,1,HIGH
23.33,18.28,23.15,22.71,0.0117,1.61,0.106,0,LOW
26.61,39.27,48.67,23.72,0.0161,1.5,0.2635,0,MODERATE
19.82,18.3,19.08,18.15,0.0105,2.07,0.034,0,LOW
56.41,48.46,69.92,21.54,-0.0685,1.29,0.9324,1,CRITICAL
40.0,32.77,55.69,18.54,0.0322,1.72,0.2659,0,MODERATE
60.56,31.22,58.81,21.17,0.0311,1.26,0.871,1,CRITICAL
66.73,37.32,57.38,35.38,0.0481,0.74,0.9697,1,CRITICAL
40.59,30.01,36.33,21.35,-0.0249,1.49,0.3903,0,MODERATE
70.96,39.74,66.15,46.43,0.0887,0.58,0.9969,1,CRITICAL
15.63,19.69,12.64,31.45,0.012,1.24,0.1505,0,MODERATE
56.7,31.89,56.73,29.29,-0.035,0.95,0.9313,1,CRITICAL
68.58,50.59,100.66,21.99,0.051,1.13,0.9691,1,CRITICAL
42.59,21.85,36.59,32.9,0.0217,0.97,0.7382,1,CRITICAL
36.22,26.11,41.75,23.97,0.0212,1.38,0.4914,0,MODERATE
77.77,65.89,111.18,28.85,0.1064,0.8,0.9989,1,CRITICAL
28.86,44.39,52.64,45.92,0.0521,0.81,0.9102,1,CRITICAL
49.49,48.9,68.08,27.33,0.0387,1.09,0.8794,1,CRITICAL
32.38,16.76,51.78,36.04,0.044,0.96,0.7992,1,CRITICAL
36.71,36.29,34.91,23.08,0.0851,1.42,0.6124,1,HIGH
27.1,5.51,54.88,27.76,0.0327,1.29,0.5009,1,HIGH
81.0,85.91,107.34,40.4,0.1366,0.58,0.9994,1,CRITICAL
30.81,18.08,34.92,23.61,-0.0445,1.46,0.4636,0,MODERATE
33.35,18.05,33.25,40.69,0.0212,0.86,0.7667,1,CRITICAL
59.21,32.63,55.39,32.95,0.0362,0.84,0.9689,1,CRITICAL
46.88,30.01,43.6,24.06,0.0815,1.25,0.7796,1,CRITICAL
36.16,19.5,32.51,32.43,0.0228,1.03,0.6376,1,HIGH
34.78,24.03,42.28,34.81,-0.0402,0.98,0.8464,1,CRITICAL
49.53,44.31,52.03,32.35,0.0529,0.93,0.9506,1,CRITICAL
34.32,27.72,36.77,17.01,0.0148,1.96,0.0468,0,LOW
61.6,20.89,50.8,22.91,0.0356,1.15,0.9006,1,CRITICAL
59.52,50.32,71.52,26.27,0.0489,1.03,0.9593,1,CRITICAL
53.21,32.51,45.45,27.48,0.0259,1.05,0.8252,1,CRITICAL
51.01,20.13,42.63,32.34,0.0253,0.91,0.9049,1,CRITICAL
40.23,36.01,46.82,29.24,0.0301,1.1,0.6427,1,HIGH
45.37,24.78,43.92,18.65,0.0143,1.63,0.2425,0,LOW
41.7,18.35,34.28,30.66,0.021,1.04,0.774,1,CRITICAL
78.61,39.2,69.48,32.27,0.0618,0.72,0.9944,1,CRITICAL
26.67,1.82,43.49,31.92,0.0307,1.13,0.5992,1,HIGH
40.23,22.64,46.52,35.57,0.053,0.92,0.8913,1,CRITICAL
40.99,30.86,39.56,33.84,0.0312,0.95,0.8546,1,CRITICAL
50.17,25.77,43.33,31.21,0.0305,0.95,0.9054,1,CRITICAL
75.48,32.37,75.37,27.51,0.1376,0.85,0.9982,1,CRITICAL
40.97,48.98,65.56,16.37,0.015,1.93,0.1678,0,LOW
46.56,28.72,52.84,31.01,-0.0309,0.99,0.8582,1,CRITICAL
63.35,33.28,75.82,29.45,0.0521,0.9,0.9737,1,CRITICAL
65.25,60.02,63.26,29.9,0.0477,0.87,0.965,1,CRITICAL
61.1,30.19,67.86,19.06,0.0303,1.39,0.7893,1,CRITICAL
33.69,45.36,60.94,20.43,0.0186,1.65,0.2265,0,LOW
25.76,18.02,42.86,35.37,-0.0175,1.03,0.7309,1,HIGH
37.75,41.14,66.3,27.72,0.0337,1.18,0.6922,1,HIGH
61.55,25.6,57.7,32.77,0.0462,0.83,0.98,1,CRITICAL
51.47,33.42,76.36,28.2,0.0522,1.04,0.9372,1,CRITICAL
50.07,38.0,54.63,28.21,0.0366,1.05,0.8749,1,CRITICAL
37.86,40.59,60.9,34.57,0.0296,0.96,0.8721,1,CRITICAL
82.04,51.19,66.24,24.39,0.0691,0.9,0.9862,1,CRITICAL
78.55,47.01,78.93,28.67,-0.0688,0.8,0.9927,1,CRITICAL
44.98,60.75,64.24,24.76,0.0263,1.24,0.666,1,HIGH
23.23,15.55,21.45,24.96,0.0069,1.47,0.1262,0,LOW
92.51,59.83,90.27,25.84,0.0958,0.76,0.9982,1,CRITICAL
93.6,47.03,101.02,29.55,0.1114,0.67,0.9996,1,CRITICAL
76.2,33.49,66.06,24.65,0.052,0.94,0.9793,1,CRITICAL
39.59,28.87,39.46,36.79,0.0246,0.89,0.6857,1,CRITICAL
46.4,29.01,49.76,21.74,0.026,1.39,0.5668,1,HIGH
67.22,40.73,64.76,26.69,0.0539,0.95,0.9805,1,CRITICAL
41.33,12.03,33.66,24.92,0.0433,1.27,0.7593,1,CRITICAL
54.75,28.43,45.36,38.13,-0.0437,0.77,0.956,1,CRITICAL
25.81,14.53,22.24,29.38,0.0105,1.23,0.2791,0,MODERATE
68.44,23.78,59.31,35.22,0.0483,0.73,0.986,1,CRITICAL
61.12,38.3,53.13,17.6,0.0219,1.5,0.6901,1,HIGH
43.87,16.26,55.43,29.87,0.04,1.05,0.805,1,CRITICAL
23.11,20.59,31.24,34.23,0.0109,1.08,0.4318,0,HIGH
37.44,48.62,51.61,28.58,0.0283,1.15,0.7067,1,HIGH
25.98,19.93,21.87,35.46,0.0247,1.03,0.5493,1,HIGH
65.08,43.96,62.02,24.38,0.0383,1.05,0.9433,1,CRITICAL
44.31,15.81,41.31,37.87,0.0397,0.84,0.8777,1,CRITICAL
65.48,66.19,80.83,44.09,0.0908,0.63,0.9968,1,CRITICAL
17.95,33.46,32.82,25.46,0.0137,1.5,0.1385,0,LOW
66.31,41.7,83.56,24.88,0.0801,1.02,0.9843,1,CRITICAL
54.69,21.93,44.47,38.17,0.0486,0.77,0.9452,1,CRITICAL
58.12,51.93,65.63,39.06,0.0564,0.73,0.9863,1,CRITICAL
29.73,39.22,35.44,24.34,0.033,1.43,0.2726,0,MODERATE
46.0,25.12,62.95,25.06,0.0443,1.22,0.8905,1,CRITICAL
45.39,18.12,46.93,26.03,0.042,1.18,0.7089,1,HIGH
62.91,35.75,61.98,18.59,0.0395,1.4,0.8613,1,CRITICAL
25.41,0.0,21.13,21.57,0.011,1.67,0.0472,0,LOW
26.52,22.86,37.78,20.97,0.0134,1.7,0.0558,0,LOW
24.68,26.58,24.53,22.63,0.0205,1.6,0.1101,0,LOW
22.62,0.0,18.39,27.76,0.006,1.33,0.0994,0,MODERATE
23.56,13.2,19.88,29.64,0.0303,1.24,0.4145,0,MODERATE
46.38,44.83,84.41,38.85,-0.0576,0.81,0.9737,1,CRITICAL
50.85,44.63,47.05,21.01,-0.0317,1.38,0.7614,1,CRITICAL
23.92,24.01,49.52,34.89,0.0241,1.06,0.6068,1,HIGH
47.23,66.76,85.95,26.5,0.0469,1.14,0.9189,1,CRITICAL
53.02,45.3,85.45,27.65,0.0619,1.04,0.9574,1,CRITICAL
66.91,59.04,85.55,32.72,0.0772,0.79,0.9907,1,CRITICAL
15.87,30.41,46.48,20.14,0.0093,1.93,0.0331,0,LOW
51.99,26.64,46.71,30.68,0.026,0.95,0.8454,1,CRITICAL
53.47,19.24,45.24,29.17,0.051,0.99,0.9304,1,CRITICAL
48.76,35.81,54.31,31.45,0.0602,0.96,0.9291,1,CRITICAL
31.96,16.96,35.61,30.02,0.0141,1.15,0.5168,1,HIGH
23.81,5.47,20.61,45.19,0.0129,0.85,0.8135,1,CRITICAL
20.38,34.69,33.28,23.54,0.0103,1.59,0.0989,0,LOW
62.69,43.01,62.56,24.28,0.0733,1.08,0.9671,1,CRITICAL
21.47,34.64,47.0,23.64,0.0114,1.57,0.1555,0,LOW
22.69,15.43,32.24,24.11,0.0086,1.53,0.198,0,LOW
48.93,29.31,51.94,23.54,0.023,1.26,0.7361,1,HIGH
13.92,9.43,19.85,36.32,0.023,1.1,0.3166,0,HIGH
63.13,39.27,59.83,37.94,-0.0806,0.72,0.9956,1,CRITICAL
35.85,51.42,75.0,24.0,0.029,1.38,0.5428,1,HIGH
66.23,32.83,55.22,22.17,0.0292,1.14,0.9042,1,CRITICAL
33.39,13.42,35.58,31.3,0.0256,1.09,0.7107,1,HIGH
42.93,37.81,50.35,24.13,0.0209,1.29,0.5538,1,HIGH
54.24,31.48,51.9,32.43,-0.0314,0.89,0.9474,1,CRITICAL
75.1,24.64,65.07,29.42,0.0805,0.81,0.9917,1,CRITICAL
34.86,0.0,32.97,17.39,0.0374,1.91,0.1521,0,LOW
30.59,20.06,28.46,38.83,0.0672,0.91,0.8826,1,CRITICAL
25.11,7.55,26.41,40.57,0.0186,0.92,0.6164,1,CRITICAL
47.41,45.55,68.73,23.71,-0.031,1.27,0.72,1,HIGH
63.92,29.26,61.69,25.29,0.0553,1.03,0.9541,1,CRITICAL
60.6,32.89,52.6,30.0,0.0349,0.9,0.95,1,CRITICAL
65.79,32.16,59.91,30.34,0.044,0.85,0.9814,1,CRITICAL
67.69,51.02,55.83,32.61,0.0455,0.79,0.9822,1,CRITICAL
33.68,46.76,62.1,42.07,0.0748,0.83,0.9546,1,CRITICAL
10.29,23.13,16.1,26.76,0.0211,1.52,0.0921,0,LOW
35.27,52.56,87.19,22.41,0.0251,1.48,0.6348,1,HIGH
64.46,43.01,57.97,18.34,0.0243,1.4,0.7717,1,CRITICAL
26.83,30.08,48.61,22.88,0.0377,1.56,0.2997,0,MODERATE
62.96,47.58,54.81,27.77,0.0563,0.95,0.9646,1,CRITICAL
45.04,21.61,37.22,40.56,0.0393,0.79,0.9064,1,CRITICAL
47.17,8.96,38.22,24.38,0.0179,1.24,0.7196,1,HIGH
63.27,18.77,64.6,29.57,0.0501,0.89,0.981,1,CRITICAL
36.07,37.36,34.45,27.89,-0.0254,1.19,0.6782,1,HIGH
74.44,45.79,68.34,36.32,0.1019,0.67,0.9962,1,CRITICAL
50.48,45.04,65.99,45.69,-0.0535,0.69,0.9807,1,CRITICAL
81.38,56.52,69.38,24.28,-0.0566,0.91,0.9928,1,CRITICAL
48.03,9.86,43.96,24.57,-0.0199,1.22,0.7964,1,CRITICAL
35.11,30.06,56.08,35.31,0.032,0.96,0.7461,1,CRITICAL
66.91,35.87,63.71,32.77,0.0499,0.79,0.9835,1,CRITICAL
49.44,46.98,65.93,40.93,-0.0716,0.76,0.9773,1,CRITICAL
20.51,7.14,23.44,32.09,0.0096,1.18,0.4332,0,HIGH
79.75,30.84,71.42,25.48,0.0565,0.88,0.9789,1,CRITICAL
52.29,14.64,44.57,32.13,0.0328,0.91,0.8794,1,CRITICAL
76.06,70.33,98.07,35.76,0.1191,0.67,0.9993,1,CRITICAL
50.87,37.43,74.76,33.74,-0.064,0.88,0.9658,1,CRITICAL
28.92,45.7,85.37,31.55,0.0269,1.12,0.6839,1,HIGH
53.85,36.83,50.8,35.47,0.0334,0.82,0.9675,1,CRITICAL
57.99,36.21,72.0,36.19,0.0624,0.78,0.9733,1,CRITICAL
31.94,3.11,33.6,37.68,0.0218,0.93,0.7904,1,CRITICAL
37.84,7.8,39.36,32.54,0.021,1.01,0.623,1,HIGH
45.13,37.04,62.68,26.83,-0.0489,1.15,0.787,1,CRITICAL
76.43,43.42,64.07,29.03,-0.0495,0.81,0.9892,1,CRITICAL
15.86,7.83,16.42,36.45,0.0579,1.08,0.4338,0,HIGH
43.48,28.58,40.46,22.28,0.0134,1.39,0.4889,0,MODERATE
68.61,30.77,78.17,30.58,0.0566,0.83,0.9936,1,CRITICAL
21.83,0.0,24.45,25.25,0.0101,1.47,0.141,0,LOW
95.61,72.42,83.14,28.2,0.0854,0.68,0.9993,1,CRITICAL
67.01,100.0,154.7,36.95,0.1313,0.71,0.9995,1,CRITICAL
23.77,23.46,26.28,29.34,0.0261,1.25,0.4387,0,MODERATE
46.87,18.46,41.77,28.33,0.0251,1.07,0.6314,1,HIGH
31.48,21.51,39.82,18.48,0.0083,1.85,0.1026,0,LOW
32.67,30.24,50.42,33.22,0.0498,1.04,0.8307,1,CRITICAL
49.02,37.32,40.3,32.52,0.0646,0.93,0.9232,1,CRITICAL
13.58,19.23,25.33,43.14,0.0194,0.94,0.6397,1,CRITICAL
14.9,12.74,12.46,25.85,0.0262,1.52,0.0867,0,LOW
49.86,28.98,51.09,29.53,0.027,1.01,0.7943,1,CRITICAL
39.35,29.49,35.94,29.75,-0.0187,1.09,0.7322,1,HIGH
51.62,31.1,46.79,39.04,0.0373,0.77,0.9195,1,CRITICAL
48.09,29.19,47.92,27.33,-0.0696,1.1,0.9031,1,CRITICAL
30.06,30.57,63.33,29.95,0.0298,1.17,0.7704,1,CRITICAL
57.33,37.55,64.47,32.26,0.0399,0.87,0.9674,1,CRITICAL
52.31,39.17,83.28,29.31,0.0497,0.99,0.953,1,CRITICAL
90.14,52.57,88.29,24.87,-0.0661,0.81,0.9966,1,CRITICAL
36.36,18.4,29.19,29.36,0.0145,1.13,0.668,1,HIGH
26.72,0.0,26.01,35.52,0.0173,1.02,0.4431,0,HIGH
63.94,49.65,86.58,20.81,-0.0443,1.24,0.9517,1,CRITICAL
46.25,19.72,52.47,28.93,0.0239,1.06,0.9102,1,CRITICAL
28.75,54.77,82.97,23.1,0.0202,1.52,0.4622,0,MODERATE
50.73,32.25,43.13,36.37,-0.0385,0.83,0.9278,1,CRITICAL
55.69,25.64,49.84,17.34,0.0339,1.6,0.5381,1,HIGH
47.06,32.13,44.4,24.09,0.0246,1.25,0.6484,1,HIGH
56.47,36.57,51.1,30.64,0.0492,0.92,0.9363,1,CRITICAL
33.36,16.33,31.05,38.96,0.0161,0.89,0.744,1,CRITICAL
65.07,51.85,60.85,27.54,0.0383,0.94,0.9696,1,CRITICAL
55.48,28.63,59.8,24.11,0.0541,1.16,0.945,1,CRITICAL
23.79,29.49,24.63,41.17,0.0143,0.91,0.4224,0,CRITICAL
58.51,26.58,48.06,17.86,0.0252,1.51,0.4042,0,MODERATE
36.12,20.0,47.39,12.61,0.0514,2.6,0.0342,0,LOW
93.47,46.88,83.99,31.08,0.0896,0.64,0.999,1,CRITICAL
36.59,13.89,41.47,24.49,0.0124,1.34,0.4416,0,MODERATE
25.92,25.76,29.86,20.85,0.0471,1.72,0.1796,0,LOW
33.25,19.83,59.76,32.96,0.022,1.04,0.745,1,HIGH
45.13,42.92,48.37,29.71,0.0379,1.04,0.9189,1,CRITICAL
39.3,32.61,69.95,24.05,0.0279,1.34,0.6954,1,HIGH
57.51,42.4,56.72,19.04,0.0302,1.44,0.6811,1,HIGH
21.65,13.75,22.51,34.11,0.0174,1.1,0.3777,0,HIGH
27.78,20.0,28.82,32.55,0.0166,1.1,0.4888,0,HIGH
46.91,23.26,48.61,27.31,0.0431,1.11,0.8013,1,CRITICAL
21.01,20.41,28.13,40.93,0.0481,0.94,0.8007,1,CRITICAL
64.49,42.77,69.03,20.51,0.0318,1.25,0.8999,1,CRITICAL
29.46,1.85,27.38,17.32,-0.0288,2.01,0.0347,0,LOW
40.23,19.36,48.31,23.16,0.0171,1.38,0.5254,1,HIGH
21.6,18.53,39.89,27.68,0.0092,1.35,0.3623,0,MODERATE
19.28,11.87,32.36,29.7,-0.053,1.28,0.517,1,HIGH
72.66,53.32,67.99,26.31,0.0534,0.91,0.9782,1,CRITICAL
38.77,61.78,102.86,30.46,0.043,1.07,0.8877,1,CRITICAL
28.55,10.59,30.62,19.24,0.0183,1.82,0.1282,0,LOW
64.17,26.91,53.03,38.11,0.0478,0.71,0.9689,1,CRITICAL
88.91,53.14,96.98,27.42,0.0882,0.75,0.9987,1,CRITICAL
41.97,19.41,37.15,35.82,0.0333,0.9,0.8312,1,CRITICAL
64.1,31.26,70.02,30.4,0.076,0.86,0.9914,1,CRITICAL
67.88,26.22,57.26,31.2,0.0405,0.82,0.9668,1,CRITICAL
54.17,33.82,43.59,31.99,0.0288,0.9,0.8914,1,CRITICAL
39.89,22.57,34.53,31.13,0.0158,1.04,0.7447,1,HIGH
82.35,42.26,72.97,32.5,0.0666,0.69,0.9972,1,CRITICAL
26.39,13.71,22.8,37.3,0.0512,0.98,0.7911,1,CRITICAL
75.31,37.68,63.56,29.38,-0.0881,0.8,0.9948,1,CRITICAL
39.21,29.75,53.07,32.96,0.0436,0.99,0.876,1,CRITICAL
36.47,35.9,51.21,27.37,-0.0325,1.21,0.7459,1,HIGH
20.21,29.44,41.68,38.08,0.0389,1.0,0.5419,1,HIGH
40.24,20.16,59.79,23.27,0.0196,1.37,0.4865,0,MODERATE
28.21,17.13,30.75,40.61,0.0137,0.89,0.5731,1,CRITICAL
69.17,36.34,85.66,27.72,0.0605,0.9,0.9696,1,CRITICAL
56.35,40.12,56.28,17.98,0.0458,1.53,0.7516,1,CRITICAL
56.12,40.34,54.44,28.9,-0.039,0.97,0.9573,1,CRITICAL
36.28,22.72,48.04,23.23,0.024,1.42,0.4883,0,MODERATE
65.79,32.58,56.24,33.88,0.0457,0.77,0.9825,1,CRITICAL
27.25,5.99,45.17,23.43,0.0253,1.52,0.2691,0,MODERATE
33.83,31.02,35.48,24.88,0.0428,1.35,0.5014,1,HIGH
32.72,24.03,28.22,14.77,0.0105,2.29,0.0305,0,LOW
59.05,40.99,49.15,24.83,0.0385,1.09,0.9402,1,CRITICAL
31.55,31.63,27.94,12.0,0.0096,2.84,0.0019,0,LOW
58.45,35.73,79.95,16.91,0.05,1.6,0.8273,1,CRITICAL
11.94,56.94,80.11,33.32,0.0203,1.21,0.5902,1,HIGH
82.21,58.23,72.39,33.5,0.0727,0.67,0.9975,1,CRITICAL
38.08,6.44,35.65,30.98,0.0222,1.06,0.7253,1,HIGH
64.21,31.33,55.08,21.23,0.0265,1.21,0.8859,1,CRITICAL
11.66,17.59,35.37,27.67,0.034,1.45,0.1154,0,LOW
16.3,18.49,16.56,27.97,0.0501,1.39,0.152,0,MODERATE
80.67,37.99,103.21,19.89,0.0649,1.1,0.9926,1,CRITICAL
24.16,39.66,35.83,38.52,0.0149,0.97,0.5035,1,CRITICAL
56.44,46.43,79.26,34.14,0.0673,0.83,0.9731,1,CRITICAL
68.72,49.41,67.09,26.45,-0.0497,0.94,0.9516,1,CRITICAL
27.13,22.98,39.3,28.19,0.0144,1.27,0.3481,0,MODERATE
75.25,49.74,74.7,29.46,0.0558,0.8,0.9924,1,CRITICAL
53.4,18.43,69.41,13.71,0.05,2.06,0.3327,0,MODERATE
63.58,42.94,77.97,26.27,0.0673,1.0,0.9833,1,CRITICAL
38.1,34.79,43.85,23.23,0.0394,1.4,0.4912,0,MODERATE
26.03,24.39,35.84,20.99,0.0152,1.71,0.1128,0,LOW
59.7,35.23,86.0,26.03,-0.0655,1.04,0.9797,1,CRITICAL
68.26,57.3,94.47,40.58,0.1003,0.65,0.9981,1,CRITICAL
53.81,27.46,59.42,32.49,0.0417,0.89,0.9382,1,CRITICAL
81.35,30.07,65.2,24.0,0.0702,0.92,0.9916,1,CRITICAL
65.26,17.11,53.86,32.01,0.1379,0.82,0.9897,1,CRITICAL
79.61,61.96,92.96,37.8,0.1277,0.62,0.9992,1,CRITICAL
84.09,52.29,68.6,34.47,0.0887,0.64,0.9974,1,CRITICAL
70.2,57.06,59.76,28.42,0.0604,0.87,0.99,1,CRITICAL
58.37,15.64,50.63,23.47,0.0389,1.16,0.8361,1,CRITICAL
24.38,27.63,33.26,32.89,0.0377,1.12,0.5687,1,HIGH
89.67,59.11,84.63,30.75,0.088,0.67,0.9984,1,CRITICAL
31.18,12.24,30.07,34.27,0.0137,1.02,0.5539,1,HIGH
42.47,13.3,37.47,32.45,0.0391,0.98,0.8552,1,CRITICAL
31.63,17.34,47.0,35.35,0.0553,0.99,0.8078,1,CRITICAL
44.24,40.63,76.5,24.25,0.0336,1.27,0.8799,1,CRITICAL
26.39,15.18,21.92,37.22,0.0301,0.98,0.445,0,CRITICAL
55.97,41.75,46.92,29.38,-0.0305,0.96,0.9288,1,CRITICAL
42.43,40.67,49.36,42.53,0.0726,0.77,0.9591,1,CRITICAL
51.06,23.04,65.32,23.18,0.043,1.25,0.8399,1,CRITICAL
62.73,36.32,73.68,40.15,0.0745,0.69,0.9931,1,CRITICAL
16.38,32.3,32.18,29.39,-0.0279,1.32,0.339,0,MODERATE
62.55,42.37,82.8,23.44,0.0656,1.12,0.9696,1,CRITICAL
35.84,18.84,32.34,24.61,0.0429,1.35,0.5917,1,HIGH
39.45,2.9,33.26,25.76,0.046,1.25,0.6501,1,HIGH
50.56,44.4,54.78,30.97,0.0294,0.96,0.8665,1,CRITICAL
28.84,10.26,48.98,31.66,0.0169,1.12,0.583,1,HIGH
47.15,14.06,50.81,23.98,0.0454,1.26,0.8372,1,CRITICAL
54.51,66.34,93.06,27.83,0.0908,1.02,0.9791,1,CRITICAL
52.51,58.69,65.82,43.0,0.0551,0.71,0.9699,1,CRITICAL
35.17,24.84,46.24,40.09,0.0219,0.86,0.8598,1,CRITICAL
39.05,18.83,32.17,31.05,0.0188,1.05,0.7126,1,HIGH
15.53,17.56,14.13,28.27,0.0093,1.38,0.0999,0,MODERATE
26.98,29.67,44.63,28.84,-0.033,1.24,0.4956,0,MODERATE
20.79,8.24,19.95,32.29,0.0052,1.17,0.2723,0,HIGH
62.38,25.35,50.34,20.84,0.0254,1.26,0.8268,1,CRITICAL
31.73,21.31,61.63,26.2,-0.0507,1.31,0.7084,1,HIGH
47.09,44.87,70.9,16.32,0.0207,1.83,0.2766,0,MODERATE
48.3,24.48,42.33,30.79,-0.0423,0.98,0.9087,1,CRITICAL
39.09,28.02,53.99,32.53,0.0296,1.0,0.7986,1,CRITICAL
25.24,2.54,20.93,24.62,0.0206,1.47,0.2896,0,MODERATE
38.41,12.45,35.76,39.02,0.019,0.86,0.8897,1,CRITICAL
71.57,49.33,71.92,19.42,0.0384,1.23,0.9177,1,CRITICAL
62.97,52.01,71.98,17.75,0.0351,1.46,0.7376,1,HIGH
74.82,32.74,60.02,29.57,0.0735,0.8,0.9939,1,CRITICAL
79.54,37.41,69.55,35.33,0.0776,0.66,0.997,1,CRITICAL
41.51,13.56,36.83,39.79,-0.021,0.82,0.8833,1,CRITICAL
75.28,100.0,160.86,24.79,0.1243,0.94,0.9989,1,CRITICAL
38.81,28.94,47.73,35.55,0.0228,0.93,0.8196,1,CRITICAL
50.47,32.59,48.18,27.73,0.0633,1.06,0.9026,1,CRITICAL
44.38,25.59,36.68,26.79,0.0181,1.15,0.7023,1,HIGH
57.94,32.95,60.04,34.19,0.0497,0.82,0.9557,1,CRITICAL
71.03,31.68,72.22,32.57,0.0568,0.76,0.9903,1,CRITICAL
44.51,26.66,61.03,16.97,0.0277,1.8,0.2089,0,LOW
48.03,37.4,43.53,38.34,-0.037,0.81,0.9157,1,CRITICAL
41.47,48.52,92.97,37.66,0.0563,0.86,0.9653,1,CRITICAL
47.69,24.0,46.84,23.62,0.0181,1.27,0.7004,1,HIGH
53.68,17.58,48.21,30.77,0.0582,0.94,0.9539,1,CRITICAL
58.8,19.92,53.46,31.46,0.0573,0.88,0.9737,1,CRITICAL
28.54,12.61,33.83,29.82,0.0246,1.19,0.3638,0,HIGH
30.25,56.24,65.59,24.15,-0.0287,1.44,0.5673,1,HIGH
67.89,51.12,74.24,23.3,0.057,1.07,0.9626,1,CRITICAL
52.26,27.56,54.71,27.82,0.0288,1.04,0.8602,1,CRITICAL
41.14,32.18,35.58,36.21,-0.0581,0.9,0.9051,1,CRITICAL
83.33,39.93,69.09,31.81,0.0661,0.7,0.9955,1,CRITICAL
14.32,26.7,21.92,25.41,0.0187,1.55,0.1052,0,LOW
45.07,55.49,55.63,33.4,0.0419,0.93,0.9253,1,CRITICAL
42.75,43.32,55.06,12.0,0.0246,2.58,0.0157,0,LOW
65.27,34.58,56.06,36.04,0.0756,0.74,0.9883,1,CRITICAL
52.26,33.03,43.39,15.82,0.0172,1.81,0.241,0,LOW
46.05,26.62,44.12,25.46,-0.038,1.2,0.8138,1,CRITICAL
66.27,35.98,90.56,20.16,0.054,1.25,0.946,1,CRITICAL
23.62,11.89,30.72,18.94,-0.0058,1.93,0.0317,0,LOW
49.21,17.58,45.15,36.13,0.0348,0.84,0.8954,1,CRITICAL
49.61,20.57,45.56,24.73,0.0459,1.19,0.7653,1,CRITICAL
73.86,54.66,61.21,30.43,-0.0515,0.79,0.9804,1,CRITICAL
85.57,58.06,78.07,27.67,-0.0715,0.77,0.9955,1,CRITICAL
72.63,53.38,81.61,31.34,0.072,0.78,0.9965,1,CRITICAL
39.85,58.39,83.77,28.54,0.0462,1.13,0.9033,1,CRITICAL
30.25,1.86,34.64,19.02,0.039,1.82,0.1892,0,LOW
35.5,25.97,31.15,34.97,0.0157,0.97,0.6235,1,CRITICAL
31.17,34.7,42.17,24.54,-0.0213,1.4,0.2243,0,MODERATE
22.47,1.11,39.18,17.1,0.0133,2.15,0.0251,0,LOW
71.54,42.66,58.34,25.0,0.04,0.97,0.9828,1,CRITICAL
68.85,35.89,83.55,38.51,0.1116,0.68,0.9971,1,CRITICAL
47.53,19.02,64.54,33.95,0.0348,0.9,0.9321,1,CRITICAL
41.42,38.9,42.73,25.56,0.017,1.24,0.4622,0,MODERATE
63.17,27.65,62.86,25.56,0.0537,1.03,0.9585,1,CRITICAL
44.69,25.54,54.49,25.75,-0.0255,1.2,0.733,1,HIGH
39.8,39.17,48.78,42.54,0.0468,0.79,0.8584,1,CRITICAL
41.06,16.81,33.1,30.67,0.0407,1.04,0.7215,1,HIGH
71.57,33.73,59.22,31.01,0.0482,0.79,0.978,1,CRITICAL
29.98,13.97,26.64,35.21,0.0126,1.0,0.4479,0,HIGH
66.29,47.98,74.17,29.67,0.051,0.87,0.9768,1,CRITICAL
55.01,29.36,52.71,26.19,0.0287,1.08,0.8946,1,CRITICAL
81.66,47.44,77.16,26.63,-0.0606,0.83,0.9921,1,CRITICAL
36.9,26.01,51.74,27.5,0.048,1.2,0.8095,1,CRITICAL
22.98,18.3,24.64,27.74,0.0273,1.33,0.2624,0,MODERATE
53.03,41.03,63.16,33.09,0.037,0.88,0.9538,1,CRITICAL
26.97,37.18,30.33,28.36,0.0388,1.26,0.5002,1,HIGH
25.76,12.82,27.71,33.13,0.0091,1.1,0.5745,1,HIGH
74.7,37.66,65.84,27.43,0.061,0.86,0.9849,1,CRITICAL
77.19,69.6,112.02,28.55,0.0848,0.81,0.9979,1,CRITICAL
45.3,44.69,58.41,14.01,0.0133,2.17,0.0582,0,LOW
44.25,10.51,35.71,34.41,0.0395,0.91,0.9272,1,CRITICAL
44.68,50.89,83.09,30.43,0.0471,1.02,0.9032,1,CRITICAL
64.55,19.35,74.04,34.99,0.0694,0.76,0.9915,1,CRITICAL
37.3,16.64,32.27,12.0,0.0131,2.71,0.0095,0,LOW
10.59,16.53,9.66,42.62,0.0025,0.97,0.2079,0,CRITICAL
25.09,8.1,25.6,27.02,0.026,1.34,0.3445,0,MODERATE
31.31,25.6,39.73,35.76,0.0406,0.98,0.7029,1,CRITICAL
38.58,21.86,45.24,20.72,0.0127,1.56,0.4841,0,MODERATE
63.16,24.63,55.37,32.29,0.0447,0.83,0.9464,1,CRITICAL
74.27,50.67,68.27,20.63,0.0471,1.14,0.937,1,CRITICAL
31.58,6.85,28.84,23.63,0.0211,1.45,0.204,0,LOW
46.44,25.69,37.93,41.4,0.0373,0.77,0.8959,1,CRITICAL
68.61,42.56,65.8,26.67,0.0578,0.94,0.982,1,CRITICAL
32.73,11.03,32.57,29.52,0.0616,1.16,0.8185,1,CRITICAL
72.6,43.45,69.82,34.09,0.065,0.72,0.9954,1,CRITICAL
23.78,28.42,62.95,31.47,0.0279,1.17,0.6226,1,HIGH
45.67,28.53,38.85,29.05,0.0352,1.06,0.8127,1,CRITICAL
44.81,8.38,35.88,30.55,0.0298,1.02,0.7693,1,CRITICAL
60.41,26.32,49.52,44.82,0.052,0.65,0.9851,1,CRITICAL
25.54,15.32,29.75,27.6,0.0217,1.31,0.3107,0,MODERATE
69.23,55.41,73.79,29.41,0.0658,0.85,0.9892,1,CRITICAL
55.59,35.91,57.52,35.35,0.0509,0.81,0.959,1,CRITICAL
57.77,43.42,56.46,35.74,0.0423,0.79,0.952,1,CRITICAL
40.45,28.9,38.92,36.31,0.0296,0.9,0.8459,1,CRITICAL
50.48,33.05,45.95,32.47,0.0575,0.92,0.9367,1,CRITICAL
63.6,31.46,57.96,20.0,0.055,1.29,0.8769,1,CRITICAL
63.03,48.97,64.61,39.43,0.0744,0.7,0.9879,1,CRITICAL
42.67,18.57,36.89,19.98,0.0284,1.56,0.406,0,MODERATE
29.42,10.11,45.67,30.12,0.016,1.17,0.5743,1,HIGH
33.91,21.83,39.97,22.72,0.0195,1.48,0.4671,0,MODERATE
63.27,37.73,55.32,27.55,0.0339,0.95,0.9681,1,CRITICAL
41.61,10.17,43.72,30.3,-0.0439,1.05,0.7581,1,CRITICAL
24.99,32.76,69.35,30.25,0.0226,1.2,0.5816,1,HIGH
59.97,16.67,48.29,30.95,0.0517,0.88,0.9386,1,CRITICAL
57.93,37.67,49.68,39.3,-0.063,0.73,0.9614,1,CRITICAL
39.56,41.07,40.57,31.17,0.0501,1.04,0.9106,1,CRITICAL
21.87,17.56,32.76,26.29,0.0273,1.41,0.3622,0,MODERATE
89.52,50.43,75.19,34.75,0.0904,0.61,0.9984,1,CRITICAL
47.22,51.84,77.97,36.33,0.0583,0.85,0.979,1,CRITICAL
56.01,51.68,60.24,19.41,0.0276,1.43,0.8007,1,CRITICAL
43.94,33.46,66.64,32.18,0.0343,0.97,0.8228,1,CRITICAL
30.88,16.22,30.69,32.91,0.0125,1.06,0.6333,1,HIGH
55.69,39.22,71.04,25.92,0.0372,1.08,0.9099,1,CRITICAL
24.84,16.95,27.0,37.63,0.0492,0.98,0.7238,1,CRITICAL
55.65,54.38,48.89,26.95,0.0271,1.04,0.9562,1,CRITICAL
81.18,61.11,101.34,28.88,0.0985,0.77,0.999,1,CRITICAL
46.32,14.56,38.51,26.79,0.019,1.14,0.7066,1,HIGH
34.05,30.56,70.18,28.11,0.0779,1.2,0.9075,1,CRITICAL
26.95,30.98,30.76,20.33,0.0125,1.75,0.0467,0,LOW
39.04,54.33,104.88,17.92,0.0324,1.79,0.4942,0,MODERATE
42.81,34.17,45.88,39.16,-0.0334,0.83,0.9188,1,CRITICAL
76.43,42.64,82.39,22.07,0.0718,1.04,0.9903,1,CRITICAL
54.98,13.79,44.09,21.06,0.0207,1.33,0.6468,1,HIGH
61.62,41.81,59.59,12.93,-0.0425,2.03,0.3629,0,MODERATE
33.99,22.04,47.25,23.53,-0.0286,1.43,0.4966,0,MODERATE
46.56,40.35,60.16,18.74,0.0212,1.61,0.2538,0,MODERATE
57.99,34.38,48.97,39.49,0.0384,0.73,0.9647,1,CRITICAL
13.97,17.06,19.32,35.07,0.0255,1.14,0.251,0,HIGH
15.74,9.76,20.74,23.18,0.0062,1.68,0.0649,0,LOW
15.49,15.28,14.03,43.77,0.0362,0.92,0.6525,1,CRITICAL
39.89,15.19,40.69,34.87,0.0209,0.94,0.7677,1,CRITICAL
66.58,22.23,77.95,25.73,0.0589,0.99,0.9682,1,CRITICAL
29.16,24.28,28.69,12.0,0.021,2.9,0.0022,0,LOW
25.58,19.03,28.96,44.04,0.027,0.85,0.637,1,CRITICAL
36.75,40.73,78.05,18.27,-0.0232,1.79,0.2599,0,MODERATE
41.91,5.69,34.01,16.48,0.0391,1.9,0.1438,0,LOW
34.53,4.27,41.06,35.16,0.0386,0.97,0.8296,1,CRITICAL
26.09,25.29,41.28,45.08,0.0269,0.83,0.802,1,CRITICAL
24.13,40.95,40.76,37.69,0.0262,0.98,0.6705,1,CRITICAL
87.78,52.07,89.1,31.95,0.0958,0.66,0.9993,1,CRITICAL
19.42,17.37,34.98,32.16,0.0513,1.18,0.5415,1,HIGH
58.47,28.37,47.69,33.97,0.0656,0.82,0.9687,1,CRITICAL
82.0,68.03,77.06,33.31,0.0742,0.68,0.9967,1,CRITICAL
69.11,54.44,78.2,29.97,0.0586,0.84,0.9848,1,CRITICAL
24.22,3.18,20.85,28.73,0.0646,1.27,0.3978,0,MODERATE
76.95,37.32,61.74,27.56,0.0477,0.84,0.9782,1,CRITICAL
20.87,28.51,41.98,22.72,0.0527,1.64,0.2849,0,MODERATE
34.58,17.25,46.35,26.04,0.0296,1.29,0.4882,0,MODERATE
43.52,33.26,42.78,16.15,0.0108,1.91,0.1359,0,LOW
25.22,29.31,62.47,27.31,0.0205,1.33,0.4205,0,MODERATE
48.45,21.24,60.59,21.08,0.0303,1.41,0.6631,1,HIGH
31.25,46.7,76.56,20.27,0.043,1.69,0.4647,0,MODERATE
84.43,63.55,107.29,29.26,0.0943,0.74,0.9988,1,CRITICAL
44.3,27.16,45.29,37.74,0.0308,0.84,0.8692,1,CRITICAL
67.39,37.35,74.99,34.43,0.0959,0.75,0.9938,1,CRITICAL
83.62,43.84,83.49,17.01,-0.0408,1.25,0.9769,1,CRITICAL
54.73,52.57,68.81,21.07,0.0385,1.33,0.8476,1,CRITICAL
83.82,58.59,90.3,34.59,0.0978,0.64,0.9991,1,CRITICAL
64.73,23.0,54.28,21.12,0.0256,1.21,0.8624,1,CRITICAL
59.18,11.3,51.34,26.43,-0.0281,1.03,0.8581,1,CRITICAL
45.37,15.41,40.93,31.85,0.0269,0.97,0.8627,1,CRITICAL
19.71,26.39,41.36,21.22,0.0079,1.77,0.0738,0,LOW
42.42,29.03,58.91,28.74,0.0337,1.1,0.8356,1,CRITICAL
27.51,12.26,32.27,18.66,0.0196,1.89,0.0416,0,LOW
70.22,35.64,69.22,23.79,0.0562,1.03,0.9673,1,CRITICAL
29.76,29.34,50.12,30.24,0.0269,1.16,0.5339,1,HIGH
50.16,35.3,45.75,16.85,0.0201,1.73,0.3375,0,MODERATE
62.1,30.27,50.46,31.08,0.0346,0.86,0.9631,1,CRITICAL
27.61,19.8,31.97,27.86,0.0125,1.28,0.3407,0,MODERATE
47.2,42.46,74.51,31.87,-0.0455,0.96,0.9557,1,CRITICAL
36.13,26.42,52.35,29.57,0.0573,1.12,0.8795,1,CRITICAL
52.95,38.47,49.21,37.55,0.036,0.79,0.9556,1,CRITICAL
24.35,19.71,20.48,28.88,0.0128,1.26,0.3326,0,MODERATE
86.06,70.88,84.04,24.99,0.08,0.84,0.9959,1,CRITICAL
55.9,49.12,71.7,28.86,0.0569,0.98,0.9501,1,CRITICAL
86.03,46.15,85.23,31.8,0.1283,0.68,0.9994,1,CRITICAL
65.32,27.29,60.56,28.34,0.0405,0.91,0.9556,1,CRITICAL
38.0,28.95,32.38,28.28,0.0118,1.16,0.6186,1,HIGH
66.21,45.38,89.22,23.09,0.0513,1.1,0.9833,1,CRITICAL
72.66,45.88,62.97,23.36,0.0381,1.02,0.9721,1,CRITICAL
66.4,26.56,56.93,18.18,0.0348,1.38,0.8295,1,CRITICAL
49.25,42.37,64.79,40.25,0.0772,0.77,0.9675,1,CRITICAL
30.39,39.76,83.93,19.29,0.0339,1.79,0.2893,0,MODERATE
69.18,50.72,71.53,23.15,0.0404,1.07,0.9719,1,CRITICAL
64.49,27.44,66.29,22.97,-0.0346,1.12,0.9271,1,CRITICAL
40.13,25.45,37.87,34.26,0.0537,0.95,0.9058,1,CRITICAL
25.51,10.45,20.72,25.94,0.0146,1.39,0.2368,0,MODERATE
61.46,32.44,52.37,36.73,0.078,0.75,0.9874,1,CRITICAL
30.13,18.41,37.27,23.29,-0.0287,1.49,0.2701,0,MODERATE
38.77,15.9,33.48,29.95,0.0882,1.09,0.7967,1,CRITICAL
65.62,52.42,84.79,22.15,0.0718,1.15,0.9677,1,CRITICAL
27.06,4.84,24.78,43.02,0.0176,0.86,0.6467,1,CRITICAL
19.87,6.1,26.97,19.69,0.0248,1.91,0.0534,0,LOW
17.41,11.23,24.69,30.17,0.0139,1.28,0.2278,0,MODERATE
61.92,34.08,63.43,32.44,0.0464,0.83,0.9827,1,CRITICAL
61.85,23.2,55.43,30.9,0.0394,0.87,0.9658,1,CRITICAL
42.98,48.48,65.4,26.7,0.0326,1.17,0.7746,1,CRITICAL
68.55,34.85,63.65,27.09,0.0412,0.92,0.9633,1,CRITICAL
40.34,27.94,50.34,28.31,0.0221,1.13,0.6802,1,HIGH
42.6,16.27,49.24,26.97,0.0293,1.16,0.7547,1,CRITICAL
39.11,40.61,33.16,34.75,0.0612,0.94,0.859,1,CRITICAL
16.39,40.91,27.73,43.47,0.0195,0.92,0.4446,0,CRITICAL
36.26,16.8,41.01,24.1,0.0198,1.37,0.52,1,HIGH
20.16,42.54,50.46,18.41,0.0104,2.04,0.0364,0,LOW
32.53,33.84,57.93,27.38,0.0205,1.25,0.5997,1,HIGH
63.39,47.94,53.17,46.06,0.0679,0.62,0.9873,1,CRITICAL
14.87,11.27,13.17,22.37,0.0298,1.75,0.0363,0,LOW
35.2,21.03,33.39,39.47,0.0231,0.87,0.7837,1,CRITICAL
34.51,30.39,92.31,39.74,0.0542,0.87,0.9049,1,CRITICAL
55.59,18.09,44.8,24.12,0.0384,1.16,0.881,1,CRITICAL
27.84,23.62,39.03,31.98,0.0125,1.12,0.453,0,HIGH
59.72,39.09,61.84,39.4,0.055,0.72,0.9815,1,CRITICAL
30.33,11.77,39.86,25.35,0.0298,1.37,0.4412,0,MODERATE
65.87,26.55,56.39,26.57,0.0502,0.96,0.9622,1,CRITICAL
57.3,35.35,49.7,23.93,0.0235,1.15,0.7796,1,CRITICAL
50.0,15.24,48.45,20.9,-0.0209,1.4,0.7164,1,HIGH
35.87,19.46,30.2,23.46,0.0256,1.41,0.2556,0,MODERATE
22.52,23.89,19.18,19.43,-0.0075,1.89,0.016,0,LOW
43.44,25.54,36.14,28.24,-0.04,1.11,0.8219,1,CRITICAL
67.13,43.23,66.46,22.61,0.0341,1.11,0.904,1,CRITICAL
27.81,0.0,29.86,29.64,0.0114,1.2,0.506,1,HIGH
68.21,27.65,59.79,17.11,0.0282,1.44,0.8251,1,CRITICAL
69.22,57.18,61.07,30.32,0.0816,0.83,0.9906,1,CRITICAL
29.67,10.34,27.22,33.83,-0.033,1.04,0.5887,1,HIGH
49.96,41.4,47.92,14.04,0.0435,2.07,0.1358,0,LOW
80.33,34.49,67.67,30.62,0.0642,0.74,0.9937,1,CRITICAL
34.03,24.33,45.18,36.59,0.0447,0.94,0.7922,1,CRITICAL
60.9,35.58,50.7,19.53,0.0489,1.36,0.8792,1,CRITICAL
26.14,40.21,65.33,39.71,0.0303,0.93,0.767,1,CRITICAL
46.17,26.82,38.35,30.93,0.0962,0.99,0.9511,1,CRITICAL
32.29,33.17,68.92,23.06,0.0457,1.48,0.6205,1,HIGH
49.45,28.5,66.43,27.61,0.085,1.07,0.9359,1,CRITICAL
68.97,34.52,72.3,31.91,0.0832,0.79,0.9937,1,CRITICAL
45.74,38.54,73.1,28.53,0.0543,1.08,0.887,1,CRITICAL
44.42,20.38,37.78,31.77,0.061,0.98,0.8868,1,CRITICAL
27.84,25.48,25.18,21.56,0.0132,1.64,0.1025,0,LOW
78.05,40.95,66.8,29.19,0.0737,0.79,0.992,1,CRITICAL
84.94,48.15,72.17,18.1,0.0406,1.16,0.9748,1,CRITICAL
54.25,30.81,48.98,27.22,0.0439,1.05,0.8585,1,CRITICAL
86.33,38.0,81.92,21.67,0.0742,0.96,0.9958,1,CRITICAL
63.2,30.76,50.99,22.85,-0.0435,1.14,0.8773,1,CRITICAL
12.85,11.81,17.5,36.65,0.0312,1.1,0.2561,0,HIGH
23.37,21.36,22.94,35.64,0.0144,1.04,0.4452,0,HIGH
35.77,14.88,42.61,32.26,0.0282,1.04,0.7122,1,HIGH
58.29,45.48,109.8,20.35,0.0436,1.34,0.9343,1,CRITICAL
17.32,16.64,24.79,25.79,0.0061,1.49,0.113,0,LOW
53.2,34.06,50.88,36.49,0.0484,0.81,0.9286,1,CRITICAL
70.77,36.31,63.5,28.99,0.0558,0.85,0.989,1,CRITICAL
39.7,33.17,54.81,44.24,0.0354,0.77,0.9181,1,CRITICAL
50.59,33.74,41.59,30.75,0.0258,0.96,0.8815,1,CRITICAL
55.76,51.1,92.81,29.34,0.0569,0.96,0.9882,1,CRITICAL
54.66,28.32,51.85,25.84,0.0433,1.09,0.9309,1,CRITICAL
37.27,22.07,35.46,28.93,0.0269,1.14,0.6616,1,HIGH
64.41,51.59,106.31,26.93,0.0626,0.96,0.9806,1,CRITICAL
38.01,41.45,71.61,32.96,0.0513,1.0,0.8521,1,CRITICAL
51.21,33.18,56.37,34.7,0.038,0.86,0.9607,1,CRITICAL
44.69,37.99,36.03,22.5,0.0288,1.36,0.5161,1,HIGH
38.21,27.78,51.27,18.68,0.0142,1.73,0.1962,0,LOW
51.98,30.63,47.72,15.15,0.1052,1.89,0.4584,0,MODERATE
73.77,49.02,66.39,31.56,0.0528,0.77,0.9912,1,CRITICAL
18.04,1.84,17.03,20.28,0.0224,1.88,0.053,0,LOW
45.32,42.18,47.37,12.93,0.0209,2.35,0.0677,0,LOW
22.18,40.57,38.21,30.72,0.01,1.21,0.3259,0,MODERATE
17.88,11.16,19.09,45.45,0.0056,0.88,0.5451,1,CRITICAL
29.42,33.86,65.42,27.96,0.0247,1.25,0.5864,1,HIGH
77.71,55.52,65.41,33.87,0.0817,0.69,0.997,1,CRITICAL
51.37,33.23,42.12,28.57,0.0212,1.02,0.8425,1,CRITICAL
38.0,28.36,45.91,27.31,-0.0342,1.2,0.6118,1,HIGH
34.97,48.09,56.37,34.43,0.0386,0.98,0.8922,1,CRITICAL
60.03,69.57,93.93,25.97,-0.0534,1.04,0.9725,1,CRITICAL
49.14,33.34,61.17,29.87,0.0311,1.0,0.8865,1,CRITICAL
37.18,22.34,33.09,30.25,0.0494,1.09,0.7651,1,CRITICAL
21.93,50.51,74.57,23.32,0.0181,1.59,0.2064,0,LOW
28.14,36.46,60.3,34.94,0.0215,1.02,0.7548,1,CRITICAL
77.82,25.05,64.93,26.78,0.0623,0.86,0.9891,1,CRITICAL
52.12,23.0,53.97,22.71,-0.025,1.27,0.6998,1,HIGH
32.59,9.36,38.24,31.76,0.0229,1.08,0.8039,1,CRITICAL
56.93,37.51,54.31,21.71,0.0231,1.27,0.7236,1,HIGH
64.92,56.69,114.23,28.2,0.1441,0.92,0.9981,1,CRITICAL
34.86,19.21,28.81,27.94,0.0183,1.2,0.5059,1,HIGH
39.98,46.39,46.79,35.6,0.1276,0.92,0.9571,1,CRITICAL
44.11,37.52,38.73,31.32,0.0251,1.0,0.7872,1,CRITICAL
25.42,0.57,31.57,27.82,0.0139,1.3,0.2198,0,MODERATE
51.24,25.43,63.69,33.72,0.0736,0.88,0.9853,1,CRITICAL
27.41,7.94,26.17,37.73,0.015,0.96,0.5764,1,CRITICAL
19.43,2.13,23.04,31.9,0.0132,1.19,0.2858,0,HIGH
27.57,23.8,67.22,28.07,0.0186,1.27,0.6978,1,HIGH
50.0,36.79,61.5,18.82,0.066,1.55,0.6501,1,HIGH
30.85,29.51,37.44,20.54,0.0092,1.68,0.1979,0,LOW
40.71,31.34,36.34,25.86,0.0349,1.23,0.6902,1,HIGH
43.94,21.33,43.46,23.73,-0.0267,1.3,0.4481,0,MODERATE
23.02,21.72,40.73,26.69,0.0093,1.38,0.2275,0,MODERATE
89.89,62.17,97.68,28.4,0.0831,0.72,0.9988,1,CRITICAL
38.34,19.84,34.88,31.71,0.0553,1.03,0.8218,1,CRITICAL
62.39,47.82,66.18,27.51,0.0582,0.96,0.9705,1,CRITICAL
42.93,25.81,35.84,31.41,0.0335,1.01,0.7717,1,CRITICAL
66.8,28.51,53.8,28.45,0.0427,0.9,0.9584,1,CRITICAL
70.18,22.28,68.07,14.17,0.0267,1.7,0.6497,1,HIGH
53.42,42.92,46.55,21.42,0.0348,1.33,0.8446,1,CRITICAL
17.24,2.15,15.02,26.99,0.0164,1.43,0.0994,0,MODERATE
77.63,52.62,81.74,19.53,-0.0608,1.16,0.9743,1,CRITICAL
32.15,2.47,36.06,32.2,0.0193,1.07,0.6225,1,HIGH
22.99,25.24,42.26,38.72,0.0776,0.97,0.7413,1,CRITICAL
65.05,42.04,68.4,36.53,-0.0552,0.73,0.9895,1,CRITICAL
48.36,36.48,58.32,26.51,0.0262,1.13,0.7496,1,HIGH
49.45,57.18,45.07,38.44,0.0659,0.8,0.9436,1,CRITICAL
33.43,12.48,31.33,29.04,0.0258,1.17,0.4565,0,HIGH
67.61,48.92,67.86,25.64,0.0451,0.98,0.9466,1,CRITICAL
25.15,19.31,23.47,23.71,0.0262,1.52,0.2552,0,MODERATE
48.23,31.57,63.92,25.88,0.0356,1.16,0.8688,1,CRITICAL
22.93,25.72,29.44,25.28,0.006,1.46,0.2103,0,LOW
65.89,32.3,56.57,29.19,0.0521,0.88,0.9806,1,CRITICAL
85.09,58.43,82.79,29.12,0.0726,0.74,0.9969,1,CRITICAL
56.65,72.91,88.84,28.02,0.0488,1.0,0.9656,1,CRITICAL
27.53,15.5,23.31,31.06,0.0105,1.15,0.491,0,HIGH
63.35,28.64,52.42,36.33,0.0499,0.74,0.9886,1,CRITICAL
39.52,46.2,59.47,34.65,0.0279,0.94,0.8064,1,CRITICAL
31.24,30.01,26.73,17.61,0.0371,1.95,0.1663,0,LOW
40.21,10.83,32.77,12.0,0.0176,2.64,0.0055,0,LOW
17.93,7.93,20.76,34.54,0.0095,1.12,0.28,0,HIGH
77.22,49.48,71.21,18.43,0.0512,1.23,0.9609,1,CRITICAL
42.31,26.57,46.49,26.43,0.0418,1.19,0.7641,1,CRITICAL
54.9,23.18,54.54,19.81,0.034,1.41,0.8343,1,CRITICAL
80.02,65.81,100.68,15.39,0.0447,1.43,0.9676,1,CRITICAL
75.25,56.01,82.16,31.79,0.0673,0.75,0.9955,1,CRITICAL
34.31,50.23,89.29,33.31,0.0635,1.02,0.9477,1,CRITICAL
46.71,28.86,47.07,23.96,0.0216,1.26,0.7001,1,HIGH
30.71,9.77,25.89,12.0,-0.0035,2.86,0.0014,0,LOW
69.14,50.25,102.01,24.18,-0.0723,1.02,0.9907,1,CRITICAL
74.1,30.64,59.35,30.74,0.0476,0.78,0.9872,1,CRITICAL
18.98,23.32,37.63,17.65,0.0748,2.14,0.0414,0,LOW
78.44,23.19,63.23,29.28,0.079,0.78,0.9963,1,CRITICAL
26.2,21.22,42.44,27.89,0.0244,1.29,0.4116,0,MODERATE
44.95,47.47,77.65,32.06,0.0642,0.97,0.9302,1,CRITICAL
20.09,26.03,23.47,28.84,0.0141,1.31,0.1741,0,MODERATE
54.35,25.44,47.61,21.19,0.0416,1.33,0.7979,1,CRITICAL
25.62,2.15,24.35,36.38,0.0232,1.01,0.6507,1,HIGH
36.05,21.3,38.99,26.89,0.013,1.23,0.5549,1,HIGH
46.85,18.51,40.29,27.81,0.0621,1.09,0.8889,1,CRITICAL
15.37,22.96,29.06,21.47,0.0328,1.82,0.0444,0,LOW
57.14,28.18,52.6,24.9,0.0709,1.11,0.9383,1,CRITICAL
12.49,0.0,15.85,21.81,0.0212,1.83,0.0289,0,LOW
35.22,59.39,37.45,26.79,0.0197,1.25,0.4911,0,MODERATE
59.42,36.99,59.27,39.98,-0.0504,0.71,0.9805,1,CRITICAL
66.83,34.35,55.76,18.4,0.0258,1.36,0.784,1,CRITICAL
36.08,12.98,47.32,16.71,0.0119,1.97,0.1054,0,LOW
24.32,16.33,51.63,38.3,0.0198,0.97,0.6071,1,CRITICAL
48.99,25.52,44.07,26.53,0.0311,1.12,0.7262,1,HIGH
59.69,33.8,50.73,23.32,0.0408,1.16,0.8571,1,CRITICAL
54.66,46.12,65.17,35.28,0.0475,0.82,0.9765,1,CRITICAL
44.66,25.64,38.77,23.76,0.0257,1.29,0.6375,1,HIGH
73.73,23.91,59.62,40.78,0.066,0.62,0.9898,1,CRITICAL
38.83,2.28,45.55,32.75,0.0372,1.0,0.8502,1,CRITICAL
41.98,21.62,37.7,24.58,0.0799,1.28,0.7812,1,CRITICAL
39.93,15.53,34.78,43.1,0.0375,0.78,0.8812,1,CRITICAL
57.22,50.8,105.71,23.76,0.0488,1.16,0.9544,1,CRITICAL
42.78,31.92,39.4,33.19,0.0284,0.96,0.7519,1,CRITICAL
80.69,44.01,99.61,30.1,-0.1027,0.75,0.9985,1,CRITICAL
74.8,43.84,62.79,37.11,0.0698,0.66,0.9917,1,CRITICAL
47.35,24.01,63.52,38.93,0.0843,0.8,0.9746,1,CRITICAL
16.94,15.75,24.01,28.22,0.0047,1.37,0.1361,0,MODERATE
74.96,46.06,61.2,22.73,0.0399,1.03,0.9749,1,CRITICAL
61.27,37.93,68.86,31.22,0.0476,0.87,0.9741,1,CRITICAL
19.83,46.45,49.26,23.26,0.0295,1.62,0.2114,0,LOW
65.22,52.08,54.84,42.09,0.0613,0.65,0.984,1,CRITICAL
16.27,21.82,32.42,28.96,0.0073,1.34,0.1848,0,MODERATE
19.92,20.27,24.77,25.44,0.0092,1.48,0.1548,0,LOW
39.65,42.26,52.75,29.29,0.0315,1.1,0.8436,1,CRITICAL
94.35,62.0,94.25,18.57,-0.1384,1.02,0.9981,1,CRITICAL
31.16,19.57,25.33,21.2,0.0124,1.62,0.1095,0,LOW
74.83,32.45,62.82,36.4,0.0596,0.67,0.9945,1,CRITICAL
76.97,25.8,71.13,23.4,0.053,0.98,0.9904,1,CRITICAL
28.91,24.38,63.8,20.67,0.0183,1.69,0.2274,0,LOW
56.77,54.84,51.7,31.76,0.0436,0.89,0.9281,1,CRITICAL
75.76,48.51,75.47,36.3,0.0786,0.67,0.9948,1,CRITICAL
61.72,27.28,49.56,33.03,0.0512,0.82,0.9722,1,CRITICAL
21.55,34.15,35.86,34.97,-0.0459,1.08,0.6376,1,HIGH
17.17,9.06,27.6,22.7,0.0069,1.69,0.057,0,LOW
69.74,50.61,74.64,18.05,0.0571,1.35,0.9011,1,CRITICAL
35.53,38.98,63.68,38.51,-0.0738,0.89,0.9581,1,CRITICAL
58.41,34.06,49.11,25.74,0.0316,1.06,0.8855,1,CRITICAL
34.45,15.9,32.11,26.24,0.0115,1.28,0.4584,0,MODERATE
36.5,57.09,111.22,37.3,0.0764,0.9,0.9556,1,CRITICAL
39.75,12.38,34.35,31.89,0.0326,1.02,0.8361,1,CRITICAL
31.12,18.58,44.02,31.19,0.0178,1.11,0.5469,1,HIGH
56.09,38.51,64.24,43.16,-0.0607,0.69,0.9903,1,CRITICAL
61.19,24.15,66.18,23.5,-0.0447,1.13,0.9432,1,CRITICAL
28.36,3.46,26.56,34.49,0.0115,1.03,0.4121,0,HIGH
29.08,17.49,26.9,28.4,0.0262,1.24,0.4484,0,MODERATE
71.19,42.77,73.42,29.88,-0.0696,0.82,0.9949,1,CRITICAL
27.22,16.82,24.87,38.7,0.0415,0.94,0.6665,1,CRITICAL
53.8,35.13,59.29,31.55,0.0461,0.91,0.971,1,CRITICAL
77.27,68.38,71.99,31.77,0.0717,0.74,0.9955,1,CRITICAL
25.79,18.04,27.96,35.51,0.023,1.03,0.6741,1,HIGH
35.79,16.6,33.99,25.45,0.0151,1.3,0.4485,0,MODERATE
34.11,43.92,71.51,22.13,0.0393,1.52,0.4938,0,MODERATE
38.11,34.88,41.13,20.69,0.0271,1.57,0.4709,0,MODERATE
48.82,30.35,51.41,14.24,-0.0393,2.07,0.2028,0,LOW
32.52,49.29,70.73,42.39,0.0545,0.84,0.9238,1,CRITICAL
58.69,41.68,62.86,20.28,0.0402,1.34,0.8528,1,CRITICAL
59.55,54.18,95.14,26.45,-0.0526,1.03,0.9663,1,CRITICAL
43.68,23.09,36.63,26.06,0.0516,1.19,0.7692,1,CRITICAL
29.14,46.85,51.43,30.15,-0.0219,1.17,0.6809,1,HIGH
69.43,39.44,61.68,33.71,0.0981,0.75,0.9939,1,CRITICAL
46.37,27.37,62.04,34.02,0.0403,0.91,0.9038,1,CRITICAL
19.02,23.35,44.25,23.92,0.0091,1.58,0.0954,0,LOW
26.1,0.0,25.63,26.83,0.0384,1.34,0.3631,0,MODERATE
42.7,26.6,42.05,29.98,0.0417,1.05,0.7786,1,CRITICAL
35.41,41.77,47.75,26.26,0.0379,1.27,0.4953,0,MODERATE
28.93,1.41,24.71,39.25,0.0108,0.92,0.5223,1,CRITICAL
39.96,33.36,53.1,31.44,0.054,1.03,0.9105,1,CRITICAL
26.4,23.58,22.87,33.14,0.0203,1.09,0.4705,0,HIGH
49.38,56.74,76.39,32.64,0.0506,0.92,0.9575,1,CRITICAL
38.57,34.22,35.71,36.21,-0.0533,0.91,0.8305,1,CRITICAL
51.17,13.59,53.79,29.27,0.0433,1.0,0.8948,1,CRITICAL
47.22,28.84,39.65,18.92,-0.014,1.58,0.2979,0,MODERATE
61.14,17.12,53.62,30.8,0.0447,0.88,0.9584,1,CRITICAL
52.68,19.96,49.91,23.44,0.0357,1.22,0.7019,1,HIGH
54.31,40.29,53.46,24.3,0.0578,1.16,0.9279,1,CRITICAL
50.88,26.0,40.7,32.1,-0.0271,0.92,0.8885,1,CRITICAL
52.49,52.22,74.92,36.67,0.0718,0.81,0.9826,1,CRITICAL
56.87,18.08,45.61,28.15,0.0485,0.99,0.9475,1,CRITICAL
47.57,50.94,60.34,30.16,0.0309,1.0,0.9154,1,CRITICAL
86.15,53.96,78.46,39.92,0.0902,0.56,0.9986,1,CRITICAL
45.95,37.63,47.89,29.69,0.0348,1.03,0.8762,1,CRITICAL
16.96,0.0,17.07,46.21,0.0278,0.87,0.6244,1,CRITICAL
29.94,34.5,37.97,31.96,-0.0242,1.1,0.6269,1,HIGH
52.02,28.74,53.17,15.67,0.0396,1.83,0.4434,0,MODERATE
46.63,17.89,40.0,33.27,0.0353,0.92,0.9089,1,CRITICAL
43.57,29.62,38.94,30.67,-0.0332,1.02,0.8497,1,CRITICAL
17.65,14.93,15.16,37.03,0.0037,1.05,0.4308,0,HIGH
54.07,18.1,44.29,32.71,-0.0275,0.88,0.9206,1,CRITICAL
20.36,30.46,16.5,27.03,0.0224,1.39,0.1896,0,MODERATE
74.59,56.19,63.41,19.43,0.0522,1.2,0.9651,1,CRITICAL
35.16,33.17,45.2,26.54,0.0258,1.26,0.5456,1,HIGH
54.51,33.89,49.31,22.05,-0.0331,1.28,0.8055,1,CRITICAL
32.72,22.78,32.47,23.94,-0.0228,1.42,0.2867,0,MODERATE
12.98,0.0,12.51,32.12,0.0034,1.24,0.0769,0,MODERATE
26.91,21.76,34.38,39.69,0.0288,0.92,0.7547,1,CRITICAL
41.38,24.63,39.39,30.76,-0.0265,1.04,0.6586,1,HIGH
16.96,12.53,30.49,19.63,-0.0172,1.96,0.0243,0,LOW
81.87,48.38,85.79,31.11,0.0853,0.72,0.9982,1,CRITICAL
45.62,5.99,49.67,36.38,0.0491,0.86,0.9478,1,CRITICAL
39.1,10.7,36.12,23.73,-0.0169,1.36,0.5397,1,HIGH
68.26,48.38,65.27,27.06,0.0472,0.93,0.9495,1,CRITICAL
41.21,39.7,37.32,28.1,0.0219,1.13,0.7027,1,HIGH
59.09,39.92,82.25,22.51,-0.058,1.2,0.9371,1,CRITICAL
22.41,25.67,39.74,32.54,0.0181,1.14,0.5501,1,HIGH
66.77,49.15,63.61,27.15,-0.0414,0.94,0.9806,1,CRITICAL
25.8,37.47,71.12,30.94,0.0801,1.17,0.7536,1,CRITICAL
41.85,33.97,45.35,21.79,0.024,1.44,0.4735,0,MODERATE
48.14,26.36,44.49,24.94,0.0195,1.2,0.7701,1,CRITICAL
69.37,46.1,57.0,33.06,0.0602,0.76,0.9858,1,CRITICAL
52.49,19.43,53.76,25.39,0.044,1.13,0.929,1,CRITICAL
60.26,35.6,77.74,40.09,0.073,0.7,0.9904,1,CRITICAL
34.92,37.7,58.17,25.2,0.0327,1.33,0.5619,1,HIGH
62.87,39.49,64.21,29.57,0.0426,0.9,0.9538,1,CRITICAL
57.54,31.56,53.53,34.53,-0.0423,0.82,0.9642,1,CRITICAL
25.28,27.35,35.98,18.07,0.0081,1.99,0.0135,0,LOW
54.54,29.8,65.17,15.67,0.0259,1.79,0.3901,0,MODERATE
28.25,4.64,30.56,17.32,0.0174,2.03,0.0608,0,LOW
48.66,24.18,48.63,36.84,0.0378,0.83,0.8952,1,CRITICAL
78.25,43.95,79.72,24.14,0.0637,0.94,0.9829,1,CRITICAL
55.12,42.46,75.49,45.91,0.0741,0.66,0.9936,1,CRITICAL
52.14,51.81,65.19,24.05,-0.033,1.2,0.8965,1,CRITICAL
44.53,29.28,35.97,29.29,0.018,1.06,0.6418,1,HIGH
45.43,28.33,38.34,38.79,-0.0269,0.81,0.9416,1,CRITICAL
17.75,27.98,42.93,42.04,0.014,0.94,0.6191,1,CRITICAL
38.08,30.09,57.38,42.43,0.0493,0.8,0.9523,1,CRITICAL
54.07,21.84,50.64,36.46,0.059,0.8,0.9574,1,CRITICAL
22.21,6.59,30.93,35.17,-0.0272,1.06,0.6549,1,HIGH
54.26,40.36,78.85,32.15,-0.0613,0.89,0.9723,1,CRITICAL
54.24,47.43,79.77,33.45,0.0538,0.86,0.9716,1,CRITICAL
20.25,11.92,39.12,24.14,0.025,1.56,0.1925,0,LOW
67.4,36.16,57.45,22.27,0.0427,1.12,0.9292,1,CRITICAL
19.48,19.2,35.24,27.98,0.0071,1.35,0.1394,0,MODERATE
31.37,12.04,26.7,26.81,-0.0432,1.28,0.5024,1,HIGH
28.45,45.47,56.42,24.83,-0.0145,1.42,0.3287,0,MODERATE
36.94,0.0,31.98,32.87,0.0234,1.01,0.6555,1,HIGH
38.2,24.27,46.84,34.69,0.0315,0.95,0.8841,1,CRITICAL
63.69,15.53,65.09,28.62,0.0668,0.92,0.9905,1,CRITICAL
58.29,43.87,69.14,38.34,0.0881,0.74,0.9869,1,CRITICAL
75.27,50.97,72.24,20.01,0.0784,1.16,0.9801,1,CRITICAL
30.15,1.52,25.04,26.64,0.0194,1.31,0.3134,0,MODERATE
37.26,16.67,48.16,22.98,0.0308,1.42,0.6736,1,HIGH
12.33,0.0,17.11,14.93,0.0024,2.67,0.0015,0,LOW
16.73,12.14,19.17,27.42,0.013,1.41,0.183,0,MODERATE
52.78,65.02,114.05,27.15,0.0887,1.06,0.9895,1,CRITICAL
75.91,41.68,74.12,38.59,-0.0815,0.63,0.9971,1,CRITICAL
33.5,23.57,45.41,32.42,-0.0175,1.05,0.6683,1,HIGH
80.36,35.56,75.5,20.83,0.0455,1.06,0.9882,1,CRITICAL
21.63,34.93,39.35,40.98,0.02,0.93,0.7015,1,CRITICAL
36.54,32.81,50.15,36.55,0.0264,0.92,0.7868,1,CRITICAL
31.72,13.01,41.44,32.07,0.0215,1.08,0.58,1,HIGH
46.74,70.27,128.79,26.41,0.0591,1.15,0.9595,1,CRITICAL
55.9,23.65,53.96,21.28,0.0272,1.31,0.8318,1,CRITICAL
31.99,40.44,43.97,25.39,-0.0133,1.35,0.5158,1,HIGH
89.96,64.68,95.94,35.62,-0.1346,0.59,0.9998,1,CRITICAL
57.12,30.4,52.77,41.19,0.0591,0.71,0.9743,1,CRITICAL
23.1,33.66,27.65,38.8,0.0229,0.97,0.5958,1,CRITICAL
22.47,56.62,70.17,24.58,0.0269,1.5,0.3064,0,MODERATE
51.52,22.72,41.71,20.16,0.022,1.43,0.5479,1,HIGH
13.53,6.06,16.95,28.99,0.0282,1.37,0.2186,0,MODERATE
80.58,41.05,74.45,15.62,0.0711,1.4,0.9579,1,CRITICAL
55.4,17.08,44.34,30.26,0.0249,0.94,0.9373,1,CRITICAL
47.99,61.02,72.8,26.97,0.0326,1.11,0.8587,1,CRITICAL
35.03,9.79,33.08,24.74,0.0264,1.35,0.4921,0,MODERATE
45.54,33.22,40.9,16.84,-0.0145,1.8,0.1666,0,LOW
43.13,43.06,60.25,31.6,0.0638,1.0,0.8604,1,CRITICAL
74.33,35.56,64.35,24.27,0.0552,0.97,0.9718,1,CRITICAL
35.71,44.89,44.65,19.81,0.0174,1.67,0.218,0,LOW
22.48,10.71,43.83,12.0,0.012,3.06,0.002,0,LOW
30.72,28.1,48.17,27.81,0.0313,1.25,0.5183,1,HIGH
49.13,32.4,62.15,40.41,0.0434,0.77,0.9592,1,CRITICAL
38.78,29.06,32.42,39.63,0.0488,0.84,0.9015,1,CRITICAL
27.79,17.62,23.48,24.8,0.0055,1.43,0.1607,0,MODERATE
23.08,0.0,23.96,23.78,0.0623,1.54,0.2304,0,LOW
44.43,34.05,36.1,31.28,0.0195,1.0,0.7888,1,CRITICAL
33.08,26.98,36.88,21.01,0.0289,1.61,0.2096,0,LOW
33.38,10.19,34.24,30.11,-0.0121,1.13,0.3897,0,HIGH
56.62,31.01,57.51,33.36,0.0447,0.85,0.9517,1,CRITICAL
28.9,4.07,28.45,36.59,0.025,0.98,0.6965,1,CRITICAL
56.13,31.22,54.88,27.3,0.0291,1.03,0.9214,1,CRITICAL
65.2,36.47,58.27,26.57,0.0424,0.97,0.9738,1,CRITICAL
49.64,22.44,42.97,21.85,0.021,1.35,0.7101,1,HIGH
20.01,14.53,31.73,22.21,0.015,1.69,0.0632,0,LOW
41.84,14.03,50.26,26.41,0.0291,1.2,0.6565,1,HIGH
46.02,41.37,63.33,30.57,0.0528,1.0,0.9013,1,CRITICAL
50.58,23.73,71.63,34.4,0.0435,0.87,0.9551,1,CRITICAL
21.38,21.54,35.39,22.38,0.0069,1.66,0.0754,0,LOW
64.0,23.2,68.65,38.45,0.064,0.7,0.9896,1,CRITICAL
76.13,37.57,61.78,26.1,0.0737,0.89,0.9856,1,CRITICAL
21.52,11.31,18.96,27.85,0.0328,1.34,0.3223,0,MODERATE
26.79,31.96,46.55,22.77,0.0218,1.56,0.1741,0,LOW
36.6,28.58,33.25,12.0,0.0378,2.73,0.0055,0,LOW
23.44,25.68,25.34,34.19,0.0313,1.08,0.5635,1,HIGH
16.36,0.0,15.44,33.16,0.0077,1.18,0.2805,0,HIGH
65.45,32.79,55.61,26.03,0.0344,0.99,0.9438,1,CRITICAL
21.24,43.75,39.4,28.47,0.0133,1.31,0.3594,0,MODERATE
77.43,41.09,66.5,31.61,-0.0581,0.74,0.9946,1,CRITICAL
20.91,7.09,25.67,17.06,0.0177,2.18,0.0305,0,LOW
61.93,30.41,52.01,24.3,-0.0393,1.09,0.935,1,CRITICAL
13.1,12.65,27.47,33.56,0.0177,1.19,0.4066,0,HIGH
40.78,19.53,52.16,19.22,0.0168,1.65,0.2949,0,MODERATE
63.82,43.37,57.79,30.05,0.0605,0.88,0.9852,1,CRITICAL
34.02,36.0,50.26,18.5,-0.0191,1.81,0.2218,0,LOW
23.21,0.26,22.68,31.27,0.0151,1.18,0.3382,0,HIGH
21.26,19.87,34.67,27.75,0.0938,1.35,0.5142,1,HIGH
30.15,20.59,43.76,16.69,-0.0123,2.07,0.0371,0,LOW
79.65,53.38,115.66,36.15,0.1185,0.65,0.9994,1,CRITICAL
84.63,28.85,71.67,22.86,0.0631,0.93,0.9876,1,CRITICAL
28.97,2.13,24.65,22.33,0.0372,1.57,0.188,0,LOW
33.39,18.19,31.29,29.4,0.0123,1.16,0.6079,1,HIGH
34.95,13.38,29.93,36.04,0.0325,0.94,0.8055,1,CRITICAL
50.5,16.32,43.19,20.89,0.0528,1.4,0.5142,1,HIGH
62.86,29.91,56.39,28.43,0.0418,0.93,0.9353,1,CRITICAL
86.83,53.96,77.48,31.0,0.0746,0.69,0.9989,1,CRITICAL
36.59,42.2,64.38,32.85,0.0428,1.01,0.9051,1,CRITICAL
60.71,41.12,51.84,29.24,0.0349,0.92,0.935,1,CRITICAL
45.46,51.64,89.88,25.43,0.0419,1.2,0.8203,1,CRITICAL
49.76,54.86,64.73,22.21,0.0579,1.32,0.7657,1,CRITICAL
28.76,36.48,55.0,28.6,0.0285,1.23,0.6159,1,HIGH
41.65,38.97,73.09,20.5,-0.0223,1.53,0.6785,1,HIGH
61.23,42.91,69.97,12.0,0.0231,2.19,0.3212,0,MODERATE
57.26,29.0,69.13,31.06,-0.0558,0.9,0.949,1,CRITICAL
58.75,30.32,55.64,34.33,0.0473,0.81,0.9661,1,CRITICAL
58.33,38.72,57.37,12.0,0.0296,2.25,0.1014,0,LOW
41.25,50.18,73.43,20.93,0.0426,1.51,0.6265,1,HIGH
65.89,31.8,59.84,32.33,0.0523,0.8,0.971,1,CRITICAL
30.71,42.47,25.21,42.4,0.076,0.85,0.8575,1,CRITICAL
46.52,33.56,58.8,28.15,0.0626,1.08,0.879,1,CRITICAL
40.79,10.46,45.41,22.9,-0.0151,1.39,0.511,1,HIGH
45.32,49.07,61.56,26.72,0.0295,1.15,0.7824,1,CRITICAL
46.58,29.14,38.44,37.62,-0.0278,0.83,0.8853,1,CRITICAL
26.35,23.7,35.64,23.48,-0.0104,1.52,0.2091,0,LOW
43.49,18.79,39.06,22.41,0.0183,1.38,0.6294,1,HIGH
52.4,50.11,76.95,24.62,-0.0414,1.17,0.9501,1,CRITICAL
25.0,29.24,21.75,21.33,0.0047,1.69,0.0858,0,LOW
44.22,39.91,63.15,28.86,0.0289,1.08,0.8381,1,CRITICAL
70.29,19.87,57.62,39.37,-0.0547,0.66,0.9941,1,CRITICAL
52.1,0.0,42.06,30.26,0.0228,0.96,0.9134,1,CRITICAL
29.41,20.37,27.55,26.23,0.0169,1.33,0.3929,0,MODERATE
28.04,7.24,28.5,25.96,0.013,1.36,0.1803,0,MODERATE
49.42,31.59,54.31,17.06,0.0564,1.72,0.6003,1,HIGH
90.66,36.7,74.65,34.18,0.0787,0.61,0.9987,1,CRITICAL
34.7,13.02,36.39,27.46,0.0506,1.22,0.5798,1,HIGH
35.49,11.44,31.82,26.74,0.0114,1.25,0.3914,0,MODERATE
45.06,32.28,65.04,50.35,-0.0637,0.68,0.9813,1,CRITICAL
41.89,28.28,34.2,30.09,-0.0186,1.06,0.5096,1,HIGH
39.43,28.62,38.15,22.74,0.0377,1.41,0.4864,0,MODERATE
28.24,10.46,37.56,25.02,0.0098,1.41,0.224,0,MODERATE
37.94,29.48,66.99,36.04,0.0762,0.92,0.9301,1,CRITICAL
76.14,58.56,91.29,28.79,-0.0674,0.81,0.9939,1,CRITICAL
48.51,54.11,72.64,17.93,0.0252,1.65,0.3701,0,MODERATE
18.68,19.92,15.92,34.43,0.0128,1.12,0.398,0,HIGH
55.05,32.94,71.62,23.32,-0.0518,1.2,0.826,1,CRITICAL
86.24,64.91,91.7,41.11,0.1536,0.55,0.9997,1,CRITICAL
73.92,38.66,94.04,35.56,0.0908,0.69,0.9968,1,CRITICAL
40.6,20.82,38.08,24.87,0.0341,1.28,0.7551,1,CRITICAL
22.55,37.55,54.46,36.97,-0.0346,1.01,0.7088,1,HIGH
69.25,17.09,63.13,28.47,0.0542,0.88,0.9608,1,CRITICAL
64.25,60.82,66.48,33.97,0.066,0.78,0.9893,1,CRITICAL
10.02,23.04,16.29,31.39,-0.0023,1.3,0.0862,0,MODERATE
63.46,41.95,59.14,22.08,0.0364,1.18,0.9303,1,CRITICAL
27.21,10.53,33.63,23.5,0.0303,1.51,0.2872,0,MODERATE
24.68,15.13,26.34,35.21,0.0173,1.04,0.6358,1,HIGH
37.31,39.98,53.45,25.66,0.0481,1.28,0.7074,1,HIGH
50.92,22.25,55.8,25.17,0.0507,1.16,0.9027,1,CRITICAL
30.51,23.37,41.96,21.31,0.039,1.62,0.2614,0,MODERATE
73.56,46.78,62.79,30.97,0.0498,0.78,0.9852,1,CRITICAL
56.21,43.47,97.36,42.44,0.0816,0.7,0.9959,1,CRITICAL
27.43,26.21,38.14,20.53,0.0076,1.72,0.0696,0,LOW
68.12,17.13,57.79,28.17,0.0979,0.89,0.9891,1,CRITICAL
58.61,31.19,67.71,37.89,0.0542,0.75,0.9782,1,CRITICAL
42.96,17.29,37.23,27.44,-0.0215,1.14,0.7478,1,HIGH
41.73,25.75,34.36,31.17,0.0197,1.02,0.6772,1,HIGH
68.89,32.81,66.36,20.56,0.0319,1.2,0.9118,1,CRITICAL
35.48,25.54,40.48,31.0,0.0194,1.08,0.6693,1,HIGH
81.12,33.95,68.04,26.69,0.0507,0.83,0.9945,1,CRITICAL
39.82,17.66,38.28,34.9,0.0253,0.94,0.7774,1,CRITICAL
44.27,59.99,79.13,36.31,0.0935,0.87,0.9759,1,CRITICAL
47.81,14.47,43.28,46.13,0.0498,0.7,0.9363,1,CRITICAL
35.65,26.23,31.06,32.06,0.0302,1.05,0.6159,1,HIGH
27.88,57.48,95.82,30.28,0.036,1.17,0.8185,1,CRITICAL
15.69,5.01,17.95,29.36,0.0278,1.33,0.2074,0,MODERATE
59.6,26.69,64.78,25.53,0.0687,1.06,0.9601,1,CRITICAL
64.77,22.0,55.77,30.37,0.0854,0.86,0.9921,1,CRITICAL
79.39,37.91,75.49,25.93,0.0534,0.87,0.9832,1,CRITICAL
75.29,39.03,67.55,29.18,0.0812,0.81,0.9971,1,CRITICAL
28.01,48.81,71.3,37.22,0.0286,0.97,0.8688,1,CRITICAL
36.98,19.85,38.09,20.95,0.0174,1.56,0.2469,0,LOW
44.51,26.93,48.77,35.98,0.0324,0.88,0.9102,1,CRITICAL
39.34,44.11,74.91,37.22,0.0534,0.89,0.9263,1,CRITICAL
58.02,73.4,114.38,27.17,0.0738,1.01,0.9879,1,CRITICAL
71.47,41.72,58.78,13.15,-0.0201,1.81,0.7033,1,HIGH
28.04,15.77,49.4,23.75,0.0339,1.49,0.2921,0,MODERATE
13.47,7.98,18.0,37.08,-0.0117,1.08,0.2813,0,HIGH
70.48,54.24,69.94,27.84,0.0458,0.88,0.9762,1,CRITICAL
62.74,21.19,57.24,21.0,0.0332,1.24,0.846,1,CRITICAL
26.82,18.23,29.14,24.47,0.0173,1.46,0.1946,0,LOW
33.13,15.75,29.1,33.88,0.012,1.01,0.5257,1,HIGH
16.52,9.92,25.97,31.83,0.007,1.22,0.2254,0,MODERATE
62.67,53.11,62.0,26.33,0.1098,1.0,0.9852,1,CRITICAL
51.5,26.98,44.35,25.43,0.0501,1.14,0.8415,1,CRITICAL
70.48,55.96,68.09,25.26,0.0425,0.97,0.9409,1,CRITICAL
72.25,67.28,112.04,21.54,0.0712,1.11,0.9883,1,CRITICAL
44.91,37.44,54.73,39.31,0.0394,0.81,0.9346,1,CRITICAL
23.39,11.36,28.55,25.74,0.0175,1.42,0.3461,0,MODERATE
17.7,25.14,51.33,36.52,-0.0206,1.06,0.5483,1,HIGH
23.66,23.16,31.77,38.65,0.0104,0.97,0.6341,1,CRITICAL
34.76,22.27,29.99,34.99,0.0178,0.97,0.6615,1,CRITICAL
40.11,32.37,43.98,24.98,-0.0167,1.28,0.6617,1,HIGH
34.64,22.19,30.71,30.83,0.021,1.09,0.5329,1,HIGH
71.67,34.17,79.22,27.83,0.0883,0.88,0.9941,1,CRITICAL
56.93,50.01,96.79,21.67,0.121,1.27,0.984,1,CRITICAL
78.11,50.02,69.2,30.27,-0.0978,0.76,0.9972,1,CRITICAL
43.35,6.36,43.24,19.75,-0.0761,1.57,0.7559,1,CRITICAL
52.78,33.18,50.43,36.31,0.0324,0.81,0.9324,1,CRITICAL
80.02,40.31,69.06,24.75,0.0652,0.9,0.9943,1,CRITICAL
79.4,60.83,87.23,29.41,0.0727,0.77,0.9974,1,CRITICAL
12.12,18.64,24.12,29.98,-0.033,1.34,0.2104,0,MODERATE
29.09,7.92,24.27,26.19,0.0314,1.34,0.5105,1,HIGH
15.67,16.85,39.91,32.11,-0.015,1.22,0.3034,0,MODERATE
51.98,21.58,44.69,24.68,0.0287,1.17,0.7969,1,CRITICAL
65.84,72.24,110.73,34.1,-0.0875,0.77,0.9965,1,CRITICAL
37.9,0.0,37.41,18.58,0.0139,1.75,0.1048,0,LOW
66.96,42.34,67.95,28.88,0.1034,0.88,0.9937,1,CRITICAL
39.77,10.99,33.03,41.57,0.0512,0.8,0.9235,1,CRITICAL
28.91,19.59,29.46,21.0,0.0092,1.67,0.1098,0,LOW
44.57,39.43,59.98,23.26,0.0256,1.32,0.794,1,CRITICAL
20.38,0.0,26.03,31.6,-0.0073,1.19,0.267,0,HIGH
72.37,53.62,93.14,29.26,-0.1332,0.83,0.9963,1,CRITICAL
82.43,48.83,78.79,30.45,0.1016,0.73,0.9989,1,CRITICAL
67.64,57.1,93.7,31.42,0.0784,0.81,0.9958,1,CRITICAL
63.97,65.95,111.95,32.44,0.0951,0.82,0.9969,1,CRITICAL
63.59,23.76,59.95,35.77,0.0661,0.75,0.9848,1,CRITICAL
40.57,16.28,44.94,30.87,0.0222,1.04,0.7877,1,CRITICAL
63.38,32.86,77.73,26.31,0.0841,1.0,0.9738,1,CRITICAL
34.84,24.52,31.62,32.71,0.0232,1.03,0.6589,1,HIGH
42.44,37.02,63.62,41.3,0.0386,0.79,0.9222,1,CRITICAL
61.73,37.18,62.83,27.07,0.0426,0.98,0.9584,1,CRITICAL
42.89,15.17,53.7,21.18,0.0301,1.47,0.6026,1,HIGH
47.97,23.44,39.62,35.75,0.0292,0.86,0.8594,1,CRITICAL
37.86,37.59,52.09,27.16,0.0359,1.2,0.7571,1,CRITICAL
67.31,17.24,59.43,12.79,0.0491,1.94,0.5144,1,HIGH
52.22,34.44,66.32,33.93,-0.0613,0.87,0.9743,1,CRITICAL
69.12,23.88,65.97,24.25,0.0523,1.02,0.9672,1,CRITICAL
25.18,10.77,24.96,27.37,-0.0165,1.32,0.3298,0,MODERATE
33.97,34.77,72.96,30.32,0.0295,1.12,0.7356,1,HIGH
57.15,44.28,67.45,29.33,0.0468,0.95,0.9253,1,CRITICAL
70.33,73.67,119.96,32.97,0.0979,0.76,0.9968,1,CRITICAL
40.78,36.57,39.43,24.95,-0.0541,1.28,0.655,1,HIGH
78.41,46.53,78.44,31.59,-0.1005,0.73,0.9956,1,CRITICAL
26.27,24.5,35.2,26.18,0.0106,1.37,0.3894,0,MODERATE
47.54,27.71,55.48,33.17,0.0551,0.92,0.9352,1,CRITICAL
72.39,24.07,58.5,32.31,0.0638,0.76,0.9927,1,CRITICAL
78.62,49.19,68.07,21.45,-0.0937,1.05,0.9921,1,CRITICAL
47.02,56.61,73.63,35.6,0.0504,0.87,0.9574,1,CRITICAL
18.37,20.83,22.96,24.25,-0.0226,1.57,0.3038,0,MODERATE
41.8,50.49,81.97,33.66,0.0494,0.95,0.9772,1,CRITICAL
30.19,6.91,27.75,30.57,0.0096,1.14,0.5792,1,HIGH
48.86,88.52,128.51,40.87,0.0863,0.76,0.9927,1,CRITICAL
50.28,40.69,58.16,26.44,0.0277,1.11,0.9029,1,CRITICAL
36.83,51.41,51.93,25.55,0.0216,1.29,0.4149,0,MODERATE
62.45,22.98,57.54,27.86,-0.0379,0.95,0.9704,1,CRITICAL
63.46,60.47,86.4,25.88,-0.0668,1.01,0.9522,1,CRITICAL
59.07,40.94,59.09,33.6,0.058,0.83,0.9718,1,CRITICAL
55.36,33.43,61.42,16.69,0.0722,1.67,0.779,1,CRITICAL
43.75,35.53,36.49,20.62,0.0165,1.5,0.4019,0,MODERATE
42.19,33.26,48.73,20.53,0.0559,1.53,0.4238,0,MODERATE
40.14,28.91,63.8,34.65,-0.0438,0.94,0.91,1,CRITICAL
47.91,23.58,41.27,39.97,0.0366,0.78,0.9399,1,CRITICAL
34.19,18.97,47.43,27.27,0.0313,1.24,0.6181,1,HIGH
62.91,25.74,50.72,26.82,0.0467,0.98,0.9428,1,CRITICAL
54.1,56.46,82.37,28.49,0.0451,1.0,0.9659,1,CRITICAL
38.27,64.89,91.66,36.13,0.0631,0.92,0.9707,1,CRITICAL
27.59,19.39,28.63,21.51,0.025,1.64,0.1416,0,LOW
19.88,3.06,17.61,29.67,0.0935,1.27,0.6734,1,HIGH
40.32,32.84,48.38,34.83,0.0591,0.93,0.9021,1,CRITICAL
39.47,26.45,32.03,31.51,0.0306,1.03,0.7132,1,HIGH
74.72,22.07,69.66,29.33,0.0696,0.81,0.995,1,CRITICAL
30.77,18.79,29.37,35.01,0.0543,1.0,0.8353,1,CRITICAL
34.86,20.6,37.51,12.0,0.0565,2.77,0.0076,0,LOW
16.76,17.75,13.69,32.75,0.0288,1.19,0.2418,0,HIGH
55.13,30.79,44.9,23.42,0.0412,1.2,0.9034,1,CRITICAL
34.61,21.6,27.93,15.19,0.0067,2.19,0.0235,0,LOW
55.38,30.45,58.78,31.58,0.0609,0.9,0.9639,1,CRITICAL
46.02,29.5,49.13,37.62,0.0327,0.83,0.9127,1,CRITICAL
61.23,41.22,52.97,27.04,0.0417,0.99,0.9627,1,CRITICAL
69.07,41.87,70.86,34.67,0.0644,0.74,0.9959,1,CRITICAL
35.41,38.14,60.66,39.29,-0.0345,0.87,0.8898,1,CRITICAL
53.87,13.42,47.97,37.2,0.0376,0.79,0.9789,1,CRITICAL
38.5,33.85,57.56,39.48,0.0582,0.85,0.9195,1,CRITICAL
77.21,26.72,78.06,33.19,0.0887,0.71,0.9966,1,CRITICAL
58.28,23.12,47.14,28.53,-0.0372,0.97,0.9412,1,CRITICAL
31.69,20.08,32.4,16.79,0.0221,2.03,0.0393,0,LOW
48.39,37.28,49.34,26.28,-0.0834,1.14,0.9295,1,CRITICAL
40.51,21.29,52.14,22.1,0.0232,1.44,0.4401,0,MODERATE
80.64,45.49,69.59,43.2,0.0928,0.56,0.9971,1,CRITICAL
22.79,62.15,79.11,26.77,0.0275,1.38,0.3376,0,MODERATE
56.28,30.99,62.33,28.86,0.075,0.97,0.9637,1,CRITICAL
60.31,17.68,55.25,31.86,-0.0419,0.86,0.9675,1,CRITICAL
68.95,36.91,56.69,28.31,0.1012,0.88,0.9846,1,CRITICAL
15.97,0.0,15.78,39.87,0.0088,0.99,0.3872,0,CRITICAL
68.69,30.8,64.98,23.64,-0.0369,1.05,0.9577,1,CRITICAL
49.56,39.16,49.88,29.36,0.0274,1.01,0.8613,1,CRITICAL
24.22,43.53,41.27,22.8,0.0159,1.59,0.1222,0,LOW
33.22,17.6,46.01,18.76,0.0253,1.8,0.1624,0,LOW
52.39,19.8,45.28,23.72,0.0297,1.21,0.7714,1,CRITICAL
52.35,28.86,55.44,27.74,0.0339,1.04,0.9218,1,CRITICAL
48.73,18.1,39.29,24.99,0.0283,1.19,0.6417,1,HIGH
62.31,53.82,57.48,23.15,-0.055,1.14,0.9352,1,CRITICAL
57.01,35.06,67.28,18.16,-0.0506,1.51,0.6808,1,HIGH
76.57,37.46,68.9,27.42,0.0676,0.85,0.9904,1,CRITICAL
46.83,54.89,64.55,17.47,0.0633,1.72,0.4494,0,MODERATE
72.84,74.35,114.31,33.32,0.1059,0.74,0.9978,1,CRITICAL
29.14,32.26,37.33,28.58,-0.0105,1.23,0.4166,0,MODERATE
32.04,7.73,27.98,17.8,-0.0105,1.91,0.0494,0,LOW
34.38,15.5,34.66,25.84,0.0162,1.3,0.5546,1,HIGH
73.02,24.74,58.56,22.73,0.0443,1.05,0.9752,1,CRITICAL
26.04,28.82,34.68,30.23,0.0444,1.19,0.6203,1,HIGH
42.16,48.0,59.58,37.38,0.0586,0.86,0.9561,1,CRITICAL
9.94,7.72,22.86,14.87,0.0051,2.73,0.0011,0,LOW
44.28,31.49,58.56,28.81,0.0359,1.08,0.8976,1,CRITICAL
38.98,29.98,55.31,26.88,0.0355,1.2,0.7076,1,HIGH
13.52,8.15,39.37,32.7,0.0715,1.22,0.6996,1,HIGH
60.79,25.23,53.29,29.49,0.0323,0.92,0.9259,1,CRITICAL
61.24,55.58,79.74,22.74,0.0464,1.17,0.9127,1,CRITICAL
47.42,23.56,53.86,25.77,0.0884,1.17,0.868,1,CRITICAL
20.63,13.91,21.64,22.43,0.0601,1.67,0.1079,0,LOW
58.14,54.12,112.0,35.53,-0.0832,0.79,0.9902,1,CRITICAL
53.64,51.3,87.9,28.15,-0.0442,1.02,0.9576,1,CRITICAL
45.32,23.81,49.07,41.31,0.0439,0.77,0.9571,1,CRITICAL
67.23,36.73,81.57,27.58,0.0807,0.92,0.9894,1,CRITICAL
35.42,27.64,32.89,23.04,0.0148,1.44,0.2176,0,MODERATE
41.18,33.07,41.01,17.4,0.0506,1.81,0.2285,0,LOW
56.23,19.12,48.03,15.38,0.0199,1.79,0.3974,0,MODERATE
56.82,31.72,56.47,16.91,0.0322,1.62,0.5411,1,HIGH
46.74,29.04,47.67,29.87,0.0414,1.02,0.8385,1,CRITICAL
68.02,16.66,58.0,31.56,0.0479,0.81,0.9676,1,CRITICAL
15.5,3.53,29.16,16.93,0.0091,2.3,0.0066,0,LOW
87.2,55.85,71.64,34.27,0.0809,0.63,0.9975,1,CRITICAL
83.78,30.14,67.98,24.62,0.0738,0.87,0.9935,1,CRITICAL
64.19,47.77,58.64,29.03,-0.038,0.9,0.9691,1,CRITICAL
57.71,18.99,54.08,39.29,0.0558,0.73,0.9761,1,CRITICAL
48.24,33.21,44.37,34.28,0.0414,0.89,0.9207,1,CRITICAL
26.87,12.47,25.97,26.12,0.0183,1.37,0.302,0,MODERATE
69.81,35.52,62.05,21.76,0.0726,1.12,0.9526,1,CRITICAL
30.41,34.76,27.0,12.94,0.0174,2.66,0.009,0,LOW
27.22,5.17,29.52,22.97,0.0213,1.55,0.1469,0,LOW
83.19,67.03,101.8,26.52,0.0886,0.82,0.9981,1,CRITICAL
22.3,18.53,21.65,21.09,-0.0226,1.75,0.0501,0,LOW
29.98,58.32,41.28,27.08,0.0134,1.29,0.4147,0,MODERATE
53.44,16.26,45.05,28.54,0.0566,1.01,0.9263,1,CRITICAL
37.73,15.78,36.74,26.43,0.0129,1.24,0.6519,1,HIGH
65.29,42.98,58.04,23.45,0.045,1.09,0.9365,1,CRITICAL
37.66,40.96,71.61,29.18,0.0406,1.13,0.8831,1,CRITICAL
31.7,15.61,33.74,31.09,0.0146,1.11,0.5759,1,HIGH
17.49,28.53,31.59,20.37,0.0044,1.88,0.0629,0,LOW
62.71,35.74,64.01,37.88,0.0529,0.72,0.9729,1,CRITICAL
77.28,29.54,64.1,27.31,0.0499,0.84,0.9896,1,CRITICAL
61.38,61.97,91.19,28.13,0.0846,0.95,0.9697,1,CRITICAL
75.54,43.83,66.8,32.96,-0.0845,0.72,0.9953,1,CRITICAL
13.73,3.87,11.67,29.63,0.0026,1.34,0.1576,0,MODERATE
53.21,25.15,47.93,34.67,0.0346,0.84,0.9623,1,CRITICAL
41.23,14.32,39.12,30.01,0.0491,1.06,0.8548,1,CRITICAL
72.16,42.76,59.19,23.71,0.0378,1.01,0.9592,1,CRITICAL
95.39,50.89,90.83,30.53,0.1709,0.64,0.9998,1,CRITICAL
21.33,6.37,23.46,19.99,0.0078,1.86,0.0896,0,LOW
55.3,22.62,59.12,28.76,0.0515,0.98,0.9463,1,CRITICAL
78.0,41.42,62.5,27.77,0.0532,0.83,0.992,1,CRITICAL
12.94,37.31,70.65,26.54,0.0103,1.5,0.1768,0,LOW
27.09,0.0,24.48,27.1,-0.0104,1.32,0.3521,0,MODERATE
73.04,32.72,74.59,14.83,0.0438,1.59,0.8786,1,CRITICAL
82.71,48.69,85.04,24.16,0.0628,0.9,0.9921,1,CRITICAL
18.72,8.63,17.8,28.65,0.0171,1.33,0.2437,0,MODERATE
63.86,29.28,52.86,29.12,0.0362,0.9,0.9681,1,CRITICAL
38.23,16.01,33.07,20.81,0.0177,1.56,0.3152,0,MODERATE
31.88,3.09,29.76,36.86,0.0224,0.95,0.6943,1,CRITICAL
64.47,23.86,54.34,21.94,0.0336,1.17,0.932,1,CRITICAL
22.66,32.8,34.94,34.79,0.0125,1.07,0.4004,0,HIGH
24.5,27.04,27.79,30.99,0.0163,1.18,0.3912,0,HIGH
47.01,35.29,49.18,23.48,0.0358,1.28,0.7307,1,HIGH
52.1,30.34,42.41,40.43,0.08,0.75,0.9837,1,CRITICAL
79.78,65.12,93.45,19.64,0.0722,1.13,0.9835,1,CRITICAL
34.03,6.81,30.03,34.43,0.0144,0.99,0.6771,1,CRITICAL
29.15,18.34,30.01,35.0,-0.015,1.01,0.5509,1,HIGH
37.47,7.45,31.09,23.31,0.0103,1.4,0.3458,0,MODERATE
36.42,7.77,31.34,37.75,0.0165,0.9,0.7822,1,CRITICAL
65.85,45.15,69.12,26.25,0.0442,0.98,0.9493,1,CRITICAL
49.72,43.95,57.47,30.02,-0.0319,0.99,0.9325,1,CRITICAL
23.14,19.34,35.46,29.82,0.0118,1.24,0.3768,0,MODERATE
55.75,50.48,56.65,27.06,0.0324,1.04,0.8779,1,CRITICAL
24.99,41.54,65.71,33.68,-0.0238,1.09,0.6488,1,HIGH
60.75,27.76,59.21,33.55,0.0422,0.81,0.9828,1,CRITICAL
13.79,1.12,19.98,15.76,0.0063,2.5,0.0033,0,LOW
74.14,48.33,63.58,37.13,0.0758,0.66,0.9932,1,CRITICAL
26.52,14.95,22.78,16.36,0.0073,2.18,0.0124,0,LOW
64.84,45.03,63.79,35.23,0.0514,0.75,0.9876,1,CRITICAL
64.18,7.63,57.02,35.89,0.0448,0.75,0.9845,1,CRITICAL
28.3,22.71,33.78,20.36,-0.0169,1.73,0.1245,0,LOW
57.63,24.62,49.57,25.12,0.0516,1.1,0.9045,1,CRITICAL
62.81,32.6,77.57,20.26,0.0338,1.29,0.918,1,CRITICAL
36.88,90.0,151.04,26.5,0.0609,1.24,0.947,1,CRITICAL
72.53,49.23,63.86,25.84,-0.0557,0.93,0.9748,1,CRITICAL
43.06,59.96,62.15,33.46,0.0433,0.95,0.9462,1,CRITICAL
20.22,30.7,47.13,37.17,-0.0433,1.03,0.7094,1,HIGH
31.0,57.65,107.9,37.77,0.0723,0.93,0.9493,1,CRITICAL
38.6,14.61,37.17,24.06,-0.0124,1.35,0.4373,0,MODERATE
26.81,35.2,42.61,26.54,0.0168,1.35,0.345,0,MODERATE
20.73,2.32,20.48,16.22,-0.019,2.3,0.0086,0,LOW
34.29,31.51,42.14,22.36,0.0565,1.5,0.482,0,MODERATE
58.03,41.77,64.72,34.75,0.068,0.81,0.9742,1,CRITICAL
56.83,41.27,65.73,39.31,0.0519,0.74,0.985,1,CRITICAL
31.25,1.41,28.48,19.36,0.0107,1.77,0.0915,0,LOW
24.19,25.04,47.68,23.85,0.0308,1.53,0.165,0,LOW
34.09,6.7,35.47,27.82,-0.0208,1.21,0.5056,1,HIGH
49.32,19.98,43.11,29.96,0.0331,1.0,0.8411,1,CRITICAL
22.76,27.14,29.94,22.33,0.0192,1.65,0.0421,0,LOW
40.62,49.72,62.35,30.97,-0.0278,1.04,0.8269,1,CRITICAL
46.34,55.11,88.28,24.68,0.0627,1.23,0.9353,1,CRITICAL
50.36,30.88,60.97,27.9,-0.0584,1.06,0.9212,1,CRITICAL
46.49,38.25,37.28,31.82,-0.0279,0.96,0.8745,1,CRITICAL
78.39,33.09,64.88,28.04,0.0623,0.82,0.9914,1,CRITICAL
73.96,24.86,60.36,24.95,0.0533,0.95,0.9755,1,CRITICAL
91.85,52.01,75.08,27.23,-0.0658,0.73,0.9965,1,CRITICAL
24.65,20.76,26.97,27.38,0.0079,1.33,0.1713,0,MODERATE
22.63,9.16,24.31,25.41,0.005,1.45,0.1955,0,LOW
48.28,25.26,40.43,26.19,0.0536,1.14,0.871,1,CRITICAL
26.36,36.33,53.17,39.19,0.0247,0.94,0.7315,1,CRITICAL
52.11,35.65,56.02,31.93,0.0324,0.92,0.8592,1,CRITICAL
36.59,36.48,53.15,25.93,0.0262,1.27,0.6451,1,HIGH
17.84,7.69,21.24,32.88,0.0053,1.17,0.2071,0,HIGH
60.06,38.85,55.97,25.66,0.0301,1.05,0.919,1,CRITICAL
79.37,41.71,69.22,36.21,-0.0764,0.65,0.9943,1,CRITICAL
40.69,20.01,41.21,30.59,0.0278,1.05,0.7724,1,CRITICAL
46.94,28.55,51.69,27.25,-0.0351,1.11,0.8233,1,CRITICAL
51.27,29.74,51.2,31.13,0.0433,0.95,0.8363,1,CRITICAL
52.9,27.32,69.62,17.0,0.0374,1.67,0.6979,1,HIGH
73.19,49.5,93.11,20.11,0.0542,1.18,0.9712,1,CRITICAL
52.35,31.49,51.39,19.64,0.0331,1.46,0.616,1,HIGH
92.88,33.54,78.41,29.0,0.0759,0.69,0.9985,1,CRITICAL
61.81,49.61,93.01,40.13,0.0856,0.69,0.9953,1,CRITICAL
22.65,46.67,38.04,43.62,0.02,0.88,0.712,1,CRITICAL
39.56,16.89,46.98,32.47,0.0261,1.0,0.7295,1,HIGH
30.44,23.09,44.87,31.51,0.0184,1.11,0.5924,1,HIGH
93.18,37.1,75.73,15.39,0.0374,1.24,0.9541,1,CRITICAL
41.7,19.48,34.41,24.2,0.0221,1.3,0.5127,1,HIGH
74.6,29.15,62.17,22.49,0.0463,1.04,0.9816,1,CRITICAL
26.92,11.92,23.93,23.65,0.0112,1.51,0.1015,0,LOW
47.29,20.43,46.02,26.82,-0.0753,1.13,0.8814,1,CRITICAL
36.81,29.76,32.01,24.7,0.0219,1.33,0.2722,0,MODERATE
77.39,55.31,90.83,14.14,-0.0661,1.59,0.9279,1,CRITICAL
26.07,10.25,33.8,33.24,0.0224,1.09,0.58,1,HIGH
25.87,24.96,27.58,20.49,0.008,1.75,0.0836,0,LOW
27.51,4.27,23.09,29.67,0.0614,1.2,0.5274,1,HIGH
34.55,8.99,41.05,42.52,0.0526,0.82,0.802,1,CRITICAL
38.2,19.42,32.42,21.56,-0.0185,1.5,0.221,0,LOW
56.53,58.44,65.62,12.0,0.019,2.29,0.1553,0,LOW
59.26,24.78,71.76,26.0,0.0406,1.04,0.9595,1,CRITICAL
30.46,8.38,36.15,35.71,0.0377,0.99,0.7284,1,CRITICAL
43.0,29.62,36.83,41.71,0.0231,0.78,0.8939,1,CRITICAL
80.29,46.03,87.42,19.39,0.0606,1.14,0.9768,1,CRITICAL
72.5,44.23,63.52,31.48,0.0636,0.78,0.9937,1,CRITICAL
17.62,2.35,17.87,24.74,0.0056,1.55,0.0644,0,LOW
20.05,16.77,25.58,27.26,0.023,1.38,0.2463,0,MODERATE
29.39,54.59,61.9,46.51,0.0465,0.8,0.8591,1,CRITICAL
50.58,15.51,45.76,17.48,0.0199,1.66,0.3511,0,MODERATE
39.07,50.23,66.66,29.78,0.0358,1.09,0.884,1,CRITICAL
27.24,20.37,22.62,31.27,0.0333,1.14,0.4221,0,HIGH
21.35,0.0,18.39,35.6,0.0158,1.06,0.4771,0,HIGH
60.27,45.31,66.2,28.69,0.0526,0.94,0.9517,1,CRITICAL
55.49,29.26,47.56,30.16,0.0345,0.94,0.8968,1,CRITICAL
58.22,32.28,52.29,25.26,0.0281,1.08,0.8893,1,CRITICAL
36.5,22.2,31.4,29.88,-0.1051,1.11,0.909,1,CRITICAL
77.26,37.21,67.86,25.6,0.0561,0.9,0.986,1,CRITICAL
40.81,23.25,37.58,32.35,0.0227,0.99,0.8123,1,CRITICAL
61.01,43.7,68.81,25.41,-0.0543,1.05,0.9703,1,CRITICAL
33.57,34.47,45.02,30.64,0.03,1.11,0.6224,1,HIGH
52.11,37.64,88.18,27.8,0.0466,1.04,0.9179,1,CRITICAL
77.46,61.69,81.3,35.88,0.1067,0.66,0.998,1,CRITICAL
54.34,25.21,61.28,27.64,-0.0318,1.03,0.9408,1,CRITICAL
56.01,45.16,62.58,15.59,-0.0322,1.77,0.3899,0,MODERATE
31.25,35.1,57.18,36.83,0.0317,0.95,0.8627,1,CRITICAL
73.76,25.76,64.28,21.66,0.04,1.09,0.9566,1,CRITICAL
54.21,34.51,48.72,23.42,0.0469,1.21,0.9112,1,CRITICAL
32.89,18.5,46.59,23.83,-0.0282,1.42,0.6077,1,HIGH
43.16,33.74,38.42,37.62,0.0422,0.85,0.9284,1,CRITICAL
62.9,44.96,86.78,13.05,0.0318,1.98,0.3279,0,MODERATE
70.25,25.66,67.68,49.96,0.122,0.56,0.9961,1,CRITICAL
72.17,53.19,63.09,35.39,0.0601,0.7,0.9921,1,CRITICAL
25.18,27.37,42.59,29.56,0.0219,1.23,0.5256,1,HIGH
45.3,33.78,41.85,27.62,0.0581,1.11,0.8706,1,CRITICAL
42.86,41.8,83.85,30.0,0.0372,1.05,0.8807,1,CRITICAL
32.37,33.28,87.0,31.65,0.0314,1.09,0.7461,1,HIGH
60.53,55.7,64.91,32.52,0.1198,0.84,0.9945,1,CRITICAL
80.42,39.62,66.15,31.89,0.1099,0.71,0.9988,1,CRITICAL
39.33,26.54,36.05,28.63,-0.0357,1.13,0.6583,1,HIGH
31.38,28.15,35.97,26.62,0.0199,1.29,0.4962,0,MODERATE
60.42,42.81,76.94,26.94,0.0523,1.0,0.9861,1,CRITICAL
44.64,25.53,38.78,26.64,0.0198,1.16,0.6752,1,HIGH
17.76,25.46,15.86,35.94,0.0119,1.08,0.3187,0,HIGH
21.19,10.54,18.11,32.15,-0.0126,1.17,0.3519,0,HIGH
42.81,36.33,44.85,12.0,0.0082,2.58,0.0116,0,LOW
32.69,15.22,58.55,32.59,0.0298,1.05,0.8402,1,CRITICAL
33.07,27.5,27.1,29.36,0.0186,1.16,0.4737,0,HIGH
40.59,6.41,36.05,27.87,0.03,1.15,0.6829,1,HIGH
33.33,36.73,44.39,25.28,0.0234,1.34,0.3365,0,MODERATE
32.51,35.24,52.22,35.87,0.05,0.97,0.834,1,CRITICAL
20.65,23.77,41.22,34.63,0.0167,1.09,0.4017,0,HIGH
51.81,37.71,64.51,22.59,0.0331,1.28,0.8229,1,CRITICAL
80.94,37.58,66.84,30.85,0.0683,0.73,0.9912,1,CRITICAL
10.77,1.52,16.21,21.2,0.0046,1.9,0.025,0,LOW
41.67,55.59,96.08,18.34,-0.032,1.71,0.4308,0,MODERATE
46.13,84.72,104.4,23.61,-0.0553,1.29,0.9471,1,CRITICAL
55.31,47.87,58.09,34.04,0.0444,0.84,0.9752,1,CRITICAL
24.49,14.16,38.12,34.67,0.0464,1.06,0.7069,1,HIGH
44.56,51.26,80.97,31.59,0.0523,0.99,0.9012,1,CRITICAL
53.32,31.93,51.62,33.08,0.0329,0.88,0.9182,1,CRITICAL
68.32,32.7,56.86,31.61,-0.051,0.8,0.9757,1,CRITICAL
44.87,21.46,52.47,23.51,0.0402,1.31,0.6515,1,HIGH
62.18,63.3,98.07,31.02,-0.0785,0.86,0.9952,1,CRITICAL
58.73,47.4,64.9,33.6,-0.0752,0.83,0.9819,1,CRITICAL
66.88,38.4,77.9,33.28,0.0786,0.78,0.9906,1,CRITICAL
44.18,45.71,43.58,36.32,0.0243,0.87,0.8453,1,CRITICAL
16.22,23.92,14.5,32.96,-0.0044,1.18,0.188,0,HIGH
71.89,41.66,60.29,30.46,0.0597,0.8,0.9898,1,CRITICAL
20.35,33.94,77.1,35.49,0.0226,1.07,0.5543,1,HIGH
42.74,30.65,44.39,27.81,0.0309,1.13,0.7596,1,CRITICAL
65.09,34.17,52.25,21.83,0.0483,1.17,0.9297,1,CRITICAL
39.66,52.15,78.37,26.86,-0.0407,1.2,0.718,1,HIGH
79.53,60.28,73.95,22.79,0.0527,0.98,0.9767,1,CRITICAL
36.7,32.14,56.5,23.27,0.0317,1.41,0.5222,1,HIGH
51.12,52.17,52.82,26.99,0.0266,1.08,0.9052,1,CRITICAL
43.58,25.95,36.47,22.45,-0.0312,1.38,0.6356,1,HIGH
51.31,30.33,55.39,25.84,-0.0424,1.13,0.8451,1,CRITICAL
26.62,90.34,110.58,14.74,0.0253,2.41,0.0792,0,LOW
60.57,37.69,48.99,29.49,0.0341,0.92,0.9361,1,CRITICAL
43.88,33.11,62.76,28.01,0.0497,1.11,0.8576,1,CRITICAL
64.2,34.08,55.39,22.28,0.0371,1.16,0.911,1,CRITICAL
31.31,25.89,32.56,32.61,-0.012,1.07,0.6349,1,HIGH
68.14,35.4,61.51,34.56,-0.0859,0.74,0.9909,1,CRITICAL
17.69,30.45,48.51,16.75,-0.0267,2.28,0.0152,0,LOW
74.26,33.79,69.94,22.66,0.0524,1.04,0.9633,1,CRITICAL
41.75,8.52,42.29,22.62,-0.0219,1.39,0.522,1,HIGH
45.91,38.43,62.28,21.42,0.0687,1.42,0.8273,1,CRITICAL
34.5,18.41,28.36,33.81,0.0334,1.0,0.7845,1,CRITICAL
48.29,29.26,39.99,26.64,-0.0286,1.12,0.6901,1,HIGH
26.26,7.04,21.34,26.15,0.0208,1.37,0.2299,0,MODERATE
51.32,21.71,58.53,13.97,0.0189,2.06,0.2208,0,LOW
40.34,16.42,43.46,32.45,0.0222,1.0,0.7982,1,CRITICAL
53.39,54.97,74.02,19.33,0.0302,1.47,0.7234,1,HIGH
35.39,16.53,38.66,28.42,0.0182,1.18,0.5705,1,HIGH
63.41,28.27,54.49,29.94,0.0547,0.88,0.9763,1,CRITICAL
84.24,52.03,91.93,37.52,0.0991,0.6,0.9991,1,CRITICAL
49.38,20.65,44.73,18.84,0.0364,1.56,0.4531,0,MODERATE
55.11,44.22,85.25,12.0,0.0299,2.32,0.1923,0,LOW
31.47,8.99,29.5,29.29,0.0163,1.18,0.3726,0,HIGH
43.84,36.7,37.83,40.6,0.0278,0.79,0.9335,1,CRITICAL
40.13,32.18,42.3,36.67,0.0316,0.89,0.8172,1,CRITICAL
66.57,44.9,54.03,29.47,0.0411,0.87,0.9746,1,CRITICAL
47.88,37.81,38.86,24.56,0.0236,1.22,0.678,1,HIGH
19.2,0.0,25.64,33.65,0.0257,1.14,0.3572,0,HIGH
34.61,22.23,31.32,21.19,-0.0224,1.58,0.3223,0,MODERATE
90.51,37.67,72.55,31.33,0.0893,0.66,0.9988,1,CRITICAL
62.89,44.52,55.58,31.54,-0.0555,0.84,0.9748,1,CRITICAL
15.52,5.88,22.15,35.42,0.0294,1.11,0.5321,1,HIGH
65.35,25.34,59.8,47.32,0.065,0.6,0.9946,1,CRITICAL
34.07,3.32,29.44,30.75,-0.0901,1.1,0.7868,1,CRITICAL
65.57,36.25,65.46,24.44,0.0447,1.05,0.9062,1,CRITICAL
65.45,51.72,70.95,27.82,0.0621,0.93,0.9805,1,CRITICAL
39.75,31.77,48.68,15.62,0.0271,2.04,0.1537,0,LOW
71.59,26.84,64.78,23.14,0.0483,1.04,0.9742,1,CRITICAL
48.03,45.91,40.64,25.14,0.0985,1.19,0.9431,1,CRITICAL
40.21,32.03,42.55,24.33,0.0176,1.31,0.4738,0,MODERATE
53.55,53.38,76.01,29.07,0.0477,0.99,0.9497,1,CRITICAL
49.28,42.2,48.91,22.24,0.0199,1.33,0.6389,1,HIGH
69.27,18.81,58.68,35.85,0.0516,0.71,0.989,1,CRITICAL
37.85,9.93,31.74,28.0,0.0299,1.17,0.6837,1,HIGH
28.1,47.65,65.7,27.93,0.0173,1.27,0.6682,1,HIGH
74.7,39.98,80.14,25.7,0.0844,0.92,0.9961,1,CRITICAL
62.75,30.75,55.83,29.09,0.049,0.91,0.9802,1,CRITICAL
48.81,25.8,44.3,33.78,0.0331,0.9,0.9217,1,CRITICAL
35.09,24.37,61.91,21.93,0.0219,1.52,0.3678,0,MODERATE
54.62,24.37,46.62,23.39,0.0219,1.21,0.7915,1,CRITICAL
44.68,37.48,47.23,25.87,-0.0564,1.19,0.8484,1,CRITICAL
59.86,47.28,66.64,18.58,0.0434,1.44,0.8153,1,CRITICAL
25.73,28.03,28.16,22.27,-0.0115,1.61,0.0918,0,LOW
59.01,38.79,47.82,24.67,0.0243,1.1,0.8508,1,CRITICAL
57.37,33.92,49.78,34.12,0.0384,0.83,0.9665,1,CRITICAL
47.63,47.02,72.92,29.84,0.0376,1.01,0.9107,1,CRITICAL
40.16,28.47,43.23,29.36,0.0401,1.1,0.7779,1,CRITICAL
36.63,26.52,54.65,33.96,0.0417,0.98,0.8483,1,CRITICAL
29.92,11.36,36.1,27.04,0.0201,1.29,0.3367,0,MODERATE
67.02,51.15,96.75,30.73,0.099,0.83,0.9954,1,CRITICAL
61.63,47.91,85.28,27.28,0.0508,0.98,0.9691,1,CRITICAL
53.28,24.95,52.51,29.86,0.0369,0.97,0.8971,1,CRITICAL
74.47,43.33,65.32,23.92,-0.0574,0.98,0.9722,1,CRITICAL
50.24,34.42,54.0,12.0,0.0119,2.42,0.0374,0,LOW
47.04,35.78,54.49,27.06,0.0301,1.12,0.8503,1,CRITICAL
43.59,30.64,45.22,37.96,-0.0377,0.84,0.9368,1,CRITICAL
53.83,53.35,68.98,34.48,0.0495,0.84,0.9493,1,CRITICAL
71.18,35.9,59.98,34.76,0.0593,0.72,0.9944,1,CRITICAL
38.59,32.27,36.98,36.65,0.0315,0.9,0.8466,1,CRITICAL
53.05,41.06,59.83,28.62,0.0372,1.01,0.8813,1,CRITICAL
36.75,31.49,33.65,29.38,0.0138,1.13,0.551,1,HIGH
42.79,41.9,42.92,23.68,0.0167,1.32,0.3825,0,MODERATE
23.91,47.1,68.88,25.79,0.0254,1.42,0.2787,0,MODERATE
21.54,20.22,31.98,32.31,0.0103,1.16,0.5166,1,HIGH
48.33,50.97,83.32,36.43,0.082,0.84,0.9773,1,CRITICAL
49.61,30.65,58.92,27.02,0.0533,1.1,0.9155,1,CRITICAL
38.47,25.04,50.12,24.85,0.0224,1.31,0.5534,1,HIGH
59.39,45.6,60.96,28.0,0.0605,0.97,0.963,1,CRITICAL
41.18,11.51,35.24,32.21,0.027,1.0,0.8006,1,CRITICAL
46.68,45.15,48.34,17.89,0.0161,1.68,0.1756,0,LOW
28.14,14.61,26.88,12.0,0.0173,2.93,0.0026,0,LOW
51.78,100.0,140.79,24.15,0.0757,1.2,0.9789,1,CRITICAL
71.19,30.03,61.61,19.46,-0.0298,1.24,0.8945,1,CRITICAL
48.66,28.22,42.86,24.44,0.0227,1.22,0.7424,1,HIGH
32.8,21.03,40.91,26.97,0.0121,1.26,0.3936,0,MODERATE
42.45,18.88,44.69,24.83,0.0214,1.26,0.6366,1,HIGH
34.16,27.23,27.65,38.17,0.0181,0.9,0.7192,1,CRITICAL
48.61,13.53,40.97,30.29,0.035,0.99,0.8936,1,CRITICAL
31.17,23.2,49.93,30.1,0.0189,1.15,0.5855,1,HIGH
41.57,31.76,43.17,32.36,0.0198,0.99,0.7263,1,CRITICAL
63.12,39.17,52.87,20.03,-0.028,1.3,0.842,1,CRITICAL
39.01,10.44,40.6,35.27,-0.0448,0.93,0.849,1,CRITICAL
35.05,25.27,32.42,27.47,0.018,1.22,0.3472,0,MODERATE
50.29,27.71,44.03,32.69,0.0322,0.91,0.9098,1,CRITICAL
75.2,55.39,107.61,20.5,0.0648,1.13,0.9847,1,CRITICAL
74.16,31.76,66.07,17.12,0.0489,1.36,0.9287,1,CRITICAL
31.1,0.0,25.59,33.73,0.0188,1.03,0.5196,1,HIGH
61.61,78.41,102.05,30.63,0.0656,0.88,0.9838,1,CRITICAL
30.64,39.12,48.27,21.69,0.0142,1.59,0.3005,0,MODERATE
71.49,24.06,61.59,21.91,0.0353,1.1,0.9612,1,CRITICAL
84.68,53.37,75.63,35.88,0.0872,0.62,0.9983,1,CRITICAL
63.51,42.59,80.55,19.67,0.034,1.32,0.9065,1,CRITICAL
57.91,40.92,52.96,39.5,-0.0454,0.73,0.9801,1,CRITICAL
40.89,22.21,45.28,21.7,0.0274,1.46,0.4576,0,MODERATE
50.87,27.67,52.18,32.47,0.0353,0.91,0.8862,1,CRITICAL
81.27,40.74,72.71,25.7,0.0691,0.86,0.9939,1,CRITICAL
43.27,23.38,49.92,32.22,0.0306,0.98,0.8923,1,CRITICAL
18.04,28.42,24.05,24.19,0.0616,1.58,0.2304,0,LOW
50.38,33.36,40.63,26.86,0.0688,1.09,0.9014,1,CRITICAL
52.62,41.51,67.36,28.29,0.0575,1.02,0.9544,1,CRITICAL
80.12,49.78,65.9,20.98,0.0832,1.05,0.9869,1,CRITICAL
51.1,13.87,50.24,33.19,0.0318,0.89,0.944,1,CRITICAL
60.59,24.6,61.48,24.41,0.0512,1.1,0.9597,1,CRITICAL
83.17,55.67,84.88,26.4,0.0679,0.82,0.9931,1,CRITICAL
40.5,31.56,40.33,21.04,-0.0308,1.51,0.4997,0,MODERATE
48.01,37.81,58.36,12.0,0.0182,2.47,0.0749,0,LOW
50.73,6.79,42.69,26.66,-0.0244,1.1,0.8346,1,CRITICAL
34.05,15.26,43.13,44.89,-0.0698,0.79,0.9487,1,CRITICAL
70.86,53.93,82.95,33.49,0.0691,0.75,0.9924,1,CRITICAL
25.63,56.39,53.54,27.87,0.0341,1.3,0.4507,0,MODERATE
30.76,34.74,37.61,26.16,0.0269,1.32,0.4116,0,MODERATE
64.56,50.14,57.28,28.16,0.0401,0.92,0.9567,1,CRITICAL
15.21,12.3,14.84,31.83,0.0116,1.23,0.139,0,MODERATE
42.72,27.65,40.54,19.73,0.0137,1.58,0.2905,0,MODERATE
64.95,27.83,63.61,35.8,0.0874,0.74,0.9941,1,CRITICAL
68.94,44.58,58.43,33.01,0.096,0.77,0.9891,1,CRITICAL
82.49,66.29,111.7,33.03,0.1212,0.68,0.9994,1,CRITICAL
12.89,33.58,44.42,31.07,0.0343,1.28,0.3454,0,MODERATE
21.11,10.74,17.39,28.14,-0.0047,1.33,0.1643,0,MODERATE
60.78,39.4,61.01,32.71,-0.0477,0.83,0.9772,1,CRITICAL
35.77,30.31,51.98,32.14,0.0259,1.04,0.7882,1,CRITICAL
44.6,26.19,39.9,25.52,0.0276,1.21,0.6566,1,HIGH
57.38,44.22,57.03,23.98,0.0292,1.15,0.9075,1,CRITICAL
40.03,11.24,39.84,28.71,0.0277,1.12,0.7473,1,HIGH
9.61,0.0,10.97,38.84,0.0173,1.07,0.3826,0,HIGH
64.75,43.92,66.11,19.33,0.0297,1.32,0.8587,1,CRITICAL
29.73,74.27,99.77,17.73,0.0196,1.96,0.1617,0,LOW
21.52,31.35,24.04,29.15,0.0056,1.28,0.2208,0,MODERATE
74.88,30.93,71.96,28.36,0.0724,0.83,0.9949,1,CRITICAL
38.77,18.16,36.97,29.21,-0.02,1.11,0.6515,1,HIGH
82.32,43.58,97.28,29.71,0.0831,0.75,0.9978,1,CRITICAL
61.94,42.22,79.54,26.44,0.066,1.0,0.9878,1,CRITICAL
37.33,30.92,32.82,38.43,-0.018,0.88,0.6973,1,CRITICAL
71.86,55.08,92.02,16.79,-0.0454,1.42,0.936,1,CRITICAL
65.87,29.36,55.16,22.2,0.0474,1.14,0.9303,1,CRITICAL
18.26,15.12,16.11,27.28,0.0155,1.4,0.1397,0,MODERATE
41.49,21.49,49.06,16.5,0.0233,1.9,0.1177,0,LOW
75.08,56.36,67.38,26.77,0.0477,0.88,0.9809,1,CRITICAL
71.68,41.29,68.69,39.63,0.068,0.64,0.9939,1,CRITICAL
72.73,40.4,74.04,28.15,0.0636,0.86,0.9911,1,CRITICAL
37.14,24.18,30.53,29.61,0.0115,1.11,0.6534,1,HIGH
51.25,37.11,46.2,19.18,0.0456,1.51,0.4597,0,MODERATE
74.52,57.29,68.88,23.69,0.047,0.99,0.9663,1,CRITICAL
33.13,16.59,31.15,25.37,0.0168,1.34,0.4124,0,MODERATE
39.71,30.37,32.52,25.78,0.0156,1.25,0.5722,1,HIGH
55.25,28.35,45.56,36.97,0.0624,0.78,0.951,1,CRITICAL
71.8,42.91,81.71,31.9,0.0778,0.77,0.996,1,CRITICAL
79.08,52.0,99.62,20.22,0.0621,1.1,0.9883,1,CRITICAL
39.78,9.61,34.3,29.73,0.0267,1.09,0.7544,1,CRITICAL
50.25,19.28,44.5,31.49,0.0306,0.94,0.8604,1,CRITICAL
48.75,44.06,54.84,35.98,0.0415,0.85,0.9056,1,CRITICAL
44.23,56.06,81.66,39.06,0.0537,0.82,0.9629,1,CRITICAL
48.39,14.02,44.05,20.89,0.0228,1.42,0.5286,1,HIGH
27.27,13.02,50.81,22.32,0.016,1.59,0.1912,0,LOW
53.06,20.69,53.03,19.2,0.0192,1.48,0.5441,1,HIGH
68.6,53.39,101.93,26.36,0.062,0.95,0.9941,1,CRITICAL
29.57,12.48,25.86,31.26,0.0108,1.12,0.3242,0,HIGH
19.5,53.82,70.15,34.91,0.0203,1.09,0.5527,1,HIGH
61.48,29.27,57.91,27.47,0.0658,0.97,0.9622,1,CRITICAL
67.14,76.54,99.56,25.76,0.0716,0.98,0.9889,1,CRITICAL
61.59,18.28,58.47,29.06,0.0825,0.92,0.984,1,CRITICAL
37.52,21.32,41.35,22.15,0.0177,1.47,0.4271,0,MODERATE
49.81,46.47,64.35,42.63,0.0532,0.73,0.9816,1,CRITICAL
24.51,31.78,38.84,16.75,-0.0244,2.16,0.0336,0,LOW
65.01,36.55,66.51,29.29,0.0552,0.89,0.9605,1,CRITICAL
24.74,26.75,27.89,42.17,0.021,0.89,0.5201,1,CRITICAL
16.17,30.03,36.52,28.05,-0.0184,1.38,0.2851,0,MODERATE
20.97,29.89,61.19,26.67,0.0246,1.4,0.4439,0,MODERATE
74.87,39.18,60.05,25.5,0.06,0.92,0.9869,1,CRITICAL
81.3,54.04,78.33,26.74,0.0733,0.83,0.9933,1,CRITICAL
77.29,49.08,91.98,37.61,0.1364,0.64,0.9991,1,CRITICAL
81.07,65.38,80.74,12.52,0.0716,1.73,0.8804,1,CRITICAL
18.53,15.06,39.03,38.73,0.0176,1.0,0.4475,0,HIGH
68.77,54.74,88.83,18.03,0.0373,1.36,0.9254,1,CRITICAL
47.98,23.04,59.23,26.13,0.0249,1.15,0.9012,1,CRITICAL
39.93,31.56,50.88,25.0,0.0189,1.28,0.5506,1,HIGH
53.48,45.11,92.96,32.12,-0.0544,0.9,0.9849,1,CRITICAL
69.79,48.5,85.73,16.81,0.0405,1.45,0.8639,1,CRITICAL
25.54,11.6,45.77,31.24,0.013,1.16,0.3571,0,HIGH
87.28,50.71,71.18,42.17,0.102,0.54,0.9993,1,CRITICAL
33.31,22.01,30.75,18.46,0.0095,1.83,0.0783,0,LOW
92.94,62.81,86.55,29.33,0.0895,0.68,0.9993,1,CRITICAL
54.31,33.72,61.99,23.37,0.0279,1.21,0.8955,1,CRITICAL
40.06,33.82,37.47,30.98,-0.0419,1.04,0.7817,1,CRITICAL
29.24,15.31,24.86,28.13,0.0295,1.25,0.542,1,HIGH
37.38,22.43,35.5,23.51,0.0177,1.39,0.3233,0,MODERATE
77.85,71.77,84.39,31.42,0.105,0.74,0.997,1,CRITICAL
58.28,42.02,78.11,40.63,0.0647,0.71,0.9925,1,CRITICAL
44.95,55.82,72.57,26.66,-0.0542,1.15,0.8236,1,CRITICAL
22.11,19.7,24.83,33.04,-0.0179,1.13,0.3997,0,HIGH
60.34,27.44,55.26,18.95,-0.0271,1.41,0.8179,1,CRITICAL
64.56,22.53,59.48,21.3,0.0286,1.21,0.9256,1,CRITICAL
63.84,24.56,58.14,31.31,0.0416,0.84,0.9669,1,CRITICAL
40.78,40.76,49.08,38.39,0.0554,0.85,0.9468,1,CRITICAL
82.86,61.11,72.94,30.49,-0.0754,0.72,0.9949,1,CRITICAL
58.94,29.39,47.46,25.81,0.0281,1.06,0.8659,1,CRITICAL
32.76,22.36,34.88,28.0,0.0209,1.22,0.52,1,HIGH
31.5,25.17,29.01,19.25,0.0076,1.78,0.0972,0,LOW
38.78,19.61,31.46,32.23,0.0147,1.01,0.6143,1,HIGH
39.54,35.71,41.18,34.18,0.0543,0.96,0.9288,1,CRITICAL
29.19,19.0,26.81,24.84,0.0157,1.41,0.151,0,MODERATE
71.74,41.22,66.44,24.71,-0.046,0.98,0.9745,1,CRITICAL
29.46,10.08,28.45,29.86,0.053,1.18,0.6225,1,HIGH
48.82,22.31,52.94,24.94,0.0291,1.19,0.6677,1,HIGH
59.32,39.16,117.91,27.54,0.0704,0.99,0.9925,1,CRITICAL
42.44,39.84,45.84,42.7,0.0325,0.77,0.8965,1,CRITICAL
52.85,33.27,57.9,26.27,0.0393,1.09,0.8953,1,CRITICAL
67.44,51.02,91.7,25.49,0.0648,0.99,0.9868,1,CRITICAL
16.89,0.0,20.53,23.47,0.003,1.64,0.0364,0,LOW
31.94,10.57,28.29,33.21,0.0259,1.04,0.5452,1,HIGH
73.67,30.63,63.92,26.73,0.0652,0.89,0.9923,1,CRITICAL
13.55,3.19,18.57,23.45,0.0163,1.69,0.0512,0,LOW
61.32,42.08,64.59,37.25,0.0798,0.74,0.9736,1,CRITICAL
84.75,41.95,67.87,37.94,0.0776,0.59,0.9976,1,CRITICAL
16.62,11.64,42.09,23.8,0.0087,1.62,0.0983,0,LOW
31.13,2.68,26.09,14.93,-0.022,2.29,0.0201,0,LOW
70.4,41.58,90.95,35.05,0.0779,0.72,0.9918,1,CRITICAL
32.02,60.33,70.38,23.21,0.0189,1.47,0.4281,0,MODERATE
37.98,74.7,99.61,33.53,0.0438,0.98,0.9166,1,CRITICAL
59.17,34.8,72.21,14.21,0.0422,1.89,0.4981,0,MODERATE
44.94,3.18,38.25,34.25,0.0201,0.91,0.865,1,CRITICAL
31.4,27.37,43.49,19.52,-0.014,1.75,0.1497,0,LOW
43.69,23.49,38.36,33.12,0.0206,0.95,0.8794,1,CRITICAL
20.34,33.4,50.39,28.1,0.0307,1.34,0.5619,1,HIGH
14.73,17.91,17.49,21.32,0.0123,1.84,0.0207,0,LOW
51.51,32.8,47.14,25.15,0.0238,1.15,0.7747,1,CRITICAL
43.1,31.99,71.93,32.8,0.0547,0.96,0.9489,1,CRITICAL
16.02,10.75,13.02,28.74,-0.0228,1.35,0.1638,0,MODERATE
30.79,25.26,27.86,32.09,0.0203,1.09,0.3251,0,HIGH
23.93,9.18,27.36,41.84,0.014,0.9,0.5967,1,CRITICAL
70.12,47.52,74.19,17.05,0.0428,1.42,0.9264,1,CRITICAL
19.33,13.14,31.11,39.32,0.0485,0.98,0.5399,1,CRITICAL
60.72,59.07,65.18,28.73,0.0387,0.94,0.9606,1,CRITICAL
43.1,26.5,66.28,21.71,0.0253,1.43,0.4324,0,MODERATE
54.46,38.86,45.51,18.69,0.0205,1.5,0.6206,1,HIGH
51.12,14.48,51.97,26.68,0.0386,1.09,0.8803,1,CRITICAL
32.33,45.08,45.25,34.45,0.0326,1.0,0.7211,1,HIGH
79.23,35.71,78.54,27.11,0.0597,0.83,0.9919,1,CRITICAL
35.8,24.43,37.56,38.58,0.0209,0.88,0.701,1,CRITICAL
45.86,5.88,36.95,17.84,0.0496,1.7,0.4506,0,MODERATE
26.78,0.0,22.36,27.92,0.0267,1.28,0.2906,0,MODERATE
57.41,37.67,47.83,19.23,0.0584,1.42,0.815,1,CRITICAL
17.4,22.42,20.23,30.55,0.0301,1.26,0.2172,0,MODERATE
42.63,23.98,35.99,34.21,-0.0252,0.93,0.9108,1,CRITICAL
49.68,36.25,48.07,25.05,0.0219,1.18,0.8469,1,CRITICAL
33.77,28.43,29.97,12.0,0.0189,2.79,0.0078,0,LOW
50.7,31.09,63.21,29.39,-0.0379,1.0,0.9597,1,CRITICAL
71.05,38.58,87.62,31.06,0.0728,0.8,0.9924,1,CRITICAL
9.85,9.03,15.28,30.83,0.0099,1.32,0.0952,0,MODERATE
52.72,25.98,52.92,36.65,0.0754,0.81,0.9871,1,CRITICAL
64.07,62.26,97.28,20.5,-0.0437,1.26,0.942,1,CRITICAL
22.37,23.12,29.4,32.76,0.0104,1.14,0.4542,0,HIGH
44.71,62.46,115.47,36.35,0.0766,0.87,0.9825,1,CRITICAL
31.76,23.67,27.71,15.55,0.0368,2.19,0.0291,0,LOW
66.9,56.49,83.25,30.24,-0.0936,0.85,0.995,1,CRITICAL
31.64,28.61,35.63,24.47,0.0215,1.4,0.2064,0,MODERATE
53.59,21.85,43.22,27.43,0.0217,1.04,0.8819,1,CRITICAL
49.66,63.89,93.48,30.43,0.0539,0.98,0.9695,1,CRITICAL
54.86,61.72,94.2,24.59,0.08,1.15,0.9608,1,CRITICAL
59.35,39.24,54.73,23.27,-0.0356,1.16,0.8853,1,CRITICAL
45.89,66.54,82.94,28.24,0.0553,1.08,0.9337,1,CRITICAL
50.54,28.9,42.71,20.39,-0.0194,1.43,0.5664,1,HIGH
61.1,33.51,65.97,20.4,0.0278,1.3,0.8743,1,CRITICAL
57.14,18.24,48.91,32.76,0.0435,0.86,0.9387,1,CRITICAL
67.46,46.21,58.22,19.96,0.0532,1.25,0.9678,1,CRITICAL
24.68,29.02,42.41,32.66,-0.0809,1.12,0.7511,1,CRITICAL
51.61,45.74,48.4,31.24,0.0541,0.94,0.9319,1,CRITICAL
27.0,0.0,21.71,15.92,0.0152,2.23,0.0304,0,LOW
65.88,45.54,60.73,23.26,0.0451,1.09,0.9013,1,CRITICAL
26.63,12.5,25.19,36.36,0.0342,1.0,0.7723,1,CRITICAL
67.94,39.43,71.6,21.13,0.0346,1.18,0.936,1,CRITICAL
47.23,16.97,41.03,24.75,0.0614,1.22,0.7839,1,CRITICAL
65.34,56.98,79.97,31.23,0.0658,0.83,0.9832,1,CRITICAL
76.68,45.74,66.0,33.48,0.102,0.71,0.9951,1,CRITICAL
47.19,15.72,45.24,26.24,0.0404,1.15,0.7873,1,CRITICAL
42.2,25.09,39.07,23.82,-0.0156,1.32,0.539,1,HIGH
53.36,41.97,58.18,37.96,0.042,0.78,0.9704,1,CRITICAL
52.91,28.14,43.93,40.17,0.0377,0.75,0.9572,1,CRITICAL
44.2,38.15,45.12,34.85,0.0278,0.9,0.8541,1,CRITICAL
71.71,35.19,63.48,28.6,0.0521,0.85,0.99,1,CRITICAL
64.92,28.02,84.27,22.34,0.0546,1.15,0.9844,1,CRITICAL
25.01,14.56,21.15,22.19,0.0125,1.63,0.159,0,LOW
68.42,50.58,81.29,31.66,0.0596,0.8,0.989,1,CRITICAL
13.56,11.27,13.61,30.93,-0.0576,1.28,0.3418,0,MODERATE
33.34,27.91,28.06,37.81,0.0201,0.92,0.7561,1,CRITICAL
55.15,8.98,47.51,32.55,0.057,0.88,0.9741,1,CRITICAL
24.67,10.43,21.36,17.48,0.0042,2.07,0.0179,0,LOW
48.62,20.74,49.94,35.36,-0.0535,0.86,0.9233,1,CRITICAL
64.21,58.71,117.98,21.01,0.0559,1.23,0.9811,1,CRITICAL
65.58,31.07,52.98,25.31,0.0464,1.01,0.9584,1,CRITICAL
44.76,34.07,45.08,29.75,0.0363,1.04,0.7758,1,CRITICAL
52.59,32.64,49.39,41.97,0.0724,0.72,0.9831,1,CRITICAL
79.44,34.99,69.77,49.77,0.0978,0.52,0.9992,1,CRITICAL
30.48,16.8,30.43,32.25,0.0117,1.08,0.4748,0,HIGH
60.16,58.46,81.94,26.72,0.0739,1.01,0.9697,1,CRITICAL
39.66,26.04,32.02,31.74,0.0195,1.02,0.7194,1,HIGH
55.99,34.77,67.16,34.21,0.0469,0.83,0.976,1,CRITICAL
77.68,33.74,66.52,25.76,0.0544,0.89,0.987,1,CRITICAL
28.22,0.73,29.82,40.57,0.0137,0.9,0.7487,1,CRITICAL
39.99,19.81,40.17,29.61,0.0211,1.09,0.726,1,HIGH
45.55,7.78,41.89,31.48,0.0273,0.98,0.8821,1,CRITICAL
25.02,33.57,21.49,32.66,0.0107,1.12,0.3361,0,HIGH
17.36,0.87,15.71,30.95,0.0118,1.25,0.1483,0,MODERATE
68.04,46.93,59.74,33.87,0.0532,0.76,0.9838,1,CRITICAL
43.33,54.5,60.54,23.68,0.0431,1.31,0.6358,1,HIGH
72.56,38.29,60.22,24.09,0.0727,0.99,0.984,1,CRITICAL
57.96,39.03,66.72,20.3,0.0278,1.34,0.6735,1,HIGH
30.37,4.42,29.41,31.08,0.0353,1.12,0.5577,1,HIGH
31.62,29.48,57.54,33.45,0.0606,1.04,0.8315,1,CRITICAL
37.53,39.09,38.41,31.2,0.0324,1.06,0.6626,1,HIGH
34.94,21.98,30.78,39.72,0.0987,0.87,0.9241,1,CRITICAL
50.83,63.0,104.53,27.96,0.0556,1.05,0.9652,1,CRITICAL
15.38,22.25,15.22,32.68,0.0292,1.2,0.3792,0,MODERATE
57.9,42.3,58.9,20.36,0.0399,1.34,0.7558,1,CRITICAL
81.58,45.26,77.9,25.29,0.0594,0.87,0.9935,1,CRITICAL
63.08,36.64,57.46,32.87,-0.058,0.81,0.9831,1,CRITICAL
55.75,46.31,89.99,33.94,0.0675,0.84,0.9853,1,CRITICAL
24.99,23.1,47.85,25.94,0.0135,1.4,0.2608,0,MODERATE
47.89,36.86,64.88,27.5,-0.0313,1.09,0.8148,1,CRITICAL
52.35,63.6,96.71,17.37,0.0481,1.65,0.8422,1,CRITICAL
51.53,17.76,50.39,25.5,-0.0407,1.14,0.8566,1,CRITICAL
63.28,32.06,52.16,34.23,0.049,0.78,0.9739,1,CRITICAL
50.47,33.38,62.13,32.03,0.0439,0.93,0.9697,1,CRITICAL
75.72,31.65,67.76,31.5,0.0569,0.75,0.9926,1,CRITICAL
84.49,38.61,70.76,28.35,0.0649,0.76,0.9981,1,CRITICAL
71.19,16.9,66.86,28.05,0.0753,0.87,0.9822,1,CRITICAL
35.32,32.78,67.26,23.38,0.0475,1.42,0.5994,1,HIGH
35.24,7.61,31.01,32.89,0.0282,1.02,0.5954,1,HIGH
77.56,51.43,90.38,30.95,0.1613,0.75,0.9992,1,CRITICAL
53.56,7.78,50.97,31.44,0.0622,0.92,0.9509,1,CRITICAL
24.67,15.08,21.94,24.32,-0.0067,1.49,0.1234,0,LOW
19.91,35.63,44.22,12.93,0.0114,2.9,0.0016,0,LOW
57.08,57.67,98.07,35.68,0.0687,0.8,0.9884,1,CRITICAL
29.22,22.11,28.54,24.65,0.0163,1.42,0.2499,0,MODERATE
23.43,9.38,24.17,21.96,0.0266,1.67,0.0862,0,LOW
45.49,10.75,43.82,32.85,0.0244,0.94,0.9077,1,CRITICAL
45.03,36.78,61.27,25.26,0.0551,1.22,0.7783,1,CRITICAL
70.48,40.73,56.54,35.42,-0.0597,0.71,0.9904,1,CRITICAL
60.78,18.21,52.43,32.32,0.0551,0.84,0.9569,1,CRITICAL
51.14,30.91,59.27,32.78,0.0338,0.9,0.9119,1,CRITICAL
29.11,16.18,31.09,18.44,0.007,1.89,0.044,0,LOW
75.16,68.2,66.14,36.48,0.075,0.67,0.9951,1,CRITICAL
69.19,53.97,86.22,29.83,0.0866,0.84,0.9942,1,CRITICAL
87.71,45.48,107.56,25.42,0.111,0.82,0.9984,1,CRITICAL
63.06,35.35,94.8,29.0,0.0753,0.91,0.9876,1,CRITICAL
40.9,29.8,37.5,15.57,-0.0113,2.03,0.0505,0,LOW
31.11,61.71,61.43,30.86,0.0229,1.12,0.6095,1,HIGH
57.31,36.72,65.88,20.79,0.0581,1.32,0.9156,1,CRITICAL
63.52,28.59,53.33,18.53,0.0227,1.39,0.6635,1,HIGH
16.1,20.52,27.02,17.34,0.0199,2.23,0.0118,0,LOW
44.23,13.49,35.78,35.79,0.0303,0.88,0.9228,1,CRITICAL
16.61,0.0,31.78,23.6,0.0124,1.64,0.121,0,LOW
44.22,43.5,55.21,38.74,0.0402,0.82,0.9418,1,CRITICAL
68.64,40.83,78.27,24.25,0.087,1.02,0.9863,1,CRITICAL
61.46,41.71,52.01,16.05,0.0467,1.64,0.7009,1,HIGH
13.05,7.56,25.28,20.18,0.0323,1.96,0.0346,0,LOW
55.42,29.59,47.29,36.65,0.0398,0.79,0.973,1,CRITICAL
24.35,46.61,63.44,26.91,-0.0156,1.35,0.3919,0,MODERATE
26.45,33.52,38.02,24.16,0.1002,1.48,0.646,1,HIGH
62.09,33.03,51.17,29.12,0.0332,0.92,0.9413,1,CRITICAL
39.47,22.64,34.69,31.51,0.0253,1.03,0.8457,1,CRITICAL
23.21,27.14,34.9,35.82,0.0143,1.04,0.5068,1,HIGH
45.59,32.35,46.19,38.14,0.0375,0.83,0.8673,1,CRITICAL
49.81,22.99,59.84,25.48,0.0308,1.16,0.8381,1,CRITICAL
21.96,0.78,22.51,18.72,0.0372,1.97,0.0578,0,LOW
46.92,11.08,53.62,25.11,0.0728,1.2,0.9267,1,CRITICAL
51.74,34.25,44.32,29.82,0.0307,0.98,0.8446,1,CRITICAL
65.97,34.77,64.55,21.25,0.0313,1.19,0.8489,1,CRITICAL
78.05,74.15,109.92,21.3,0.0772,1.06,0.9943,1,CRITICAL
43.48,33.81,49.62,30.41,0.029,1.03,0.849,1,CRITICAL
56.21,17.42,45.74,27.66,0.0877,1.01,0.9351,1,CRITICAL
39.39,58.1,98.84,28.23,0.038,1.14,0.8767,1,CRITICAL
48.37,20.2,41.25,22.69,0.017,1.31,0.5836,1,HIGH
68.05,37.97,73.43,26.39,0.062,0.95,0.9861,1,CRITICAL
69.42,49.32,66.94,21.53,0.0547,1.14,0.9515,1,CRITICAL
59.89,56.99,53.14,34.23,-0.0459,0.81,0.9638,1,CRITICAL
72.5,47.72,60.93,35.25,0.0568,0.7,0.9915,1,CRITICAL
46.08,23.61,39.8,15.08,0.0148,2.0,0.0673,0,LOW
26.71,43.01,50.69,21.49,0.0159,1.66,0.281,0,MODERATE
43.86,56.75,66.03,17.52,0.0207,1.76,0.3815,0,MODERATE
46.12,13.85,46.29,23.45,0.0452,1.29,0.679,1,HIGH
54.75,39.51,45.44,27.42,0.0237,1.03,0.8191,1,CRITICAL
34.63,43.72,60.03,17.85,0.0202,1.87,0.1094,0,LOW
51.37,42.55,51.11,21.55,0.0395,1.34,0.7776,1,CRITICAL
43.22,34.08,43.24,20.97,0.0131,1.48,0.3158,0,MODERATE
62.82,32.59,58.11,29.45,0.0674,0.9,0.9743,1,CRITICAL
48.04,47.47,45.24,28.49,0.039,1.06,0.7624,1,CRITICAL
10.49,15.15,19.59,22.95,0.0027,1.76,0.0353,0,LOW
44.41,25.32,49.45,29.24,-0.0552,1.06,0.8965,1,CRITICAL
38.5,29.19,40.22,24.17,0.0225,1.34,0.4753,0,MODERATE
87.75,72.27,104.25,26.1,-0.0954,0.8,0.9987,1,CRITICAL
68.39,37.21,60.44,39.71,0.0868,0.66,0.9958,1,CRITICAL
44.51,33.07,48.56,37.38,0.0589,0.85,0.9428,1,CRITICAL
66.71,36.11,58.72,18.9,0.0326,1.33,0.8876,1,CRITICAL
29.77,20.29,44.82,33.81,0.0191,1.04,0.5599,1,HIGH
37.25,10.63,31.42,33.68,-0.0176,0.99,0.7342,1,CRITICAL
48.34,11.06,41.81,19.96,0.0352,1.49,0.5506,1,HIGH
84.02,70.05,91.45,33.73,0.1262,0.66,0.9995,1,CRITICAL
24.22,11.21,22.41,38.77,0.0081,0.96,0.5195,1,CRITICAL
64.43,5.5,66.29,20.14,0.0289,1.27,0.8748,1,CRITICAL
58.12,63.5,99.22,21.58,0.0674,1.26,0.9441,1,CRITICAL
31.18,25.38,36.04,35.12,0.0205,1.0,0.7745,1,CRITICAL
79.03,21.14,66.34,29.9,0.0571,0.76,0.9835,1,CRITICAL
59.49,23.71,53.39,31.86,-0.0369,0.86,0.9633,1,CRITICAL
57.02,34.22,71.63,30.38,0.0478,0.92,0.9642,1,CRITICAL
56.14,23.43,51.42,30.73,0.0829,0.92,0.9687,1,CRITICAL
61.72,53.33,68.66,18.71,0.0831,1.4,0.9071,1,CRITICAL
31.99,27.39,48.12,35.33,0.0242,0.98,0.7484,1,CRITICAL
58.27,29.96,57.05,36.19,0.0898,0.78,0.9888,1,CRITICAL
73.34,60.18,81.6,26.39,0.058,0.91,0.9846,1,CRITICAL
34.54,24.96,33.35,27.7,-0.0395,1.21,0.6128,1,HIGH
62.18,18.97,60.64,17.28,0.0253,1.51,0.7292,1,HIGH
38.07,22.55,47.86,31.6,0.0455,1.04,0.7698,1,CRITICAL
49.29,28.54,42.19,32.0,0.0287,0.94,0.8979,1,CRITICAL
29.74,7.81,28.59,27.56,0.0111,1.27,0.3832,0,MODERATE
33.57,45.91,42.69,35.87,0.0581,0.96,0.8119,1,CRITICAL
40.9,30.35,48.7,25.66,0.0207,1.24,0.5335,1,HIGH
48.34,21.79,48.87,31.95,0.0973,0.95,0.9507,1,CRITICAL
30.71,17.8,48.38,20.86,0.0121,1.65,0.1896,0,LOW
54.28,41.25,53.29,27.84,-0.027,1.02,0.8902,1,CRITICAL
28.64,26.45,54.88,26.78,0.0447,1.31,0.6853,1,HIGH
53.13,41.28,62.47,29.58,0.046,0.98,0.9298,1,CRITICAL
60.42,20.89,54.0,25.41,-0.0359,1.06,0.8921,1,CRITICAL
35.33,22.19,35.81,27.08,0.0127,1.23,0.5457,1,HIGH
70.56,37.42,72.97,33.78,-0.0708,0.74,0.9903,1,CRITICAL
45.21,38.78,69.9,24.94,0.0338,1.23,0.7557,1,CRITICAL
46.61,16.18,40.24,16.75,0.0204,1.79,0.1746,0,LOW
65.77,48.33,63.46,40.25,0.0709,0.67,0.9775,1,CRITICAL
59.71,24.89,49.67,37.67,0.0526,0.74,0.9806,1,CRITICAL
51.7,26.33,46.28,18.95,0.0636,1.52,0.7487,1,HIGH
20.23,19.18,33.56,32.83,0.0234,1.15,0.5049,1,HIGH
55.09,43.29,45.29,24.48,0.0266,1.15,0.9005,1,CRITICAL
16.81,26.74,29.74,29.84,0.011,1.3,0.3227,0,MODERATE
28.66,42.46,57.59,30.06,-0.0263,1.18,0.5884,1,HIGH
23.88,27.05,71.39,26.36,0.0195,1.39,0.513,1,HIGH
58.86,23.89,50.75,22.51,0.0295,1.2,0.8399,1,CRITICAL
39.1,43.09,52.01,23.17,0.0434,1.39,0.5635,1,HIGH
57.82,39.52,85.39,21.59,0.065,1.27,0.9173,1,CRITICAL
26.81,14.57,22.89,22.18,-0.0194,1.61,0.1214,0,LOW
38.34,12.56,38.69,27.53,0.0267,1.18,0.6634,1,HIGH
28.04,26.47,60.21,22.99,0.0213,1.53,0.4345,0,MODERATE
73.39,54.08,62.11,32.77,0.065,0.74,0.9936,1,CRITICAL
31.81,46.89,66.17,38.41,-0.0516,0.91,0.8692,1,CRITICAL
33.79,32.79,38.27,23.94,0.0304,1.41,0.3197,0,MODERATE
68.58,41.7,56.44,29.68,0.0388,0.85,0.9786,1,CRITICAL
52.78,29.32,51.19,31.5,0.0481,0.92,0.9546,1,CRITICAL
52.14,21.66,47.63,31.3,0.045,0.93,0.9515,1,CRITICAL
33.48,15.03,31.76,28.53,0.0117,1.19,0.4557,0,HIGH
56.75,32.34,57.1,33.2,0.0383,0.85,0.963,1,CRITICAL
38.46,42.17,40.68,31.38,0.0396,1.04,0.835,1,CRITICAL
54.86,18.89,53.75,19.34,0.0313,1.45,0.5624,1,HIGH
64.71,26.35,53.15,34.08,0.0649,0.78,0.985,1,CRITICAL
52.58,30.7,66.38,34.21,0.0429,0.86,0.969,1,CRITICAL
78.97,54.38,73.03,22.66,0.044,0.99,0.985,1,CRITICAL
60.1,62.86,73.88,28.27,0.0445,0.96,0.9629,1,CRITICAL
46.42,41.04,63.25,32.78,0.0411,0.94,0.9675,1,CRITICAL
82.64,47.01,71.83,26.53,0.0636,0.82,0.9969,1,CRITICAL
18.35,9.76,14.75,35.51,0.0325,1.09,0.4094,0,HIGH
39.76,45.26,68.14,44.55,0.0591,0.76,0.9589,1,CRITICAL
54.96,46.98,65.42,22.5,0.0966,1.25,0.9542,1,CRITICAL
56.95,32.61,47.26,18.33,0.0177,1.5,0.5654,1,HIGH
11.83,21.55,27.61,30.13,0.0054,1.33,0.2156,0,MODERATE
39.73,27.01,32.09,33.05,0.0154,0.98,0.6364,1,CRITICAL
56.93,9.8,45.97,26.38,0.0346,1.05,0.8855,1,CRITICAL
52.93,32.14,53.53,38.17,0.0407,0.78,0.9672,1,CRITICAL
70.76,37.92,58.12,18.63,-0.0428,1.3,0.9308,1,CRITICAL
40.1,53.41,82.08,32.85,0.0382,0.99,0.8585,1,CRITICAL
76.87,55.37,95.14,23.76,0.0596,0.97,0.987,1,CRITICAL
42.31,31.36,49.59,40.04,0.0372,0.81,0.8628,1,CRITICAL
65.87,25.01,53.69,41.95,0.0565,0.65,0.9845,1,CRITICAL
33.93,2.08,33.04,22.63,0.035,1.48,0.2509,0,MODERATE
85.63,55.12,75.48,24.15,0.0793,0.87,0.9962,1,CRITICAL
42.56,14.99,43.89,34.02,0.0231,0.94,0.8464,1,CRITICAL
72.68,34.95,60.92,25.29,0.0624,0.95,0.9802,1,CRITICAL
48.43,23.51,51.67,27.68,-0.0356,1.08,0.855,1,CRITICAL
81.34,60.06,73.66,28.18,0.0668,0.79,0.9965,1,CRITICAL
29.59,39.9,67.82,14.56,0.0112,2.38,0.016,0,LOW
62.9,51.86,91.6,27.9,0.0738,0.95,0.9738,1,CRITICAL
83.67,55.14,79.44,23.17,0.0523,0.93,0.9929,1,CRITICAL
51.1,55.4,56.39,24.55,0.0285,1.19,0.7905,1,CRITICAL
55.69,32.12,46.78,38.11,0.0346,0.76,0.9398,1,CRITICAL
42.48,18.89,37.77,19.2,0.0216,1.62,0.3312,0,MODERATE
15.41,35.15,46.98,33.69,0.0237,1.17,0.265,0,HIGH
19.4,4.4,33.54,26.05,0.0389,1.45,0.195,0,LOW
67.51,34.76,57.16,26.04,0.0534,0.97,0.9301,1,CRITICAL
42.28,47.84,46.49,33.53,0.0707,0.95,0.9277,1,CRITICAL
31.92,41.46,66.48,30.38,-0.043,1.13,0.8588,1,CRITICAL
95.55,50.75,82.79,31.99,0.0897,0.61,0.999,1,CRITICAL
22.07,12.65,20.74,34.78,0.0172,1.08,0.3546,0,HIGH
38.73,40.26,73.7,25.68,-0.0336,1.26,0.8458,1,CRITICAL
11.48,14.22,18.46,23.71,0.0142,1.69,0.0568,0,LOW
24.88,24.56,28.01,20.4,0.0175,1.77,0.163,0,LOW
79.02,37.41,67.89,22.22,0.0579,1.01,0.9843,1,CRITICAL
42.32,15.4,67.19,48.64,0.0474,0.7,0.9677,1,CRITICAL
65.87,53.09,80.72,36.71,0.0857,0.72,0.9968,1,CRITICAL
68.66,58.93,62.66,18.54,0.0289,1.33,0.8628,1,CRITICAL
35.46,13.54,28.83,18.74,0.0068,1.77,0.1112,0,LOW
21.2,0.79,25.83,31.37,0.0167,1.2,0.1763,0,MODERATE
44.54,29.95,38.62,31.83,0.0313,0.98,0.9029,1,CRITICAL
59.55,47.41,49.95,31.84,0.0321,0.86,0.9561,1,CRITICAL
57.8,37.53,53.73,26.22,0.038,1.05,0.9118,1,CRITICAL
87.93,60.39,71.91,27.12,0.0686,0.77,0.9973,1,CRITICAL
87.59,78.4,117.43,30.3,0.1047,0.7,0.999,1,CRITICAL
60.41,36.5,49.06,28.6,0.0469,0.95,0.938,1,CRITICAL
41.18,19.2,40.64,12.46,0.0105,2.52,0.0171,0,LOW
31.15,19.4,27.58,26.39,0.0313,1.31,0.4187,0,MODERATE
79.48,48.36,81.1,22.04,0.0529,1.01,0.9881,1,CRITICAL
35.02,16.91,29.25,29.23,0.0197,1.15,0.5762,1,HIGH
62.02,34.35,61.49,48.9,0.0955,0.61,0.9958,1,CRITICAL
64.4,46.52,73.77,30.57,0.073,0.86,0.9794,1,CRITICAL
33.32,30.0,71.61,25.81,0.0434,1.31,0.7753,1,CRITICAL
56.1,45.84,62.86,34.45,0.0431,0.83,0.9592,1,CRITICAL
41.24,11.96,34.56,31.38,0.0156,1.02,0.7316,1,HIGH
35.25,15.25,29.59,30.94,0.0247,1.09,0.5802,1,HIGH
31.09,30.07,44.6,32.25,0.0228,1.08,0.6294,1,HIGH
55.53,19.56,48.06,42.4,0.0737,0.7,0.9836,1,CRITICAL
34.18,2.08,36.24,20.08,0.0147,1.67,0.208,0,LOW
35.87,47.19,85.03,31.32,0.0398,1.07,0.9046,1,CRITICAL
36.37,18.57,54.81,21.52,0.0255,1.53,0.4211,0,MODERATE
45.07,45.63,64.18,31.89,-0.0546,0.97,0.9136,1,CRITICAL
78.69,43.98,92.53,21.57,0.057,1.04,0.9894,1,CRITICAL
35.11,40.4,42.58,25.08,0.0552,1.33,0.6336,1,HIGH
45.77,34.17,57.05,25.93,0.0342,1.18,0.8012,1,CRITICAL
75.62,40.89,67.17,34.83,0.0865,0.69,0.9967,1,CRITICAL
37.35,56.33,126.89,34.43,0.0656,0.97,0.9586,1,CRITICAL
29.73,18.67,28.7,19.28,0.0277,1.8,0.0534,0,LOW
42.76,27.75,47.58,28.38,0.02,1.11,0.8136,1,CRITICAL
56.39,17.06,50.08,23.03,0.0458,1.2,0.8589,1,CRITICAL
35.53,19.0,30.21,19.19,0.018,1.72,0.1653,0,LOW
56.03,30.46,57.4,26.48,0.0373,1.06,0.8821,1,CRITICAL
61.78,31.41,55.97,25.84,0.0316,1.03,0.9523,1,CRITICAL
54.78,34.43,56.95,44.99,0.0671,0.67,0.9861,1,CRITICAL
13.78,9.26,23.29,31.03,0.0054,1.28,0.1658,0,MODERATE
43.35,30.31,46.4,18.36,0.0155,1.69,0.2794,0,MODERATE
77.72,37.62,64.15,24.05,0.042,0.95,0.9636,1,CRITICAL
47.6,32.8,46.79,35.15,0.0262,0.87,0.912,1,CRITICAL
29.99,24.15,49.07,42.62,-0.0372,0.85,0.9038,1,CRITICAL
20.99,2.83,22.47,16.9,0.0074,2.2,0.0131,0,LOW
36.84,15.88,38.27,14.84,0.0094,2.2,0.0349,0,LOW
41.85,40.64,43.7,41.1,-0.0308,0.8,0.8915,1,CRITICAL
27.39,40.58,51.7,30.73,0.0249,1.16,0.6751,1,HIGH
36.98,39.48,45.57,21.92,0.0228,1.49,0.4771,0,MODERATE
45.17,35.46,37.72,31.74,0.0249,0.98,0.7973,1,CRITICAL
40.74,32.93,62.65,12.0,0.0205,2.63,0.0191,0,LOW
56.13,45.96,71.67,28.02,-0.0459,1.0,0.9539,1,CRITICAL
21.31,23.6,38.07,30.29,0.0341,1.24,0.4616,0,MODERATE
20.66,22.16,25.94,34.47,0.0066,1.1,0.3071,0,HIGH
50.89,34.29,61.96,20.9,0.0523,1.39,0.8426,1,CRITICAL
69.22,40.02,65.15,28.6,0.0472,0.87,0.9835,1,CRITICAL
73.37,47.95,78.71,21.52,0.0606,1.1,0.985,1,CRITICAL
47.42,47.17,69.75,29.79,-0.0406,1.02,0.8773,1,CRITICAL
43.52,47.36,68.0,21.73,-0.0267,1.43,0.5251,1,HIGH
51.7,31.21,50.45,25.14,0.0362,1.15,0.915,1,CRITICAL
58.29,46.87,76.06,21.03,0.053,1.29,0.9333,1,CRITICAL
41.14,22.97,34.52,32.56,0.0244,0.99,0.721,1,CRITICAL
82.52,57.04,67.63,34.01,0.0727,0.66,0.9976,1,CRITICAL
45.58,11.73,48.39,26.36,0.0203,1.16,0.7038,1,HIGH
20.28,9.53,32.05,28.27,0.0448,1.33,0.2355,0,MODERATE
49.47,31.97,42.06,17.86,0.0405,1.64,0.2737,0,MODERATE
64.52,39.42,61.2,25.9,0.0417,1.0,0.9547,1,CRITICAL
59.16,31.91,48.81,27.65,0.0483,0.99,0.9637,1,CRITICAL
35.72,32.11,42.4,46.35,-0.029,0.76,0.9281,1,CRITICAL
82.46,59.11,94.95,20.22,0.0724,1.07,0.9947,1,CRITICAL
68.9,39.52,75.19,38.25,0.077,0.68,0.9961,1,CRITICAL
27.53,23.78,29.15,34.98,0.0186,1.03,0.5969,1,HIGH
21.93,56.48,93.78,29.96,-0.0214,1.24,0.7227,1,HIGH
39.04,24.05,47.54,40.31,0.0754,0.83,0.8941,1,CRITICAL
13.44,28.55,36.08,30.6,0.0322,1.3,0.3581,0,MODERATE
80.61,55.17,81.1,30.72,0.0906,0.74,0.996,1,CRITICAL
47.89,66.07,106.54,27.63,0.0524,1.09,0.9377,1,CRITICAL
21.49,42.99,43.03,36.56,0.0164,1.03,0.6164,1,HIGH
52.6,45.11,53.07,35.68,0.046,0.83,0.9665,1,CRITICAL
26.35,26.78,27.94,23.62,0.0339,1.51,0.1945,0,LOW
64.62,67.0,68.89,18.77,0.0688,1.36,0.9337,1,CRITICAL
62.89,36.75,63.7,26.58,0.0402,0.99,0.9621,1,CRITICAL
57.78,32.02,61.11,22.4,0.0404,1.22,0.864,1,CRITICAL
55.71,39.12,50.87,27.56,0.0453,1.02,0.925,1,CRITICAL
60.97,31.78,57.17,36.66,0.0464,0.75,0.9891,1,CRITICAL
42.07,27.66,45.91,24.8,0.0238,1.27,0.5992,1,HIGH
77.7,43.89,89.58,27.7,0.0674,0.83,0.9942,1,CRITICAL
64.75,50.1,73.39,28.41,0.063,0.91,0.9826,1,CRITICAL
51.47,11.13,43.07,33.94,0.055,0.87,0.94,1,CRITICAL
71.01,35.66,61.04,12.27,-0.0492,1.95,0.6054,1,HIGH
67.34,32.41,54.28,23.75,-0.0456,1.06,0.9685,1,CRITICAL
26.83,8.59,21.58,29.48,0.0121,1.21,0.3268,0,MODERATE
26.67,0.0,25.15,36.4,0.0244,1.0,0.5183,1,HIGH
23.36,8.02,42.78,24.56,0.0381,1.49,0.4432,0,MODERATE
29.65,27.93,58.99,14.86,-0.0234,2.33,0.0297,0,LOW
56.3,36.89,52.5,32.34,0.0398,0.87,0.9128,1,CRITICAL
90.56,53.81,84.87,23.55,0.0982,0.85,0.9989,1,CRITICAL
46.99,33.41,55.96,19.67,-0.0443,1.53,0.6798,1,HIGH
49.56,42.45,85.49,23.63,-0.0655,1.25,0.9498,1,CRITICAL
60.92,54.62,85.35,26.71,0.0813,1.0,0.9895,1,CRITICAL
59.63,11.16,48.59,23.77,0.0305,1.13,0.9465,1,CRITICAL
36.89,0.0,33.79,12.56,-0.0347,2.6,0.0083,0,LOW
38.8,16.64,31.79,34.28,-0.0268,0.96,0.7205,1,CRITICAL
54.08,29.12,57.64,36.92,0.039,0.79,0.9541,1,CRITICAL
37.09,39.09,48.26,32.56,-0.0346,1.02,0.7688,1,CRITICAL
40.19,24.19,37.68,20.04,0.0197,1.59,0.2915,0,MODERATE
41.33,53.66,61.91,26.59,0.0275,1.19,0.7193,1,HIGH
70.24,33.66,65.23,27.95,0.0955,0.88,0.987,1,CRITICAL
37.71,80.8,126.56,32.19,0.0521,1.02,0.9468,1,CRITICAL
35.41,14.48,28.34,32.68,0.0547,1.03,0.7593,1,CRITICAL
56.94,42.19,47.29,22.86,0.0231,1.21,0.8574,1,CRITICAL
51.92,26.12,46.93,28.57,0.0303,1.02,0.852,1,CRITICAL
57.73,36.49,46.57,31.2,-0.0361,0.89,0.9546,1,CRITICAL
35.78,20.12,51.5,38.19,0.0432,0.89,0.8218,1,CRITICAL
27.11,9.35,22.5,32.93,0.0103,1.09,0.208,0,HIGH
32.63,27.26,46.84,33.52,-0.0812,1.03,0.8689,1,CRITICAL
54.7,39.38,44.57,28.59,0.044,0.99,0.8969,1,CRITICAL
57.81,8.4,50.62,37.87,0.0604,0.75,0.9692,1,CRITICAL
28.76,27.04,50.62,30.87,0.0167,1.14,0.4926,0,HIGH
40.84,43.1,77.94,21.97,-0.033,1.44,0.5902,1,HIGH
24.53,0.0,27.66,37.82,0.0522,0.98,0.6309,1,CRITICAL
28.65,40.65,75.49,32.89,0.0284,1.08,0.7075,1,HIGH
62.42,23.43,64.72,24.9,-0.0359,1.06,0.9038,1,CRITICAL
70.87,15.55,64.76,24.64,0.0477,0.99,0.9428,1,CRITICAL
36.59,29.55,53.63,30.08,-0.0596,1.1,0.7001,1,HIGH
49.64,24.01,44.96,31.24,0.0332,0.96,0.9495,1,CRITICAL
64.56,31.32,56.28,29.38,0.0434,0.89,0.9663,1,CRITICAL
16.16,19.9,28.95,30.18,0.0205,1.29,0.3593,0,MODERATE
66.87,27.76,60.92,39.9,0.0956,0.67,0.9945,1,CRITICAL
51.5,43.94,43.39,35.5,0.0272,0.84,0.9162,1,CRITICAL
59.71,28.95,48.81,29.33,0.031,0.93,0.9411,1,CRITICAL
38.86,45.47,54.34,34.59,0.0265,0.95,0.8705,1,CRITICAL
74.26,28.99,76.31,20.77,-0.0406,1.13,0.9462,1,CRITICAL
21.37,6.69,25.06,30.79,0.0109,1.22,0.2678,0,MODERATE
57.2,54.71,79.74,40.67,0.0657,0.71,0.9902,1,CRITICAL
74.44,38.23,67.49,26.47,0.0563,0.89,0.973,1,CRITICAL
26.92,13.34,40.12,22.07,0.0139,1.61,0.2317,0,LOW
15.57,10.67,48.43,23.44,0.0137,1.66,0.14,0,LOW
71.35,58.11,84.63,20.37,0.0837,1.18,0.9597,1,CRITICAL
66.2,44.73,63.69,22.51,-0.0342,1.13,0.9075,1,CRITICAL
41.08,32.43,49.99,25.41,0.0248,1.25,0.6584,1,HIGH
48.91,23.32,47.14,18.16,0.0184,1.62,0.4519,0,MODERATE
54.38,24.35,59.13,28.11,0.0421,1.01,0.9555,1,CRITICAL
68.65,35.1,59.39,34.32,0.0666,0.74,0.987,1,CRITICAL
53.1,17.47,51.04,21.65,0.045,1.32,0.8917,1,CRITICAL
28.48,8.27,26.31,38.63,0.0205,0.93,0.6541,1,CRITICAL
27.5,26.16,22.58,31.58,0.0355,1.13,0.5059,1,HIGH
72.86,24.46,71.61,35.21,0.0843,0.7,0.9964,1,CRITICAL
20.48,34.59,46.36,23.4,0.01,1.6,0.1479,0,LOW
64.49,46.13,51.98,33.98,0.0422,0.78,0.977,1,CRITICAL
36.13,27.47,32.17,20.36,0.0246,1.62,0.3689,0,MODERATE
13.62,16.07,20.15,34.23,0.0583,1.16,0.4534,0,HIGH
60.93,34.48,65.19,29.2,0.0457,0.92,0.9514,1,CRITICAL
51.89,20.14,44.33,31.87,0.0284,0.92,0.8725,1,CRITICAL
47.85,1.01,39.16,19.77,0.0429,1.51,0.6554,1,HIGH
35.87,24.18,39.68,21.73,0.0137,1.52,0.3299,0,MODERATE
83.33,51.35,92.28,32.18,0.1004,0.69,0.9977,1,CRITICAL
47.94,16.36,38.89,21.36,-0.0138,1.4,0.3638,0,MODERATE
42.27,23.96,40.27,31.24,0.018,1.02,0.7661,1,CRITICAL
32.99,26.26,42.73,18.43,0.0177,1.83,0.1395,0,LOW
26.71,7.73,23.47,33.94,0.0231,1.06,0.4686,0,HIGH
59.18,46.96,51.38,19.37,0.0219,1.39,0.5824,1,HIGH
39.39,33.11,43.01,31.87,0.0396,1.02,0.7472,1,HIGH
9.78,41.22,53.76,32.38,0.0077,1.26,0.3834,0,MODERATE
32.2,17.47,30.84,23.12,0.0191,1.47,0.3027,0,MODERATE
69.44,44.46,65.58,32.07,0.0542,0.79,0.9906,1,CRITICAL
62.3,25.54,57.5,29.82,-0.0565,0.89,0.9809,1,CRITICAL
32.79,42.89,60.38,24.23,0.0404,1.4,0.4928,0,MODERATE
67.58,31.07,55.19,20.94,0.0271,1.19,0.8838,1,CRITICAL
73.87,32.75,71.62,14.26,0.0284,1.63,0.7639,1,CRITICAL
79.52,54.79,91.69,30.45,0.1075,0.75,0.9985,1,CRITICAL
70.84,70.98,123.16,17.05,-0.0576,1.41,0.9765,1,CRITICAL
43.77,55.04,53.01,28.67,0.0319,1.09,0.8943,1,CRITICAL
57.38,36.2,53.07,26.16,0.0293,1.06,0.9199,1,CRITICAL
53.6,46.3,50.84,32.75,0.1089,0.88,0.986,1,CRITICAL
74.07,50.77,65.75,25.89,0.0805,0.92,0.9945,1,CRITICAL
55.11,35.16,57.97,25.69,0.0274,1.1,0.8699,1,CRITICAL
20.81,17.66,36.82,33.12,0.0205,1.14,0.5465,1,HIGH
14.31,4.87,37.13,30.35,0.0362,1.3,0.3548,0,MODERATE
66.07,27.85,60.94,30.21,0.049,0.85,0.9818,1,CRITICAL
39.95,37.15,50.88,31.28,0.0298,1.03,0.797,1,CRITICAL
48.35,42.5,75.87,17.25,-0.0282,1.72,0.3452,0,MODERATE
22.41,37.34,55.97,33.3,-0.0144,1.12,0.5708,1,HIGH
15.36,0.0,30.55,32.29,0.0285,1.22,0.3519,0,MODERATE
60.71,42.79,63.76,20.88,0.0361,1.27,0.844,1,CRITICAL
75.9,54.22,72.1,26.29,0.0593,0.89,0.9882,1,CRITICAL
48.45,7.32,41.8,27.72,0.0231,1.08,0.7418,1,HIGH
58.56,33.01,48.83,27.06,0.0488,1.01,0.912,1,CRITICAL
43.36,40.23,44.67,30.34,0.0433,1.03,0.8246,1,CRITICAL
66.58,50.32,55.87,38.02,0.0592,0.7,0.9809,1,CRITICAL
65.38,34.09,65.21,35.57,0.0858,0.74,0.9905,1,CRITICAL
67.62,49.59,69.66,18.81,0.0314,1.32,0.9091,1,CRITICAL
52.59,46.25,53.25,32.35,0.0534,0.9,0.9687,1,CRITICAL
32.02,19.72,26.18,37.3,0.0227,0.94,0.8235,1,CRITICAL
44.85,34.92,36.78,30.71,0.0208,1.01,0.7636,1,CRITICAL
63.34,31.13,52.48,35.64,0.0416,0.76,0.9837,1,CRITICAL
52.85,30.81,44.78,42.09,-0.0386,0.72,0.9632,1,CRITICAL
35.95,52.38,97.66,35.17,0.0703,0.96,0.953,1,CRITICAL
59.71,30.81,54.1,29.75,0.0553,0.92,0.9666,1,CRITICAL
36.94,25.17,34.73,35.32,0.0306,0.95,0.8436,1,CRITICAL
40.1,12.77,32.89,29.01,0.0142,1.11,0.5951,1,HIGH
63.86,37.5,66.22,28.17,0.0862,0.93,0.9813,1,CRITICAL
68.44,49.96,70.59,25.54,0.0466,0.98,0.9683,1,CRITICAL
27.53,35.47,24.91,38.94,0.0229,0.93,0.6005,1,CRITICAL
59.53,30.73,85.37,22.27,-0.0621,1.21,0.9653,1,CRITICAL
34.09,50.64,51.45,38.73,0.0248,0.89,0.79,1,CRITICAL
41.81,19.83,37.38,31.5,-0.0323,1.01,0.7652,1,CRITICAL
15.67,23.16,22.52,18.2,0.0026,2.13,0.0122,0,LOW
77.5,54.33,71.2,30.57,-0.0578,0.76,0.9935,1,CRITICAL
75.99,55.98,67.22,13.3,0.0419,1.71,0.7427,1,HIGH
80.73,46.78,90.11,32.38,0.081,0.7,0.9987,1,CRITICAL
63.39,29.22,52.45,34.2,0.0467,0.78,0.97,1,CRITICAL
35.84,21.5,36.72,23.85,0.0147,1.39,0.3565,0,MODERATE
47.1,24.06,46.06,28.86,0.0291,1.05,0.7145,1,HIGH
24.8,30.78,29.33,41.68,0.0113,0.9,0.5944,1,CRITICAL
70.48,50.84,86.02,24.46,0.0705,1.0,0.9788,1,CRITICAL
51.48,10.74,44.88,20.59,0.0171,1.4,0.5029,1,HIGH
49.67,18.49,41.37,38.37,0.0536,0.8,0.9037,1,CRITICAL
61.11,22.21,63.32,41.74,0.0701,0.68,0.9859,1,CRITICAL
35.34,16.4,31.14,28.03,0.0184,1.19,0.5198,1,HIGH
34.5,23.99,28.77,35.08,-0.0418,0.97,0.7536,1,CRITICAL
30.85,13.27,33.02,37.39,0.0158,0.94,0.651,1,CRITICAL
43.5,19.08,38.52,22.8,0.0173,1.36,0.4712,0,MODERATE
39.35,20.17,38.2,24.6,0.0145,1.31,0.439,0,MODERATE
40.49,23.55,36.9,36.62,0.0254,0.89,0.833,1,CRITICAL
58.34,34.04,48.13,39.8,0.1021,0.72,0.9893,1,CRITICAL
72.97,50.5,70.7,31.94,0.0576,0.76,0.9921,1,CRITICAL
67.24,55.08,54.2,21.84,0.0532,1.15,0.9342,1,CRITICAL
67.93,64.38,105.24,41.91,0.1157,0.64,0.9984,1,CRITICAL
45.16,32.79,42.39,24.28,0.0157,1.26,0.677,1,HIGH
58.2,22.75,64.38,25.65,0.0755,1.07,0.9673,1,CRITICAL
35.47,28.2,53.32,30.4,0.0723,1.1,0.8551,1,CRITICAL
78.47,37.91,67.68,38.88,0.1077,0.62,0.9988,1,CRITICAL
43.53,23.15,55.54,33.98,0.0378,0.93,0.9013,1,CRITICAL
72.9,45.71,85.11,30.9,0.0677,0.79,0.9934,1,CRITICAL
53.19,26.94,46.7,31.24,0.0333,0.93,0.9128,1,CRITICAL
43.45,59.84,108.15,28.3,0.0586,1.1,0.9522,1,CRITICAL
58.36,54.22,47.0,31.91,0.0363,0.87,0.9277,1,CRITICAL
76.44,44.01,64.82,12.0,0.0383,1.89,0.4574,0,MODERATE
34.72,50.3,50.49,25.92,-0.039,1.29,0.634,1,HIGH
42.36,37.2,37.13,29.69,0.0191,1.06,0.7847,1,CRITICAL
24.51,16.16,37.58,19.94,0.0139,1.82,0.0524,0,LOW
73.75,53.19,88.02,30.7,0.1139,0.78,0.9983,1,CRITICAL
29.16,38.44,71.32,26.57,0.0227,1.32,0.4076,0,MODERATE
80.88,42.99,74.35,40.29,0.0871,0.59,0.9977,1,CRITICAL
77.19,59.19,114.92,39.01,0.1159,0.62,0.9996,1,CRITICAL
29.95,14.74,31.92,24.74,0.0139,1.41,0.3005,0,MODERATE
33.98,22.12,30.88,26.94,0.0164,1.25,0.4228,0,MODERATE
69.39,43.13,66.33,27.48,-0.0437,0.9,0.9791,1,CRITICAL
49.81,35.89,55.59,24.84,0.0229,1.19,0.8473,1,CRITICAL
10.68,10.04,17.73,29.37,-0.0147,1.38,0.0765,0,MODERATE
44.75,37.62,48.35,22.69,0.0217,1.35,0.6925,1,HIGH
48.13,25.38,46.58,20.09,0.0153,1.48,0.433,0,MODERATE
64.99,51.81,63.15,32.36,0.0738,0.81,0.9899,1,CRITICAL
27.01,21.93,67.35,32.41,0.0328,1.11,0.6743,1,HIGH
89.33,55.68,81.86,22.37,0.0573,0.9,0.9969,1,CRITICAL
66.29,39.33,57.41,34.27,0.0735,0.76,0.9885,1,CRITICAL
87.81,48.2,91.58,23.58,0.0676,0.87,0.994,1,CRITICAL
56.41,27.23,51.31,29.77,0.0326,0.94,0.9382,1,CRITICAL
10.85,25.1,34.09,33.74,0.0379,1.2,0.4554,0,MODERATE
45.44,31.5,37.23,27.76,-0.0186,1.11,0.7982,1,CRITICAL
55.34,12.7,50.33,31.18,0.0606,0.91,0.9576,1,CRITICAL
18.36,15.99,16.17,24.38,0.0268,1.56,0.1415,0,LOW
17.5,4.63,15.34,26.62,0.0079,1.44,0.0999,0,MODERATE
64.59,51.92,67.78,26.56,-0.0393,0.98,0.9682,1,CRITICAL
23.58,0.0,26.17,22.77,0.006,1.6,0.1149,0,LOW
66.0,74.6,83.58,26.76,0.051,0.96,0.9443,1,CRITICAL
46.11,19.81,47.78,17.16,0.0458,1.76,0.2764,0,MODERATE
67.31,49.76,59.1,24.56,0.0403,1.03,0.9563,1,CRITICAL
50.7,35.13,59.7,26.01,-0.0267,1.13,0.8515,1,CRITICAL
59.11,28.99,61.96,26.21,0.0442,1.04,0.9382,1,CRITICAL
23.76,28.52,43.12,26.31,0.0125,1.39,0.2764,0,MODERATE
67.56,52.01,69.53,27.57,0.0472,0.92,0.9844,1,CRITICAL
88.07,28.39,73.2,31.36,0.07,0.67,0.9978,1,CRITICAL
60.84,46.2,65.31,34.12,-0.0667,0.8,0.964,1,CRITICAL
18.55,13.25,22.29,23.45,0.0032,1.62,0.1297,0,LOW
32.68,27.06,35.47,19.58,0.0162,1.73,0.074,0,LOW
68.0,55.66,92.58,20.71,0.0448,1.2,0.9704,1,CRITICAL
64.03,29.03,57.92,24.59,0.0425,1.06,0.9027,1,CRITICAL
73.67,32.75,73.14,25.54,0.0522,0.93,0.9902,1,CRITICAL
31.51,25.92,31.99,22.61,-0.008,1.52,0.1848,0,LOW
26.15,20.12,22.41,18.93,-0.013,1.89,0.0531,0,LOW
26.04,24.56,29.9,24.81,0.0191,1.45,0.127,0,LOW
39.85,31.58,45.51,29.27,0.022,1.1,0.7705,1,CRITICAL
42.14,34.39,41.57,32.17,-0.0405,0.99,0.8631,1,CRITICAL
76.69,55.33,68.78,24.1,0.0493,0.96,0.9857,1,CRITICAL
46.14,18.84,62.67,25.11,0.045,1.21,0.8711,1,CRITICAL
55.41,3.45,44.78,21.51,0.0308,1.3,0.7611,1,CRITICAL
70.53,54.19,61.68,27.78,0.0708,0.89,0.9846,1,CRITICAL
53.9,27.49,68.17,22.06,0.0389,1.28,0.8014,1,CRITICAL
54.87,38.27,81.88,32.01,0.051,0.89,0.9678,1,CRITICAL
19.74,11.38,23.76,15.5,0.0284,2.43,0.0112,0,LOW
48.6,26.56,71.83,25.48,0.0526,1.17,0.863,1,CRITICAL
79.87,36.52,67.22,30.11,0.1077,0.75,0.9947,1,CRITICAL
46.66,15.17,41.08,29.29,-0.0202,1.04,0.7335,1,HIGH
33.02,30.36,54.5,46.85,0.0415,0.77,0.926,1,CRITICAL
38.91,42.5,66.17,30.45,-0.0363,1.07,0.825,1,CRITICAL
54.62,25.05,47.48,20.97,0.0348,1.34,0.7779,1,CRITICAL
56.36,23.67,46.01,27.33,-0.0824,1.02,0.9127,1,CRITICAL
52.43,28.6,43.36,15.57,0.0232,1.83,0.1095,0,LOW
57.67,40.85,50.68,27.44,-0.0441,1.01,0.934,1,CRITICAL
73.93,64.42,80.64,22.17,0.0505,1.06,0.9843,1,CRITICAL
40.62,23.73,43.19,34.41,0.0255,0.94,0.725,1,CRITICAL
73.58,59.04,67.98,24.15,-0.0464,0.98,0.9807,1,CRITICAL
56.1,43.59,58.04,27.18,0.0301,1.03,0.9385,1,CRITICAL
50.75,31.92,73.74,23.55,0.0344,1.24,0.8458,1,CRITICAL
46.91,10.76,38.95,40.17,0.0273,0.78,0.9358,1,CRITICAL
24.11,16.48,37.08,25.75,0.0168,1.42,0.2586,0,MODERATE
78.13,75.48,101.72,40.83,0.1174,0.6,0.9991,1,CRITICAL
36.02,14.43,32.41,33.7,0.0349,1.0,0.8023,1,CRITICAL
43.33,18.24,61.94,31.37,0.0385,1.0,0.9388,1,CRITICAL
94.86,54.02,93.85,30.58,0.1001,0.64,0.9992,1,CRITICAL
46.55,2.67,37.46,30.76,0.0218,0.99,0.8113,1,CRITICAL
47.81,14.77,42.2,14.51,0.0385,2.05,0.1061,0,LOW
27.52,15.72,35.98,26.05,0.01,1.36,0.301,0,MODERATE
25.27,19.91,30.68,33.92,-0.0693,1.08,0.7037,1,HIGH
13.41,23.43,21.98,27.66,-0.0124,1.43,0.1691,0,MODERATE
11.96,15.06,13.53,18.16,0.0041,2.2,0.0103,0,LOW
59.97,27.11,64.84,27.63,0.0424,0.98,0.9636,1,CRITICAL
37.8,17.21,34.88,39.93,0.0178,0.84,0.8662,1,CRITICAL
8.77,9.41,14.42,36.73,0.0043,1.13,0.1562,0,HIGH
82.59,41.16,72.97,27.57,-0.0615,0.8,0.9919,1,CRITICAL
72.35,42.07,74.6,34.66,0.0745,0.71,0.9955,1,CRITICAL
40.16,2.9,33.55,25.43,0.0135,1.26,0.5111,1,HIGH
73.92,26.02,62.59,16.07,0.0417,1.45,0.9327,1,CRITICAL
67.41,30.34,57.29,21.53,0.0556,1.16,0.8931,1,CRITICAL
49.1,0.0,41.0,38.94,0.0389,0.79,0.9471,1,CRITICAL
22.56,19.33,21.54,26.08,0.0095,1.42,0.1981,0,MODERATE
44.06,15.83,49.26,26.3,0.021,1.18,0.6574,1,HIGH
39.93,37.89,51.7,25.9,0.0181,1.24,0.5446,1,HIGH
31.75,30.95,41.6,41.33,-0.0379,0.86,0.8204,1,CRITICAL
55.08,26.8,53.73,39.38,0.0537,0.74,0.9542,1,CRITICAL
64.86,41.62,52.69,43.53,-0.0593,0.64,0.9932,1,CRITICAL
48.21,59.32,86.48,26.89,0.039,1.11,0.9647,1,CRITICAL
19.46,7.91,18.32,30.07,0.0071,1.26,0.1959,0,MODERATE
26.79,18.58,37.99,17.38,0.0312,2.04,0.0421,0,LOW
82.97,72.76,102.99,38.34,0.119,0.6,0.9991,1,CRITICAL
15.17,20.37,30.08,19.83,0.0524,1.97,0.0342,0,LOW
48.02,35.71,42.11,29.52,0.1772,1.02,0.9829,1,CRITICAL
37.96,0.0,36.06,20.32,0.0335,1.6,0.3937,0,MODERATE
55.13,27.72,44.56,23.88,0.024,1.18,0.9241,1,CRITICAL
58.99,21.08,61.42,22.14,0.0307,1.22,0.8313,1,CRITICAL
53.17,33.81,56.78,23.74,0.0283,1.2,0.7706,1,CRITICAL
69.38,52.08,74.9,24.23,0.1069,1.02,0.9851,1,CRITICAL
57.21,44.95,45.94,24.16,0.0273,1.14,0.8649,1,CRITICAL
50.54,30.2,65.97,33.83,-0.056,0.88,0.9646,1,CRITICAL
57.6,34.47,66.22,20.27,0.0737,1.35,0.901,1,CRITICAL
73.34,35.62,60.95,29.54,0.0697,0.82,0.988,1,CRITICAL
47.58,16.94,44.47,36.53,0.0394,0.84,0.9515,1,CRITICAL
71.66,53.34,72.59,24.41,0.0451,0.99,0.9812,1,CRITICAL
69.69,38.91,66.03,22.97,0.0381,1.07,0.9652,1,CRITICAL
26.19,14.89,22.79,26.39,0.0154,1.36,0.273,0,MODERATE
28.08,20.5,23.83,36.26,0.0536,0.99,0.7094,1,CRITICAL
57.63,40.63,68.91,29.36,0.0741,0.95,0.9671,1,CRITICAL
75.66,29.67,63.07,24.28,-0.0413,0.96,0.9803,1,CRITICAL
34.15,17.46,30.15,31.39,0.0159,1.08,0.6277,1,HIGH
50.92,31.88,67.4,20.28,-0.0365,1.43,0.7619,1,CRITICAL
58.91,37.88,61.33,32.77,0.0492,0.85,0.9485,1,CRITICAL
12.26,24.21,23.73,30.86,0.0049,1.3,0.1717,0,MODERATE
57.72,21.83,55.97,25.85,0.0347,1.07,0.8982,1,CRITICAL
32.54,7.87,38.66,22.13,-0.0557,1.54,0.319,0,MODERATE
48.91,32.25,52.94,21.79,0.0642,1.36,0.8301,1,CRITICAL
16.36,31.1,64.63,31.74,0.0235,1.23,0.4727,0,MODERATE
31.31,17.62,28.83,36.6,0.0261,0.96,0.8384,1,CRITICAL
50.95,29.84,44.39,23.54,0.0215,1.24,0.7514,1,CRITICAL
46.11,1.23,37.77,31.21,0.0384,0.98,0.8451,1,CRITICAL
35.96,33.82,44.87,13.39,0.008,2.46,0.0137,0,LOW
45.57,17.35,48.4,23.91,0.0213,1.28,0.5539,1,HIGH
58.54,28.94,48.6,27.78,0.0264,0.99,0.9399,1,CRITICAL
49.9,21.44,46.72,21.63,0.0241,1.36,0.6613,1,HIGH
25.32,8.4,23.2,21.44,0.0327,1.68,0.1368,0,LOW
21.56,30.91,23.29,23.33,0.0646,1.59,0.1645,0,LOW
66.05,62.09,98.16,30.05,0.0815,0.86,0.9949,1,CRITICAL
53.78,45.21,60.27,26.69,0.0493,1.07,0.8924,1,CRITICAL
55.86,28.39,44.8,12.33,0.0149,2.24,0.0663,0,LOW
41.1,28.55,37.25,13.16,0.0177,2.39,0.0244,0,LOW
31.11,19.2,25.04,23.75,0.0262,1.45,0.2358,0,LOW
30.64,28.54,43.33,31.2,-0.0241,1.12,0.5477,1,HIGH
62.89,46.96,59.82,12.0,-0.0164,2.15,0.1782,0,LOW
28.09,61.12,99.26,24.5,0.043,1.44,0.7245,1,HIGH
53.72,60.54,62.81,24.32,0.0311,1.17,0.894,1,CRITICAL
52.83,41.53,53.2,37.72,0.0369,0.79,0.9637,1,CRITICAL
22.57,14.14,42.56,25.3,0.0179,1.46,0.2614,0,MODERATE
41.08,28.93,51.16,30.68,-0.0227,1.04,0.7637,1,CRITICAL
61.94,36.22,53.74,28.99,0.0471,0.92,0.9725,1,CRITICAL
44.95,28.82,47.3,13.09,0.0246,2.33,0.0254,0,LOW
16.35,22.02,25.26,33.38,0.009,1.17,0.3099,0,HIGH
77.16,50.41,70.73,29.51,0.1038,0.79,0.9973,1,CRITICAL
43.03,8.84,37.39,31.56,-0.043,1.0,0.8367,1,CRITICAL
25.23,27.2,23.98,55.0,0.0128,0.74,0.6773,1,CRITICAL
81.81,37.27,70.4,13.41,0.0465,1.6,0.8783,1,CRITICAL
22.8,5.08,18.4,40.07,-0.0121,0.94,0.4509,0,CRITICAL
56.52,43.53,82.54,25.99,0.0612,1.07,0.9668,1,CRITICAL
50.04,42.53,57.41,30.01,0.0529,0.99,0.9476,1,CRITICAL
34.96,24.64,45.52,27.68,0.0171,1.21,0.6042,1,HIGH
24.58,12.81,32.41,25.03,0.0229,1.45,0.2593,0,MODERATE
70.01,39.89,73.54,24.01,0.071,1.02,0.9858,1,CRITICAL
40.73,37.69,92.73,30.31,-0.044,1.06,0.9378,1,CRITICAL
58.93,24.24,54.44,17.38,0.0198,1.55,0.5244,1,HIGH
12.56,4.85,28.75,33.25,0.0044,1.21,0.1398,0,MODERATE
64.53,32.29,58.31,25.09,0.0332,1.03,0.9451,1,CRITICAL
71.49,58.29,86.08,20.09,0.0413,1.2,0.9693,1,CRITICAL
59.96,51.89,77.25,24.85,0.0443,1.08,0.914,1,CRITICAL
29.55,47.68,58.53,36.8,0.0266,0.97,0.7852,1,CRITICAL
42.47,30.78,34.06,24.25,0.0134,1.29,0.6083,1,HIGH
52.47,23.09,47.29,30.51,0.041,0.95,0.9149,1,CRITICAL
41.36,21.34,35.25,22.88,0.0834,1.38,0.8113,1,CRITICAL
37.6,23.17,39.15,33.31,0.051,0.99,0.8905,1,CRITICAL
71.96,19.19,67.83,32.8,0.0577,0.75,0.9901,1,CRITICAL
33.24,6.44,31.03,40.94,0.0361,0.86,0.7935,1,CRITICAL
73.32,45.09,77.93,26.77,0.0924,0.89,0.9927,1,CRITICAL
38.29,19.48,35.35,32.68,-0.0503,1.01,0.8253,1,CRITICAL
52.01,47.4,70.46,28.69,0.0674,1.01,0.9353,1,CRITICAL
72.42,41.16,60.87,37.07,0.0776,0.67,0.9911,1,CRITICAL
27.48,0.0,28.85,22.97,0.0113,1.54,0.0805,0,LOW
32.83,29.71,40.87,33.22,0.0162,1.03,0.6657,1,HIGH
39.03,28.89,45.17,26.64,0.0257,1.21,0.787,1,CRITICAL
45.14,28.63,37.33,27.55,0.0163,1.12,0.5436,1,HIGH
80.35,66.09,92.37,28.64,0.1681,0.79,0.9993,1,CRITICAL
17.74,15.29,27.86,29.77,0.0116,1.29,0.2155,0,MODERATE
41.12,50.55,63.48,27.19,-0.0713,1.17,0.8717,1,CRITICAL
40.94,28.96,63.08,29.5,0.0476,1.08,0.9083,1,CRITICAL
61.33,27.08,60.9,39.05,0.0566,0.71,0.9796,1,CRITICAL
41.28,45.85,69.27,34.9,0.0352,0.92,0.8383,1,CRITICAL
25.75,25.65,48.9,34.08,0.0184,1.07,0.5597,1,HIGH
45.6,53.06,84.08,24.81,0.0485,1.23,0.8472,1,CRITICAL
28.83,50.87,51.57,21.78,0.0374,1.61,0.1515,0,LOW
68.81,52.46,80.87,34.69,0.1226,0.74,0.9976,1,CRITICAL
82.28,47.32,75.33,34.13,0.0726,0.66,0.9957,1,CRITICAL
56.52,20.58,48.79,38.31,0.0378,0.75,0.9623,1,CRITICAL
22.49,15.54,54.23,23.77,0.0103,1.55,0.1725,0,LOW
26.08,23.33,40.1,26.39,-0.0137,1.36,0.2324,0,MODERATE
41.83,33.73,38.43,16.52,0.0347,1.9,0.2053,0,LOW
75.33,36.68,66.52,25.25,0.0455,0.93,0.9793,1,CRITICAL
25.22,26.55,37.56,34.98,0.023,1.05,0.589,1,HIGH
51.47,44.82,50.93,24.73,-0.0305,1.17,0.8442,1,CRITICAL
14.72,21.84,13.05,32.48,0.008,1.21,0.2121,0,MODERATE
49.63,29.48,41.99,26.67,-0.033,1.11,0.8233,1,CRITICAL
22.27,24.71,38.35,30.27,-0.0191,1.23,0.3179,0,MODERATE
22.8,0.0,24.21,19.97,0.0098,1.84,0.0322,0,LOW
70.61,33.97,67.11,28.6,0.0627,0.86,0.9873,1,CRITICAL
50.11,34.34,61.91,12.0,0.0173,2.42,0.0351,0,LOW
59.52,32.57,68.48,26.69,0.0517,1.02,0.9661,1,CRITICAL
29.18,18.14,26.09,16.59,0.0515,2.1,0.0513,0,LOW
72.15,54.68,59.27,36.44,0.0715,0.69,0.9945,1,CRITICAL
62.82,53.38,63.67,33.44,0.0527,0.8,0.9727,1,CRITICAL
48.74,38.02,59.29,31.27,0.0508,0.96,0.9011,1,CRITICAL
26.76,22.09,23.83,38.65,0.0331,0.94,0.7863,1,CRITICAL
72.44,31.67,64.93,21.36,0.0394,1.12,0.9512,1,CRITICAL
23.02,44.07,49.05,40.23,0.0335,0.94,0.7935,1,CRITICAL
53.46,36.02,86.06,34.53,0.0615,0.84,0.9688,1,CRITICAL
18.67,23.54,24.02,26.34,0.0295,1.44,0.1742,0,MODERATE
81.46,44.8,66.41,35.95,0.0701,0.64,0.9978,1,CRITICAL
45.08,16.76,40.53,20.26,-0.054,1.51,0.4196,0,MODERATE
21.03,10.4,20.81,22.23,-0.0161,1.68,0.1557,0,LOW
18.82,0.15,19.15,23.74,0.0094,1.6,0.0844,0,LOW
69.4,28.53,65.74,24.3,0.0451,1.02,0.9554,1,CRITICAL
37.75,10.09,43.33,20.6,0.0176,1.58,0.3075,0,MODERATE
11.76,14.49,11.37,36.56,0.004,1.11,0.2871,0,HIGH
43.75,52.87,68.02,26.19,0.027,1.19,0.7386,1,HIGH
90.38,30.47,86.82,30.47,0.0855,0.67,0.9983,1,CRITICAL
34.71,43.23,41.41,24.01,0.0207,1.39,0.4251,0,MODERATE
88.71,81.74,136.44,15.26,0.0683,1.32,0.9937,1,CRITICAL
76.6,48.57,76.12,29.89,0.0583,0.78,0.9924,1,CRITICAL
62.46,39.06,89.63,14.61,0.0402,1.78,0.7071,1,HIGH
27.33,29.36,26.93,27.52,-0.0091,1.29,0.3665,0,MODERATE
62.34,34.4,53.99,18.42,0.0242,1.42,0.7516,1,CRITICAL
44.67,39.37,46.64,41.91,0.031,0.77,0.906,1,CRITICAL
46.67,41.0,47.99,34.38,-0.0367,0.9,0.9055,1,CRITICAL
35.19,32.55,32.0,28.74,0.0123,1.16,0.6744,1,HIGH
36.87,22.04,47.54,36.85,-0.026,0.91,0.847,1,CRITICAL
51.82,23.07,41.91,22.08,-0.025,1.31,0.7648,1,CRITICAL
54.25,30.48,61.0,31.8,0.0378,0.9,0.9366,1,CRITICAL
14.26,21.29,20.57,29.4,0.0117,1.34,0.1693,0,MODERATE
69.5,47.2,73.12,29.85,-0.0569,0.84,0.9901,1,CRITICAL
40.96,36.19,42.5,36.91,0.051,0.88,0.94,1,CRITICAL
31.66,60.41,82.13,33.13,0.0525,1.05,0.9178,1,CRITICAL
71.96,20.94,63.68,30.02,-0.12,0.81,0.9938,1,CRITICAL
44.72,71.42,96.53,16.42,0.0349,1.86,0.5254,1,HIGH
39.9,29.27,32.93,21.28,0.0222,1.5,0.479,0,MODERATE
57.18,34.12,63.02,27.14,-0.0766,1.02,0.9568,1,CRITICAL
38.21,27.29,39.65,28.65,0.0221,1.14,0.5798,1,HIGH
13.64,20.85,36.81,20.09,0.0155,1.97,0.0278,0,LOW
26.87,33.09,44.88,44.88,0.0252,0.83,0.806,1,CRITICAL
73.27,45.95,82.77,38.61,0.0899,0.65,0.997,1,CRITICAL
22.16,16.32,19.22,32.21,0.0058,1.16,0.2243,0,HIGH
61.04,45.53,74.76,28.5,0.0663,0.94,0.9867,1,CRITICAL
58.27,25.82,50.23,26.51,0.0891,1.03,0.9523,1,CRITICAL
66.18,33.9,53.33,21.34,0.0261,1.19,0.8662,1,CRITICAL
44.88,50.82,39.59,28.54,0.0411,1.08,0.8198,1,CRITICAL
25.33,11.17,30.05,29.8,0.0117,1.22,0.2493,0,MODERATE
40.54,29.16,52.76,19.31,-0.0171,1.64,0.1986,0,LOW
42.24,15.82,37.49,30.34,0.0337,1.04,0.7647,1,CRITICAL
77.73,32.76,63.98,26.91,0.0453,0.85,0.9898,1,CRITICAL
65.56,48.97,68.02,14.65,0.0311,1.72,0.6435,1,HIGH
29.91,58.68,85.86,21.98,-0.0188,1.58,0.2333,0,LOW
62.22,38.07,63.55,25.1,0.0452,1.05,0.9667,1,CRITICAL
17.45,29.21,31.58,41.21,0.0169,0.96,0.5907,1,CRITICAL
51.19,39.92,53.31,31.9,0.0661,0.93,0.9546,1,CRITICAL
46.61,34.47,60.16,18.65,0.0365,1.61,0.5156,1,HIGH
28.79,31.97,78.85,31.4,0.0258,1.13,0.7826,1,CRITICAL
18.73,24.36,26.77,17.17,0.0094,2.21,0.0257,0,LOW
26.36,19.2,29.17,35.58,0.0494,1.02,0.7521,1,CRITICAL
27.24,31.02,51.32,24.7,0.0309,1.44,0.3936,0,MODERATE
41.2,46.59,85.42,27.34,0.0456,1.16,0.8233,1,CRITICAL
77.73,46.0,64.26,37.28,0.0744,0.64,0.9963,1,CRITICAL
48.11,34.35,51.44,18.99,0.0233,1.56,0.5306,1,HIGH
52.11,36.8,65.28,18.22,0.0339,1.57,0.599,1,HIGH
56.83,21.88,56.89,23.91,0.0479,1.16,0.8802,1,CRITICAL
37.71,33.52,38.06,35.27,0.0189,0.94,0.8054,1,CRITICAL
27.72,28.94,38.15,17.36,0.0586,2.03,0.0637,0,LOW
31.6,20.55,30.0,12.0,0.0079,2.84,0.0032,0,LOW
42.91,0.0,40.77,24.84,0.0234,1.26,0.5786,1,HIGH
77.81,80.74,135.2,31.86,0.1121,0.73,0.9985,1,CRITICAL
40.28,26.03,47.4,36.4,0.0352,0.9,0.856,1,CRITICAL
42.55,32.81,64.98,24.76,0.03,1.27,0.7249,1,HIGH
39.93,41.55,56.68,25.12,0.0233,1.28,0.6803,1,HIGH
62.12,46.47,65.54,36.08,0.1125,0.76,0.9948,1,CRITICAL
47.99,43.94,65.95,14.91,0.0241,1.99,0.139,0,LOW
51.99,38.38,46.67,25.28,0.0285,1.14,0.8235,1,CRITICAL
23.31,10.09,33.85,29.33,0.017,1.25,0.3089,0,MODERATE
54.11,29.48,56.69,31.14,0.0337,0.92,0.9253,1,CRITICAL
35.93,26.76,43.36,24.43,0.0202,1.36,0.3656,0,MODERATE
34.81,12.15,30.62,28.24,0.0162,1.19,0.504,1,HIGH
52.95,35.61,47.23,12.0,0.0194,2.36,0.1442,0,LOW
68.24,30.57,59.66,23.39,0.0609,1.06,0.9815,1,CRITICAL
61.96,51.01,63.38,31.17,0.044,0.86,0.9594,1,CRITICAL
59.53,51.62,101.55,21.12,0.0566,1.27,0.9492,1,CRITICAL
92.09,93.25,119.88,28.41,0.1051,0.7,0.9994,1,CRITICAL
69.69,56.06,59.62,31.13,0.0488,0.8,0.9842,1,CRITICAL
53.79,28.14,48.48,25.6,0.0319,1.11,0.8907,1,CRITICAL
38.96,30.49,31.72,29.19,0.0132,1.11,0.6042,1,HIGH
64.36,31.47,59.12,21.26,0.0387,1.21,0.878,1,CRITICAL
59.96,55.11,74.97,26.55,-0.0454,1.02,0.9709,1,CRITICAL
21.47,30.81,54.29,32.27,0.0866,1.16,0.6861,1,HIGH
43.77,10.58,39.06,29.1,0.0315,1.07,0.7942,1,CRITICAL
20.81,0.0,21.28,23.89,0.0077,1.56,0.061,0,LOW
23.44,10.81,22.5,29.57,0.0068,1.24,0.2095,0,MODERATE
32.76,22.39,32.67,33.0,-0.0124,1.04,0.6681,1,HIGH
37.4,45.96,54.42,13.65,0.0107,2.38,0.0198,0,LOW
36.45,27.23,44.77,36.11,0.0367,0.93,0.7283,1,CRITICAL
34.01,40.23,50.33,25.65,0.0436,1.31,0.5435,1,HIGH
49.54,27.11,52.75,30.98,0.0295,0.96,0.8653,1,CRITICAL
49.22,22.94,43.85,36.38,0.0339,0.84,0.8832,1,CRITICAL
74.9,48.82,63.8,18.4,-0.0359,1.26,0.94,1,CRITICAL
59.8,4.14,47.97,23.03,0.0375,1.17,0.7999,1,CRITICAL
51.55,38.54,64.02,25.98,0.0316,1.12,0.8485,1,CRITICAL
69.32,46.18,83.63,22.51,0.0895,1.09,0.9861,1,CRITICAL
27.37,39.91,43.83,40.14,0.0356,0.91,0.759,1,CRITICAL
59.94,24.18,49.11,22.0,0.0681,1.22,0.8979,1,CRITICAL
34.68,34.74,49.29,24.11,0.0186,1.39,0.3699,0,MODERATE
70.49,43.47,57.09,29.43,0.0528,0.84,0.9727,1,CRITICAL
55.72,12.82,46.25,19.58,-0.0366,1.42,0.645,1,HIGH
32.21,19.29,34.48,25.23,0.028,1.35,0.4664,0,MODERATE
76.03,38.0,70.52,30.22,0.0543,0.78,0.9899,1,CRITICAL
61.0,53.99,74.21,25.67,0.1343,1.04,0.9908,1,CRITICAL
41.98,37.14,50.65,27.35,0.0589,1.16,0.8781,1,CRITICAL
90.0,42.37,74.5,24.29,0.0562,0.83,0.996,1,CRITICAL
77.96,29.25,66.21,17.4,0.0417,1.29,0.9083,1,CRITICAL
47.61,36.26,43.14,30.25,0.0264,1.0,0.8635,1,CRITICAL
13.84,7.15,13.05,40.28,0.0341,1.0,0.5264,1,HIGH
40.09,6.11,37.16,28.13,0.0319,1.14,0.6548,1,HIGH
61.32,25.85,68.62,29.58,0.0453,0.91,0.9465,1,CRITICAL
37.27,24.75,33.96,32.85,0.0144,1.01,0.6573,1,HIGH
27.35,16.61,48.94,19.11,0.0137,1.85,0.0957,0,LOW
52.11,49.31,51.2,39.92,0.0361,0.75,0.9642,1,CRITICAL
35.06,10.97,33.9,29.42,0.0139,1.14,0.515,1,HIGH
61.21,34.16,56.94,39.42,0.061,0.71,0.9697,1,CRITICAL
15.39,20.1,30.86,22.87,0.0241,1.7,0.0508,0,LOW
73.92,34.73,70.05,40.73,-0.0798,0.62,0.9969,1,CRITICAL
65.01,8.87,52.11,33.43,0.0515,0.79,0.9891,1,CRITICAL
18.16,33.62,52.86,31.87,0.0127,1.21,0.3926,0,MODERATE
27.52,6.29,23.04,29.64,0.012,1.2,0.4787,0,MODERATE
41.38,46.15,74.97,26.26,0.0459,1.21,0.7757,1,CRITICAL
72.13,33.66,58.13,36.4,0.0577,0.69,0.9888,1,CRITICAL
35.67,33.02,50.64,28.98,0.0239,1.15,0.4759,0,HIGH
49.64,46.33,51.19,14.23,0.0153,2.05,0.1407,0,LOW
62.54,30.9,60.6,20.18,0.039,1.3,0.8243,1,CRITICAL
51.85,20.88,42.61,26.7,0.0445,1.09,0.8891,1,CRITICAL
40.4,5.19,36.41,30.17,0.0243,1.07,0.6857,1,HIGH
27.51,24.78,44.55,27.6,0.0131,1.29,0.5672,1,HIGH
59.52,52.64,80.9,36.53,0.086,0.76,0.9957,1,CRITICAL
76.95,38.88,72.85,14.34,-0.0279,1.58,0.6804,1,HIGH
58.41,36.12,53.26,29.01,0.0397,0.95,0.9516,1,CRITICAL
43.11,19.47,35.41,15.27,0.0123,2.03,0.0589,0,LOW
58.96,25.59,64.36,33.32,0.0835,0.83,0.9881,1,CRITICAL
46.41,28.33,42.02,27.34,0.0378,1.11,0.7228,1,HIGH
60.91,27.69,49.58,30.94,0.0437,0.88,0.9743,1,CRITICAL
52.49,36.29,58.43,21.95,0.039,1.31,0.8443,1,CRITICAL
51.86,25.21,51.47,36.96,0.0443,0.81,0.9255,1,CRITICAL
42.6,14.0,34.26,35.29,0.0196,0.91,0.8067,1,CRITICAL
51.77,27.48,43.18,32.08,0.0424,0.92,0.9237,1,CRITICAL
32.6,24.16,44.1,27.09,0.0232,1.26,0.5784,1,HIGH
56.3,44.86,46.03,32.06,0.0428,0.88,0.9446,1,CRITICAL
41.73,46.1,63.53,23.05,0.0211,1.37,0.6666,1,HIGH
39.97,27.99,37.57,33.99,0.0193,0.96,0.7741,1,CRITICAL
90.82,42.65,74.05,39.55,0.102,0.54,0.9994,1,CRITICAL
14.81,0.0,33.24,35.49,0.0151,1.12,0.2553,0,HIGH
56.05,25.52,55.99,22.89,0.0278,1.22,0.8256,1,CRITICAL
18.89,5.89,20.6,30.53,0.0081,1.25,0.3059,0,MODERATE
45.65,23.85,44.34,18.95,-0.0278,1.6,0.5102,1,HIGH
63.03,30.12,50.75,32.01,0.035,0.83,0.9655,1,CRITICAL
26.31,28.97,37.35,31.15,0.0187,1.16,0.4732,0,HIGH
17.6,15.28,20.91,14.91,0.0129,2.56,0.005,0,LOW
58.02,50.71,65.19,19.87,0.0306,1.37,0.788,1,CRITICAL
28.81,19.61,37.89,26.02,0.0352,1.35,0.5185,1,HIGH
25.26,24.18,36.01,25.89,-0.0087,1.4,0.2319,0,MODERATE
38.59,36.13,54.49,19.53,-0.0438,1.65,0.3867,0,MODERATE
86.38,52.89,84.06,30.72,0.0936,0.7,0.9976,1,CRITICAL
42.55,38.13,42.18,29.76,0.0267,1.06,0.69,1,HIGH
37.93,30.69,37.76,26.64,0.0515,1.23,0.7554,1,CRITICAL
37.26,5.84,31.72,22.71,0.0271,1.44,0.5209,1,HIGH
25.13,24.52,42.78,35.34,0.0528,1.04,0.7366,1,HIGH
37.15,30.58,51.19,39.59,-0.0347,0.85,0.8787,1,CRITICAL
72.55,58.88,62.28,24.62,0.0461,0.97,0.9816,1,CRITICAL
26.86,27.46,51.27,23.71,0.0222,1.5,0.3104,0,MODERATE
28.35,11.79,36.02,31.44,0.0117,1.13,0.2967,0,HIGH
28.4,23.88,32.49,25.49,0.0437,1.38,0.4862,0,MODERATE
21.65,15.52,17.58,27.02,0.02,1.38,0.1335,0,MODERATE
74.44,39.33,66.79,33.18,0.0694,0.73,0.9935,1,CRITICAL
64.71,38.07,67.12,14.63,0.0603,1.74,0.6807,1,HIGH
43.29,31.12,36.05,37.23,0.0952,0.86,0.9443,1,CRITICAL
70.88,31.02,65.93,28.51,0.0471,0.86,0.9826,1,CRITICAL
33.16,57.74,101.92,25.12,0.049,1.35,0.8354,1,CRITICAL
39.7,25.18,50.67,27.38,0.0314,1.18,0.7194,1,HIGH
58.51,46.15,58.69,27.74,0.041,0.99,0.9628,1,CRITICAL
43.82,30.74,46.48,15.88,0.0678,1.94,0.3897,0,MODERATE
62.59,19.8,50.74,38.46,0.0692,0.71,0.9919,1,CRITICAL
69.19,51.95,102.66,28.29,0.0849,0.88,0.9945,1,CRITICAL
20.38,52.22,55.81,31.1,0.019,1.21,0.4181,0,MODERATE
75.82,57.55,77.86,34.66,0.0847,0.69,0.9967,1,CRITICAL
47.76,32.28,39.78,20.85,0.0246,1.43,0.6199,1,HIGH
34.47,18.77,31.07,31.31,0.0155,1.08,0.6841,1,HIGH
43.01,37.56,37.46,26.13,0.023,1.2,0.4273,0,MODERATE
57.08,22.96,56.66,33.93,-0.0402,0.83,0.9648,1,CRITICAL
34.05,25.97,30.73,13.11,0.015,2.55,0.0037,0,LOW
61.13,35.62,66.75,27.31,0.0562,0.98,0.9653,1,CRITICAL
38.23,22.95,42.4,23.78,0.0134,1.37,0.3881,0,MODERATE
83.47,47.49,67.05,31.03,0.0796,0.71,0.9955,1,CRITICAL
31.71,26.05,45.81,31.29,0.0155,1.1,0.6853,1,HIGH
44.94,19.11,39.09,23.05,0.0244,1.33,0.5191,1,HIGH
74.35,46.42,85.62,23.01,0.0616,1.02,0.9857,1,CRITICAL
66.37,15.94,59.68,27.23,0.0574,0.94,0.9634,1,CRITICAL
41.65,31.35,39.52,21.72,0.0334,1.45,0.4814,0,MODERATE
77.97,27.47,62.55,33.89,0.0632,0.69,0.9959,1,CRITICAL
19.63,67.61,81.71,25.42,0.0146,1.49,0.2542,0,MODERATE
52.16,30.68,55.93,12.0,0.0294,2.38,0.0816,0,LOW
40.13,37.3,40.34,25.38,-0.0244,1.26,0.5925,1,HIGH
42.07,3.02,35.18,20.73,-0.0163,1.51,0.3418,0,MODERATE
34.55,34.71,45.65,16.58,0.0127,2.01,0.0601,0,LOW
46.32,35.11,42.04,19.34,-0.0145,1.56,0.4284,0,MODERATE
22.68,63.94,84.84,28.77,0.0237,1.29,0.6273,1,HIGH
49.91,35.74,85.03,37.3,0.062,0.81,0.9785,1,CRITICAL
39.77,24.03,51.75,30.19,0.0305,1.07,0.8012,1,CRITICAL
50.25,61.77,93.34,23.75,0.0502,1.23,0.9322,1,CRITICAL
44.6,23.9,37.35,31.19,0.0241,1.0,0.8311,1,CRITICAL
36.02,23.18,33.74,24.79,0.0479,1.34,0.5173,1,HIGH
24.74,10.9,24.17,23.14,0.0149,1.57,0.1846,0,LOW
56.31,43.21,46.17,19.92,-0.0255,1.39,0.7425,1,HIGH
42.34,78.66,87.63,15.74,0.0202,1.98,0.3742,0,MODERATE
62.09,31.4,50.6,25.27,0.0402,1.05,0.8804,1,CRITICAL
34.28,38.47,56.57,29.11,0.0327,1.16,0.7569,1,CRITICAL
28.14,27.23,44.44,27.32,-0.0245,1.29,0.5478,1,HIGH
20.65,27.0,23.59,25.09,-0.0369,1.49,0.2551,0,MODERATE
39.86,27.6,32.18,21.38,0.0307,1.49,0.3558,0,MODERATE
78.26,26.96,62.7,32.26,0.0831,0.72,0.9928,1,CRITICAL
20.12,5.59,19.52,18.78,0.0034,2.0,0.0337,0,LOW
26.88,8.94,31.72,33.43,0.0152,1.08,0.4744,0,HIGH
41.43,52.34,42.33,20.98,0.018,1.5,0.3532,0,MODERATE
38.87,32.93,44.3,22.73,0.0291,1.42,0.6497,1,HIGH
48.53,30.64,61.0,17.73,0.0264,1.67,0.3261,0,MODERATE
54.19,23.52,50.46,24.49,-0.0449,1.16,0.8977,1,CRITICAL
79.46,47.77,66.19,34.83,0.0683,0.67,0.9944,1,CRITICAL
32.81,39.29,50.4,31.61,0.0212,1.08,0.6261,1,HIGH
80.18,50.11,70.21,34.85,0.0706,0.66,0.9966,1,CRITICAL
72.82,33.74,63.33,31.65,0.0517,0.77,0.9909,1,CRITICAL
41.36,35.92,54.77,20.27,0.0186,1.55,0.4741,0,MODERATE
71.59,59.95,98.07,25.68,0.0638,0.94,0.9936,1,CRITICAL
28.54,26.52,59.8,22.54,0.0131,1.56,0.2144,0,LOW
21.75,2.51,19.62,37.31,-0.0242,1.01,0.4037,0,HIGH
23.47,21.68,29.26,19.62,0.0121,1.86,0.0457,0,LOW
41.87,22.94,34.96,34.26,-0.0171,0.94,0.8092,1,CRITICAL
12.9,40.92,58.98,34.25,0.0156,1.17,0.3936,0,HIGH
23.88,21.56,22.74,40.81,0.0428,0.92,0.3854,0,CRITICAL
17.39,25.32,17.21,25.13,0.0132,1.53,0.053,0,LOW
81.36,51.07,98.05,32.99,0.1526,0.69,0.9994,1,CRITICAL
34.08,53.6,78.82,43.97,0.051,0.8,0.96,1,CRITICAL
67.14,50.48,71.65,23.68,0.0873,1.06,0.9745,1,CRITICAL
34.9,14.79,29.86,17.25,0.0094,1.93,0.081,0,LOW
42.21,27.47,43.75,14.84,-0.0143,2.1,0.0419,0,LOW
17.82,20.95,39.7,32.99,-0.0258,1.17,0.4422,0,HIGH
32.02,44.1,38.36,14.82,0.071,2.3,0.0584,0,LOW
49.19,25.94,41.48,25.39,-0.0434,1.17,0.8314,1,CRITICAL
18.18,14.94,17.37,31.06,0.0154,1.24,0.1817,0,MODERATE
32.69,31.02,56.09,29.3,0.0192,1.17,0.4995,0,HIGH
47.59,24.79,49.3,30.98,0.031,0.98,0.901,1,CRITICAL
27.12,11.01,40.05,29.56,0.0121,1.21,0.3076,0,MODERATE
78.0,52.64,69.4,36.95,0.0723,0.64,0.9952,1,CRITICAL
41.77,34.58,44.82,21.33,0.0178,1.47,0.5371,1,HIGH
56.05,57.88,101.49,23.26,0.0515,1.2,0.9507,1,CRITICAL
40.42,14.0,38.34,22.59,0.0389,1.41,0.5468,1,HIGH
57.29,39.41,62.68,33.81,0.0429,0.83,0.9732,1,CRITICAL
33.52,12.82,29.66,34.3,0.0168,1.0,0.6986,1,HIGH
20.84,8.95,18.62,31.16,0.0086,1.21,0.263,0,MODERATE
23.98,12.65,42.15,36.28,0.0175,1.02,0.5163,1,HIGH
54.68,45.15,71.62,19.75,0.0325,1.42,0.8925,1,CRITICAL
41.99,32.46,50.15,39.67,-0.032,0.82,0.8997,1,CRITICAL
28.93,26.38,25.73,38.66,0.0525,0.93,0.7922,1,CRITICAL
25.76,13.33,24.73,33.15,0.0152,1.1,0.492,0,HIGH
37.58,36.49,66.38,40.47,0.0355,0.84,0.9007,1,CRITICAL
49.59,11.3,44.78,16.4,0.0216,1.78,0.2396,0,LOW
59.51,54.95,73.24,24.33,0.0384,1.11,0.9583,1,CRITICAL
59.31,40.43,52.5,22.85,0.0274,1.18,0.8203,1,CRITICAL
70.75,59.49,98.67,33.05,0.0819,0.76,0.9968,1,CRITICAL
16.28,16.65,49.9,20.65,0.0076,1.87,0.0656,0,LOW
53.76,14.06,43.67,33.3,0.0452,0.87,0.9361,1,CRITICAL
38.8,26.39,53.11,37.59,0.0494,0.88,0.9062,1,CRITICAL
49.97,35.31,42.76,32.87,0.0309,0.91,0.9253,1,CRITICAL
36.35,22.53,32.72,29.99,0.0294,1.11,0.647,1,HIGH
18.89,0.0,24.35,21.08,0.0106,1.8,0.0228,0,LOW
31.88,27.07,38.39,22.07,0.0117,1.55,0.3176,0,MODERATE
39.0,13.88,37.11,36.75,0.0253,0.9,0.7645,1,CRITICAL
45.08,24.13,48.91,33.46,0.0368,0.93,0.8989,1,CRITICAL
51.21,35.98,43.77,27.73,0.0213,1.05,0.7572,1,CRITICAL
24.38,19.56,19.85,25.07,-0.02,1.45,0.1598,0,LOW
46.4,40.82,49.82,13.82,0.031,2.18,0.0799,0,LOW
57.46,33.9,56.89,20.5,0.0518,1.34,0.8462,1,CRITICAL
51.57,44.12,58.81,41.38,0.0435,0.74,0.9553,1,CRITICAL
12.78,9.72,25.97,19.04,0.0021,2.09,0.023,0,LOW
46.57,40.28,71.42,29.33,0.0337,1.04,0.8973,1,CRITICAL
32.96,18.09,35.59,35.05,0.0524,0.98,0.8482,1,CRITICAL
32.61,15.97,26.22,19.22,0.0272,1.76,0.1243,0,LOW
68.61,29.03,69.83,29.29,0.0738,0.86,0.9919,1,CRITICAL
60.75,37.03,65.47,34.57,0.0567,0.79,0.9619,1,CRITICAL
33.97,37.46,38.23,28.09,0.0234,1.2,0.4957,0,MODERATE
38.07,17.87,47.99,48.08,0.0346,0.73,0.9052,1,CRITICAL
26.16,2.78,26.79,16.32,0.0316,2.19,0.021,0,LOW
18.49,0.0,17.21,35.41,0.0303,1.09,0.4567,0,HIGH
63.59,66.97,67.25,26.79,0.0457,0.98,0.9699,1,CRITICAL
74.33,42.86,63.68,33.4,0.0587,0.72,0.9918,1,CRITICAL
75.16,38.86,69.27,31.09,0.0741,0.77,0.9936,1,CRITICAL
87.54,48.79,80.18,22.87,0.0539,0.9,0.9972,1,CRITICAL
58.13,36.01,56.23,29.6,0.0617,0.93,0.9672,1,CRITICAL
37.87,19.98,43.98,14.99,0.0172,2.16,0.0233,0,LOW
51.12,19.63,41.34,32.22,0.0314,0.92,0.9206,1,CRITICAL
48.85,63.04,107.69,30.09,0.0694,1.0,0.9802,1,CRITICAL
59.14,32.48,66.21,32.47,0.0579,0.85,0.9841,1,CRITICAL
44.15,22.21,43.63,35.41,-0.0274,0.89,0.896,1,CRITICAL
45.78,27.42,39.81,30.57,0.0616,1.01,0.8592,1,CRITICAL
57.83,18.54,47.52,29.04,0.091,0.95,0.9791,1,CRITICAL
26.6,48.91,38.01,21.83,0.0186,1.63,0.1597,0,LOW
62.32,40.87,55.57,23.01,0.0389,1.14,0.9358,1,CRITICAL
56.1,16.57,48.79,36.31,0.0452,0.79,0.9777,1,CRITICAL
14.68,0.0,18.91,38.05,0.0135,1.05,0.3337,0,HIGH
57.68,28.9,59.63,26.33,0.0737,1.05,0.968,1,CRITICAL
78.29,54.45,79.34,28.32,0.0629,0.81,0.9956,1,CRITICAL
27.46,27.41,37.51,21.67,0.0092,1.63,0.1449,0,LOW
63.18,47.13,80.39,36.21,0.1011,0.75,0.9974,1,CRITICAL
80.35,34.78,67.99,32.66,0.0631,0.7,0.9966,1,CRITICAL
51.49,24.79,56.38,41.59,0.061,0.73,0.9694,1,CRITICAL
56.77,24.18,47.01,21.85,0.0229,1.26,0.7845,1,CRITICAL
22.46,7.8,29.88,25.35,0.054,1.46,0.3734,0,MODERATE
60.55,32.97,61.6,29.62,-0.0603,0.91,0.9852,1,CRITICAL
51.61,40.28,44.95,32.53,0.0628,0.91,0.9557,1,CRITICAL
66.06,28.47,60.3,26.49,0.0804,0.97,0.9819,1,CRITICAL
68.11,54.6,80.82,21.89,0.0415,1.14,0.9716,1,CRITICAL
55.78,35.86,47.04,34.17,0.0384,0.84,0.9439,1,CRITICAL
51.72,19.16,49.92,33.05,0.0441,0.89,0.9128,1,CRITICAL
35.35,32.82,68.76,21.59,0.0418,1.54,0.5604,1,HIGH
45.76,38.96,47.13,37.49,0.0311,0.84,0.8993,1,CRITICAL
74.77,38.26,79.19,36.19,0.1083,0.67,0.9992,1,CRITICAL
48.45,38.46,65.06,28.94,-0.0342,1.04,0.9021,1,CRITICAL
76.7,59.27,64.78,28.56,0.0775,0.82,0.9944,1,CRITICAL
73.55,47.32,62.54,31.88,0.0597,0.76,0.9881,1,CRITICAL
32.4,29.2,47.24,21.97,0.0221,1.55,0.3829,0,MODERATE
44.29,42.26,56.43,28.21,0.0305,1.1,0.8177,1,CRITICAL
31.61,15.17,26.22,12.93,-0.0052,2.64,0.0041,0,LOW
70.89,47.71,62.55,34.14,0.0568,0.73,0.9895,1,CRITICAL
49.82,8.03,47.48,17.07,-0.0218,1.71,0.2408,0,LOW
49.38,38.21,66.0,38.52,0.0516,0.79,0.9639,1,CRITICAL
60.31,13.02,56.47,25.69,0.0493,1.05,0.9492,1,CRITICAL
86.74,66.67,108.43,26.52,0.0897,0.79,0.9975,1,CRITICAL
85.18,89.7,153.44,23.61,0.1107,0.9,0.9995,1,CRITICAL
44.1,48.43,58.04,25.98,0.0577,1.19,0.8317,1,CRITICAL
76.96,53.94,78.03,37.93,0.0969,0.64,0.9981,1,CRITICAL
67.02,31.39,61.08,12.0,0.0167,2.07,0.1421,0,LOW
62.41,26.52,50.97,36.94,0.0642,0.74,0.9845,1,CRITICAL
90.55,54.93,85.21,30.37,0.1471,0.67,0.9993,1,CRITICAL
26.45,11.01,27.9,19.55,0.047,1.82,0.1013,0,LOW
38.74,22.16,37.47,20.47,0.037,1.57,0.236,0,LOW
74.22,59.27,76.83,39.73,0.0904,0.63,0.9964,1,CRITICAL
39.32,16.19,40.8,21.38,0.0163,1.5,0.3291,0,MODERATE
57.44,35.65,66.87,19.93,0.0415,1.37,0.8099,1,CRITICAL
33.47,17.56,34.39,35.96,0.0316,0.96,0.8067,1,CRITICAL
39.34,51.93,33.92,30.37,0.0185,1.07,0.5264,1,HIGH
61.83,41.33,58.75,21.43,0.0304,1.23,0.8662,1,CRITICAL
63.04,68.73,95.68,29.52,0.0669,0.9,0.9878,1,CRITICAL
37.79,40.38,54.49,20.82,-0.0297,1.56,0.3535,0,MODERATE
61.96,40.17,53.03,35.71,0.0443,0.76,0.9662,1,CRITICAL
42.93,29.81,41.79,35.43,-0.0334,0.9,0.9097,1,CRITICAL
62.35,57.24,89.31,31.72,0.0933,0.84,0.9965,1,CRITICAL
49.86,10.61,41.87,30.53,0.0265,0.97,0.7812,1,CRITICAL
55.11,32.67,48.48,40.33,0.0866,0.73,0.9782,1,CRITICAL
46.72,24.08,41.94,28.0,0.0279,1.09,0.7282,1,HIGH
21.14,23.22,29.6,19.73,0.0057,1.89,0.0345,0,LOW
42.31,24.36,41.78,31.15,0.0192,1.02,0.8413,1,CRITICAL
55.48,35.01,45.63,42.6,-0.0421,0.7,0.9734,1,CRITICAL
44.02,39.46,50.1,20.9,-0.0199,1.48,0.4523,0,MODERATE
82.61,11.47,67.65,25.47,0.0753,0.86,0.9938,1,CRITICAL
64.15,34.84,65.3,30.92,0.0632,0.85,0.9803,1,CRITICAL
52.8,13.13,52.85,27.62,0.0581,1.04,0.9414,1,CRITICAL
55.64,35.22,54.72,21.12,-0.0348,1.32,0.8313,1,CRITICAL
17.65,6.1,15.17,35.85,0.0118,1.08,0.3745,0,HIGH
58.13,50.63,61.79,44.24,0.0577,0.66,0.9701,1,CRITICAL
61.34,36.6,57.54,29.37,0.0477,0.91,0.9633,1,CRITICAL
34.0,16.23,35.14,21.67,0.0231,1.55,0.2455,0,LOW
34.18,33.96,40.96,17.16,0.0155,1.95,0.1066,0,LOW
24.61,17.02,33.67,29.81,-0.0496,1.22,0.5488,1,HIGH
28.55,8.86,23.07,35.73,0.0232,1.0,0.644,1,HIGH
95.21,50.84,78.18,31.33,-0.105,0.63,0.9991,1,CRITICAL
65.87,50.17,56.74,27.98,-0.0494,0.92,0.9776,1,CRITICAL
54.7,44.99,60.76,23.88,0.0322,1.18,0.9038,1,CRITICAL
55.63,40.11,57.4,20.35,0.0417,1.37,0.6725,1,HIGH
82.62,79.92,87.36,33.84,0.0853,0.66,0.9972,1,CRITICAL
70.76,38.78,76.85,34.4,-0.076,0.73,0.9957,1,CRITICAL
17.52,18.13,42.79,17.18,0.012,2.23,0.0135,0,LOW
31.06,20.62,31.94,39.13,0.0154,0.9,0.7774,1,CRITICAL
57.9,46.75,52.67,32.02,0.0405,0.87,0.9576,1,CRITICAL
50.75,30.94,67.27,37.8,0.0486,0.8,0.9737,1,CRITICAL
50.5,44.23,44.47,18.61,0.0157,1.56,0.3623,0,MODERATE
22.57,2.01,27.33,18.44,0.0298,1.99,0.0465,0,LOW
42.38,21.07,37.14,26.96,0.0245,1.17,0.6968,1,HIGH
61.2,53.17,85.73,31.52,0.0615,0.86,0.9813,1,CRITICAL
33.73,12.08,34.84,40.57,0.0264,0.86,0.8519,1,CRITICAL
20.93,5.98,20.33,32.94,0.0257,1.14,0.2488,0,HIGH
66.64,50.55,70.98,26.3,0.0417,0.97,0.9711,1,CRITICAL
20.42,26.74,20.54,20.82,0.0148,1.8,0.0318,0,LOW
63.79,35.34,94.14,36.61,-0.0831,0.74,0.9927,1,CRITICAL
47.94,28.94,45.23,21.25,0.0489,1.4,0.7467,1,HIGH
45.5,30.54,52.79,39.4,0.0437,0.8,0.9163,1,CRITICAL
64.57,35.88,58.01,26.01,0.0347,1.0,0.9224,1,CRITICAL
40.08,30.89,56.76,39.13,0.0371,0.84,0.9279,1,CRITICAL
70.81,41.53,90.73,32.75,0.0847,0.76,0.9939,1,CRITICAL
36.9,47.09,52.78,27.04,0.0183,1.22,0.6966,1,HIGH
54.76,54.86,72.11,24.36,0.0645,1.16,0.9471,1,CRITICAL
35.06,16.76,29.66,25.61,0.0099,1.3,0.3231,0,MODERATE
53.08,43.8,81.14,31.0,0.045,0.93,0.9724,1,CRITICAL
62.5,32.72,64.69,28.54,0.0385,0.93,0.9269,1,CRITICAL
54.77,18.74,74.33,23.84,0.0496,1.18,0.9267,1,CRITICAL
23.8,25.34,36.34,26.84,0.0169,1.36,0.202,0,MODERATE
66.14,41.58,56.29,28.55,0.0371,0.9,0.9578,1,CRITICAL
70.6,43.73,70.59,13.1,0.0509,1.84,0.6376,1,HIGH
60.65,29.11,49.95,31.21,0.0349,0.87,0.9694,1,CRITICAL
33.03,27.89,44.27,21.14,0.0162,1.6,0.1978,0,LOW
41.72,16.23,41.27,19.93,0.0144,1.58,0.2932,0,MODERATE
63.19,26.82,53.02,16.19,0.0573,1.6,0.7031,1,HIGH
39.16,52.0,89.44,15.44,-0.0393,2.07,0.1562,0,LOW
54.02,53.72,77.92,18.51,0.0453,1.52,0.6854,1,HIGH
20.26,43.67,49.81,23.04,0.0084,1.63,0.1384,0,LOW
45.46,33.53,59.7,41.67,0.0488,0.77,0.9565,1,CRITICAL
72.49,34.95,75.66,24.32,0.0573,0.99,0.9861,1,CRITICAL
21.44,20.23,33.12,29.24,0.0142,1.28,0.2776,0,MODERATE
24.61,32.94,21.37,30.8,0.0112,1.19,0.3189,0,HIGH
34.01,27.52,61.83,28.92,0.0489,1.17,0.8166,1,CRITICAL
18.24,36.78,46.53,27.46,0.0081,1.39,0.2002,0,MODERATE
27.35,38.89,42.55,19.63,0.0223,1.8,0.0686,0,LOW
50.87,44.41,80.02,38.16,0.0593,0.79,0.9842,1,CRITICAL
23.67,11.6,31.02,40.65,0.0264,0.92,0.6051,1,CRITICAL
38.62,29.63,39.8,16.22,0.0116,1.98,0.0799,0,LOW
61.27,63.9,100.62,20.83,0.0469,1.27,0.9292,1,CRITICAL
23.32,23.75,28.01,26.04,0.0189,1.41,0.1687,0,MODERATE
57.59,57.61,61.45,21.25,0.0837,1.29,0.8586,1,CRITICAL
71.2,40.05,63.97,31.54,0.103,0.78,0.9954,1,CRITICAL
45.21,18.88,51.34,22.9,0.022,1.34,0.3272,0,MODERATE
57.48,39.72,65.08,43.16,0.0554,0.68,0.9903,1,CRITICAL
20.99,21.31,31.49,36.33,0.0214,1.04,0.6,1,HIGH
25.16,31.25,30.97,29.49,0.0158,1.23,0.2976,0,MODERATE
70.4,35.04,61.67,35.19,0.0724,0.72,0.9955,1,CRITICAL
20.32,14.96,31.74,35.74,0.0189,1.06,0.6519,1,HIGH
41.68,27.81,69.2,24.05,-0.0338,1.31,0.7026,1,HIGH
35.8,22.72,28.75,22.29,0.0232,1.48,0.3309,0,MODERATE
59.58,63.38,49.82,28.55,0.0303,0.95,0.9336,1,CRITICAL
53.03,24.38,44.34,34.03,-0.0436,0.86,0.9636,1,CRITICAL
74.21,63.24,97.86,28.97,0.0802,0.82,0.9933,1,CRITICAL
76.5,41.02,77.5,16.96,0.0593,1.34,0.9497,1,CRITICAL
40.35,33.85,77.76,22.38,0.0256,1.42,0.7005,1,HIGH
34.89,28.96,41.02,27.48,0.0185,1.22,0.6112,1,HIGH
34.67,22.5,37.02,27.47,0.0568,1.22,0.6764,1,HIGH
21.56,0.64,40.83,41.81,0.0243,0.92,0.7693,1,CRITICAL
74.54,53.46,62.26,18.3,0.068,1.27,0.9579,1,CRITICAL
51.69,33.29,48.55,31.54,0.0439,0.93,0.9285,1,CRITICAL
79.32,44.46,72.87,38.42,0.1132,0.62,0.9988,1,CRITICAL
31.8,14.23,30.75,43.9,-0.02,0.82,0.7759,1,CRITICAL
16.49,16.15,20.16,25.17,0.0042,1.54,0.0829,0,LOW
24.2,16.86,20.58,31.44,-0.0295,1.17,0.3535,0,HIGH
42.56,26.43,37.36,31.99,0.0414,0.99,0.9357,1,CRITICAL
45.38,36.14,42.43,29.37,0.0333,1.05,0.7949,1,CRITICAL
66.46,59.15,77.0,27.31,0.0596,0.93,0.986,1,CRITICAL
89.13,64.65,74.33,31.05,0.1055,0.67,0.9994,1,CRITICAL
40.67,14.98,38.92,12.0,-0.0092,2.63,0.0056,0,LOW
29.48,9.02,24.59,32.77,0.0223,1.08,0.5955,1,HIGH
36.54,28.48,41.45,28.88,0.0153,1.15,0.6102,1,HIGH
77.0,37.67,75.77,26.44,0.0537,0.87,0.9944,1,CRITICAL
58.62,40.01,76.99,42.33,0.0723,0.68,0.9881,1,CRITICAL
35.08,36.98,53.72,23.28,0.0404,1.43,0.4503,0,MODERATE
27.46,25.21,27.01,25.18,0.026,1.41,0.2729,0,MODERATE
48.55,37.39,41.05,41.94,-0.0826,0.75,0.967,1,CRITICAL
59.73,28.27,50.33,22.18,0.0229,1.21,0.804,1,CRITICAL
48.32,59.08,90.75,24.15,0.0425,1.23,0.9427,1,CRITICAL
28.73,26.29,39.76,26.97,0.0129,1.3,0.3854,0,MODERATE
44.75,22.05,36.46,33.89,0.019,0.92,0.7876,1,CRITICAL
15.88,0.79,14.91,29.45,-0.0069,1.32,0.134,0,MODERATE
43.33,17.35,44.64,18.95,0.0164,1.63,0.3288,0,MODERATE
26.69,21.57,24.84,24.27,0.0135,1.47,0.2061,0,LOW
35.37,23.3,52.72,23.75,0.017,1.4,0.3896,0,MODERATE
33.33,5.89,39.44,27.46,0.0221,1.24,0.3755,0,MODERATE
64.14,39.01,65.54,30.98,0.0813,0.85,0.9869,1,CRITICAL
80.2,58.64,73.48,30.93,0.0814,0.73,0.9963,1,CRITICAL
40.9,0.0,37.15,15.57,-0.0356,2.03,0.0834,0,LOW
41.72,25.15,46.73,35.45,0.0475,0.91,0.9324,1,CRITICAL
76.82,54.98,80.39,29.77,0.0687,0.78,0.9956,1,CRITICAL
56.12,12.87,51.85,37.69,0.0551,0.77,0.9731,1,CRITICAL
42.82,24.75,44.81,31.11,-0.0409,1.02,0.8267,1,CRITICAL
76.6,41.85,88.74,35.71,0.0844,0.67,0.9987,1,CRITICAL
16.85,0.0,15.9,31.27,0.0323,1.24,0.2063,0,MODERATE
35.52,20.12,40.23,37.42,0.027,0.91,0.7758,1,CRITICAL
30.29,7.16,30.66,31.66,0.01,1.1,0.4702,0,HIGH
63.85,29.5,69.28,27.31,0.0557,0.96,0.9751,1,CRITICAL
73.58,34.9,59.15,43.91,0.0806,0.59,0.9969,1,CRITICAL
74.8,68.17,76.49,34.22,0.0773,0.71,0.9931,1,CRITICAL
28.29,22.13,24.26,32.02,0.0109,1.11,0.3939,0,HIGH
69.75,44.19,56.81,19.07,0.0351,1.28,0.9063,1,CRITICAL
31.6,34.75,44.62,18.98,0.0166,1.8,0.099,0,LOW
44.51,23.59,50.94,30.05,0.0779,1.03,0.9129,1,CRITICAL
61.05,52.69,82.64,29.02,0.0749,0.93,0.9851,1,CRITICAL
57.01,44.94,56.6,23.7,0.047,1.16,0.8607,1,CRITICAL
24.85,27.0,31.2,28.99,0.0105,1.25,0.3506,0,MODERATE
37.31,30.9,48.26,39.12,0.0295,0.86,0.8889,1,CRITICAL
32.82,24.47,32.11,32.87,0.0187,1.05,0.6271,1,HIGH
31.14,39.91,25.48,20.01,0.0155,1.72,0.1685,0,LOW
54.84,37.07,47.79,27.22,0.0242,1.04,0.8981,1,CRITICAL
18.83,8.33,19.14,22.37,0.0162,1.7,0.063,0,LOW
33.8,19.17,33.18,25.29,0.0161,1.33,0.3618,0,MODERATE
44.86,36.85,78.98,25.1,0.042,1.22,0.9133,1,CRITICAL
28.13,51.68,47.01,24.66,0.011,1.43,0.2457,0,MODERATE
46.62,63.15,78.52,19.21,0.0293,1.57,0.5663,1,HIGH
71.16,94.19,155.6,27.11,0.122,0.9,0.9988,1,CRITICAL
35.21,43.83,36.7,24.08,0.0208,1.38,0.4307,0,MODERATE
45.81,30.63,40.51,12.0,-0.0308,2.52,0.0523,0,LOW
65.92,34.72,65.05,42.37,0.0786,0.64,0.9944,1,CRITICAL
22.63,39.09,50.05,35.62,0.0424,1.05,0.665,1,HIGH
53.99,35.54,52.59,25.37,0.0241,1.12,0.8531,1,CRITICAL
46.75,37.15,47.96,28.13,0.0256,1.08,0.7283,1,HIGH
34.97,4.39,30.14,19.8,0.0189,1.68,0.1543,0,LOW
47.99,19.84,46.58,39.87,0.0722,0.78,0.9809,1,CRITICAL
63.2,49.62,57.9,41.28,0.0674,0.67,0.9916,1,CRITICAL
34.64,37.46,34.22,29.1,0.0206,1.16,0.6699,1,HIGH
61.6,63.37,82.02,35.16,0.0613,0.78,0.9917,1,CRITICAL
21.91,33.26,18.45,29.23,0.0141,1.27,0.2077,0,MODERATE
36.06,55.31,82.56,18.64,0.0272,1.77,0.4741,0,MODERATE
64.26,35.99,51.53,25.12,0.0503,1.03,0.9078,1,CRITICAL
15.01,24.28,55.68,28.92,0.0161,1.36,0.2957,0,MODERATE
37.19,19.19,41.67,24.82,0.0186,1.32,0.3131,0,MODERATE
45.85,13.03,54.86,26.47,0.0236,1.15,0.6582,1,HIGH
44.69,20.1,38.86,27.36,0.0165,1.13,0.7643,1,CRITICAL
19.08,0.0,31.19,27.43,0.0141,1.38,0.1671,0,MODERATE
34.4,46.55,59.57,28.37,0.0258,1.19,0.7616,1,CRITICAL
37.9,23.43,32.57,20.58,0.0206,1.58,0.1372,0,LOW
68.41,13.8,56.77,22.98,0.0484,1.08,0.9505,1,CRITICAL
32.65,17.03,31.55,19.01,0.0071,1.78,0.0633,0,LOW
49.46,45.01,42.22,34.84,0.0345,0.87,0.9035,1,CRITICAL
73.2,34.93,60.32,13.26,0.0492,1.77,0.8035,1,CRITICAL
31.85,15.51,42.49,36.08,0.0254,0.97,0.8431,1,CRITICAL
26.5,0.0,24.81,37.7,0.0193,0.97,0.6353,1,CRITICAL
39.77,11.43,48.31,25.88,0.0266,1.24,0.5093,1,HIGH
16.71,31.2,43.07,12.0,0.0103,3.21,0.0003,0,LOW
65.01,36.37,67.84,25.47,-0.0392,1.01,0.9601,1,CRITICAL
57.06,25.02,47.55,27.55,0.0269,1.01,0.8686,1,CRITICAL
46.71,25.79,50.15,20.93,0.0193,1.44,0.5855,1,HIGH
21.66,13.5,24.83,24.39,0.028,1.52,0.2633,0,MODERATE
68.1,24.2,60.79,38.71,0.0583,0.68,0.9863,1,CRITICAL
32.6,22.26,31.83,32.65,-0.0557,1.05,0.6953,1,HIGH
54.46,35.78,83.34,21.53,0.0575,1.31,0.8577,1,CRITICAL
82.51,44.26,86.36,16.82,0.0572,1.28,0.9718,1,CRITICAL
40.99,31.07,34.94,25.71,0.0314,1.24,0.623,1,HIGH
38.15,27.89,40.21,26.51,-0.0143,1.23,0.5494,1,HIGH
45.49,32.14,42.14,31.47,0.0327,0.98,0.8878,1,CRITICAL
28.75,69.63,80.21,24.25,0.0611,1.45,0.6692,1,HIGH
70.22,67.47,113.44,31.58,-0.0844,0.79,0.9968,1,CRITICAL
63.89,34.35,56.89,41.55,-0.0555,0.66,0.9878,1,CRITICAL
69.57,34.66,62.17,33.71,0.0494,0.75,0.9871,1,CRITICAL
63.21,34.14,64.29,27.66,0.0501,0.95,0.9663,1,CRITICAL
53.23,21.32,52.37,26.72,0.0267,1.07,0.8372,1,CRITICAL
73.14,38.1,62.11,25.5,-0.0484,0.94,0.9666,1,CRITICAL
58.87,41.53,63.3,36.26,0.0641,0.77,0.9835,1,CRITICAL
35.81,24.96,34.75,23.61,0.0125,1.4,0.3061,0,MODERATE
36.66,27.79,45.24,28.32,0.0368,1.17,0.7321,1,HIGH
67.64,46.09,61.37,28.36,0.0402,0.89,0.973,1,CRITICAL
46.07,33.25,54.92,24.49,0.0231,1.24,0.7205,1,HIGH
61.03,35.12,65.36,18.39,0.0294,1.44,0.8272,1,CRITICAL
44.05,18.27,45.9,30.26,0.0442,1.03,0.7851,1,CRITICAL
58.73,23.68,65.28,27.57,-0.0637,0.99,0.9804,1,CRITICAL
67.33,52.49,63.14,31.5,0.0484,0.81,0.9622,1,CRITICAL
79.94,32.49,65.8,24.26,0.0441,0.92,0.9907,1,CRITICAL
61.07,21.86,51.87,36.55,0.0668,0.75,0.9839,1,CRITICAL
63.7,28.94,55.19,21.86,0.0413,1.19,0.8861,1,CRITICAL
50.14,21.87,41.09,39.98,0.03,0.77,0.8926,1,CRITICAL
36.88,45.27,48.14,15.77,0.0216,2.07,0.0606,0,LOW
46.11,22.97,43.76,31.04,0.0518,0.99,0.8864,1,CRITICAL
57.41,54.77,47.4,31.33,-0.0295,0.89,0.938,1,CRITICAL
79.83,54.39,89.59,22.43,0.0548,0.99,0.9936,1,CRITICAL
68.64,63.87,72.17,30.97,-0.0559,0.82,0.9873,1,CRITICAL
65.6,45.84,61.51,36.96,0.0656,0.72,0.9902,1,CRITICAL
68.14,38.88,58.78,12.48,0.0196,1.97,0.3809,0,MODERATE
60.21,46.16,50.63,31.52,0.0575,0.87,0.9637,1,CRITICAL
72.06,51.33,66.85,12.0,0.0401,1.97,0.5026,1,HIGH
25.48,38.06,52.86,21.24,0.0219,1.69,0.1602,0,LOW
53.27,50.62,45.74,39.4,0.0339,0.76,0.9601,1,CRITICAL
58.13,30.49,59.12,23.93,0.094,1.14,0.9445,1,CRITICAL
58.91,47.69,96.06,19.78,0.0474,1.37,0.8894,1,CRITICAL
29.09,16.32,38.48,26.61,0.019,1.32,0.4114,0,MODERATE
59.47,51.29,56.27,42.48,0.1287,0.68,0.9933,1,CRITICAL
62.88,56.03,69.2,15.18,0.0519,1.71,0.7038,1,HIGH
24.27,22.06,45.53,20.64,0.0167,1.76,0.0881,0,LOW
33.57,0.6,40.25,38.48,0.0255,0.9,0.8195,1,CRITICAL
39.26,35.28,62.23,41.0,0.0349,0.82,0.9493,1,CRITICAL
79.96,34.75,74.81,27.28,0.0935,0.82,0.9953,1,CRITICAL
38.52,29.5,57.4,19.33,0.0421,1.67,0.4356,0,MODERATE
41.73,36.82,78.94,42.67,0.0524,0.78,0.9674,1,CRITICAL
53.48,15.84,53.22,39.16,0.0581,0.76,0.9678,1,CRITICAL
75.22,63.3,74.11,32.75,0.0824,0.73,0.9957,1,CRITICAL
46.41,23.9,51.23,22.31,0.0216,1.36,0.71,1,HIGH
19.38,37.11,38.31,27.66,0.0211,1.37,0.2459,0,MODERATE
60.75,42.53,74.57,26.88,0.045,1.0,0.9747,1,CRITICAL
67.9,21.53,54.74,30.32,0.061,0.84,0.981,1,CRITICAL
66.95,49.12,73.39,38.16,0.065,0.69,0.9878,1,CRITICAL
65.6,41.36,75.46,34.16,0.0729,0.77,0.9907,1,CRITICAL
61.77,38.43,67.5,20.46,-0.0344,1.29,0.7998,1,CRITICAL
65.75,44.27,71.36,37.64,-0.0594,0.71,0.9892,1,CRITICAL
29.26,6.3,24.04,30.19,-0.0091,1.16,0.3813,0,HIGH
46.95,11.58,46.31,32.81,0.0397,0.93,0.9444,1,CRITICAL
49.86,38.76,65.46,38.27,0.0457,0.8,0.9783,1,CRITICAL
39.07,52.86,72.03,20.22,0.0339,1.59,0.4855,0,MODERATE
10.06,0.0,11.96,27.75,0.0092,1.47,0.1083,0,LOW
34.6,25.94,40.66,24.28,0.0291,1.38,0.4095,0,MODERATE
58.18,57.66,71.02,17.02,0.0336,1.59,0.5619,1,HIGH
59.56,40.25,68.58,30.43,0.047,0.9,0.9733,1,CRITICAL
26.36,22.2,35.56,45.58,-0.0166,0.83,0.7577,1,CRITICAL
80.25,39.24,64.48,15.12,0.0323,1.45,0.853,1,CRITICAL
34.98,21.55,47.29,27.77,0.0304,1.21,0.5549,1,HIGH
25.93,15.87,43.0,32.48,-0.0323,1.12,0.6731,1,HIGH
81.92,40.98,84.79,28.86,0.0694,0.77,0.9932,1,CRITICAL
68.85,49.79,76.85,27.21,-0.0644,0.92,0.9881,1,CRITICAL
23.43,23.9,27.2,18.91,-0.007,1.93,0.0322,0,LOW
28.53,67.42,98.96,29.63,0.0316,1.19,0.8174,1,CRITICAL
30.14,23.94,46.21,22.7,0.0219,1.53,0.348,0,MODERATE
42.09,38.92,46.64,12.67,0.0134,2.46,0.0157,0,LOW
61.05,56.87,89.66,36.36,0.0826,0.76,0.9899,1,CRITICAL
63.34,52.6,86.49,34.71,0.1102,0.77,0.9975,1,CRITICAL
50.73,6.12,65.86,28.36,0.034,1.04,0.9027,1,CRITICAL
37.09,17.09,42.11,29.6,0.0281,1.11,0.7221,1,HIGH
60.22,20.43,59.41,35.52,0.0809,0.78,0.9901,1,CRITICAL
42.89,30.45,40.29,29.57,0.0199,1.06,0.6821,1,HIGH
35.63,20.65,32.84,34.33,0.0202,0.98,0.7746,1,CRITICAL
77.71,33.04,72.94,25.92,0.0509,0.88,0.9908,1,CRITICAL
42.22,31.07,46.71,37.18,0.0398,0.87,0.938,1,CRITICAL
31.85,3.58,29.68,30.25,0.0261,1.14,0.677,1,HIGH
34.39,29.1,65.9,29.36,0.0385,1.15,0.7738,1,CRITICAL
59.37,28.73,59.72,19.11,0.0343,1.41,0.8169,1,CRITICAL
25.58,24.41,31.67,30.01,0.0287,1.21,0.4507,0,MODERATE
74.47,54.89,68.15,22.18,0.0381,1.06,0.968,1,CRITICAL
57.25,22.16,46.7,23.53,0.0683,1.17,0.8736,1,CRITICAL
65.24,63.81,84.3,22.29,0.0446,1.15,0.9512,1,CRITICAL
54.81,30.21,49.57,20.54,0.0205,1.37,0.5267,1,HIGH
26.17,24.18,36.36,42.87,0.0561,0.87,0.8209,1,CRITICAL
68.6,40.7,68.9,37.32,0.0854,0.69,0.9967,1,CRITICAL
21.93,16.46,30.72,41.44,0.031,0.92,0.7177,1,CRITICAL
49.27,34.76,50.61,19.44,-0.0178,1.51,0.5018,1,HIGH
40.36,28.58,35.29,28.5,0.0382,1.13,0.7102,1,HIGH
40.12,13.37,37.03,18.95,0.0235,1.68,0.2004,0,LOW
30.4,19.38,35.46,23.13,-0.0281,1.5,0.2188,0,LOW
38.36,49.12,54.05,21.57,0.0722,1.5,0.6931,1,HIGH
55.45,33.48,52.85,36.68,0.0391,0.79,0.9336,1,CRITICAL
21.75,15.36,20.82,25.23,0.0143,1.47,0.0915,0,LOW
39.25,31.34,32.78,35.48,0.0362,0.93,0.8642,1,CRITICAL
46.35,27.03,53.4,32.23,0.0351,0.95,0.9024,1,CRITICAL
13.25,10.98,18.86,44.13,0.0045,0.93,0.3929,0,CRITICAL
17.7,17.87,16.17,17.64,0.0035,2.17,0.0101,0,LOW
26.24,35.09,37.83,36.81,0.026,0.99,0.7956,1,CRITICAL
47.49,1.24,41.48,36.03,0.0287,0.85,0.9035,1,CRITICAL
48.55,22.34,49.51,21.19,0.0192,1.4,0.6052,1,HIGH
59.53,21.88,53.11,35.05,0.0432,0.79,0.9846,1,CRITICAL
49.3,46.58,79.7,30.35,0.0431,0.98,0.9422,1,CRITICAL
54.37,19.2,47.38,26.41,0.023,1.07,0.9147,1,CRITICAL
30.01,25.95,32.17,22.23,0.0096,1.56,0.0911,0,LOW
51.16,55.14,89.02,22.97,0.0671,1.26,0.8912,1,CRITICAL
56.41,39.42,50.88,42.35,0.0407,0.7,0.9643,1,CRITICAL
57.73,46.55,61.7,28.0,0.0555,0.99,0.9624,1,CRITICAL
15.27,17.55,17.93,33.47,0.0241,1.17,0.4367,0,HIGH
43.38,18.52,36.46,22.46,-0.0243,1.38,0.45,0,MODERATE
59.19,38.34,62.17,22.54,0.0312,1.2,0.9082,1,CRITICAL
28.88,31.55,60.26,35.57,0.0522,1.0,0.9169,1,CRITICAL
39.7,10.83,40.8,18.55,0.0197,1.72,0.3098,0,MODERATE
24.8,30.3,34.6,25.09,0.01,1.44,0.1876,0,MODERATE
75.94,44.06,74.83,28.24,0.0619,0.83,0.9938,1,CRITICAL
30.03,4.21,32.07,28.78,0.0125,1.21,0.4576,0,MODERATE
33.36,29.97,41.0,26.75,0.0193,1.27,0.4271,0,MODERATE
34.13,16.85,31.81,30.77,0.0214,1.1,0.6415,1,HIGH
24.34,0.0,26.6,32.85,0.0138,1.12,0.3833,0,HIGH
56.51,18.64,53.97,33.14,0.0497,0.85,0.9634,1,CRITICAL
44.68,32.4,65.67,21.1,0.0618,1.45,0.6322,1,HIGH
84.36,46.45,73.91,26.01,0.0605,0.83,0.9889,1,CRITICAL
33.69,33.13,42.08,36.36,0.0238,0.95,0.7448,1,CRITICAL
17.93,18.3,17.94,34.26,0.0238,1.13,0.3754,0,HIGH
71.56,43.0,61.61,18.39,0.0384,1.3,0.8673,1,CRITICAL
38.42,27.5,46.41,30.46,0.0265,1.07,0.7819,1,CRITICAL
37.78,48.29,51.78,14.15,0.0344,2.29,0.0497,0,LOW
59.13,40.96,56.61,28.33,-0.0649,0.96,0.9707,1,CRITICAL
62.68,35.98,56.26,41.28,0.0619,0.67,0.9912,1,CRITICAL
78.24,64.92,98.76,21.36,0.0581,1.06,0.9928,1,CRITICAL
20.09,6.97,18.26,22.16,0.0121,1.69,0.078,0,LOW
83.62,51.04,86.03,33.35,0.0905,0.67,0.9981,1,CRITICAL
20.56,0.0,34.03,17.2,-0.0125,2.17,0.0185,0,LOW
68.29,39.46,72.21,23.57,0.0433,1.06,0.9831,1,CRITICAL
23.61,53.59,59.98,32.18,-0.0248,1.15,0.6716,1,HIGH
52.43,38.37,61.48,23.56,0.0342,1.22,0.8376,1,CRITICAL
30.55,18.96,29.82,26.35,0.0115,1.32,0.3182,0,MODERATE
41.47,33.81,39.71,33.21,0.0533,0.97,0.8473,1,CRITICAL
63.73,38.63,58.42,30.95,0.0709,0.85,0.9731,1,CRITICAL
62.05,22.2,50.11,29.87,0.0523,0.89,0.9803,1,CRITICAL
63.2,52.6,87.28,25.63,-0.0548,1.02,0.9784,1,CRITICAL
26.72,2.16,22.52,30.59,0.0131,1.17,0.2868,0,HIGH
53.0,38.11,60.45,27.13,0.0479,1.06,0.9151,1,CRITICAL
35.52,20.46,48.07,31.2,0.0318,1.07,0.8222,1,CRITICAL
45.07,47.62,63.89,24.52,0.0373,1.25,0.7544,1,CRITICAL
56.23,29.14,57.08,26.72,0.0306,1.05,0.8755,1,CRITICAL
24.92,15.34,39.32,21.07,0.0213,1.71,0.1355,0,LOW
28.01,15.56,27.81,27.75,0.042,1.28,0.5107,1,HIGH
25.23,28.08,40.71,22.32,0.009,1.62,0.1197,0,LOW
46.59,14.08,43.58,20.2,0.0199,1.49,0.4042,0,MODERATE
58.14,43.68,81.48,29.81,0.0577,0.93,0.9789,1,CRITICAL
42.32,22.97,36.53,29.49,0.0326,1.07,0.689,1,HIGH
77.97,54.22,68.06,33.48,0.0606,0.7,0.9932,1,CRITICAL
20.88,0.0,27.06,24.98,0.0356,1.5,0.1905,0,LOW
49.0,43.13,61.63,30.86,0.0317,0.97,0.9278,1,CRITICAL
74.97,44.58,80.7,31.86,0.0935,0.75,0.996,1,CRITICAL
14.55,4.17,15.19,31.11,0.0027,1.27,0.1845,0,MODERATE
22.42,5.35,20.28,22.22,0.0059,1.66,0.1057,0,LOW
24.43,11.35,24.98,29.05,-0.0301,1.26,0.3278,0,MODERATE
38.55,30.66,40.76,30.55,0.0455,1.07,0.9208,1,CRITICAL
22.19,12.25,29.37,28.05,0.0666,1.32,0.5905,1,HIGH
25.96,34.09,29.18,13.39,0.0052,2.67,0.0034,0,LOW
71.63,50.41,73.62,29.12,0.0624,0.84,0.9887,1,CRITICAL
55.54,33.66,52.8,43.49,0.0437,0.69,0.9683,1,CRITICAL
69.23,57.89,99.26,25.48,-0.0609,0.97,0.9933,1,CRITICAL
33.71,30.8,31.5,22.9,0.011,1.47,0.2696,0,MODERATE
67.86,54.82,69.1,30.61,0.0488,0.83,0.9726,1,CRITICAL
25.76,9.26,34.79,30.19,0.0425,1.2,0.385,0,MODERATE
43.53,16.85,39.78,36.35,0.023,0.88,0.8631,1,CRITICAL
34.48,27.67,35.54,19.19,0.0227,1.74,0.1608,0,LOW
68.64,46.41,61.73,33.12,0.0615,0.77,0.9834,1,CRITICAL
52.69,23.99,44.99,32.13,-0.0287,0.91,0.8554,1,CRITICAL
38.42,16.86,40.47,27.0,0.1107,1.2,0.7879,1,CRITICAL
37.29,23.09,37.17,30.37,0.0204,1.09,0.6051,1,HIGH
61.18,45.9,51.89,35.21,0.0726,0.78,0.9804,1,CRITICAL
46.72,28.21,46.34,34.11,0.069,0.9,0.9546,1,CRITICAL
18.73,1.28,23.2,20.0,0.0475,1.9,0.0567,0,LOW
79.08,40.32,65.38,33.74,0.0791,0.69,0.9973,1,CRITICAL
46.63,31.48,39.41,27.55,0.0213,1.1,0.7935,1,CRITICAL
14.81,15.48,27.49,28.51,0.0058,1.38,0.1691,0,MODERATE
47.35,46.35,56.27,28.51,0.038,1.06,0.9054,1,CRITICAL
15.75,41.72,55.1,26.95,0.0145,1.44,0.1475,0,MODERATE
29.01,14.13,24.57,36.34,0.0353,0.98,0.6322,1,CRITICAL
70.19,35.25,58.03,27.41,0.0577,0.9,0.9912,1,CRITICAL
59.3,10.53,48.24,20.16,0.0241,1.34,0.6016,1,HIGH
32.47,34.53,37.37,25.25,-0.0105,1.35,0.3298,0,MODERATE
85.16,46.36,82.75,29.25,0.0728,0.74,0.9975,1,CRITICAL
22.14,11.28,25.46,36.6,0.0194,1.03,0.3378,0,HIGH
35.23,25.8,52.17,32.22,-0.021,1.04,0.6904,1,HIGH
51.97,39.96,58.99,22.05,0.0386,1.31,0.8818,1,CRITICAL
70.39,60.81,120.17,45.4,0.1447,0.59,0.9996,1,CRITICAL
50.54,15.75,42.66,29.85,0.0242,0.99,0.833,1,CRITICAL
34.95,16.79,28.86,36.93,0.026,0.92,0.7681,1,CRITICAL
20.59,6.51,21.29,26.94,0.0179,1.39,0.1608,0,MODERATE
51.75,28.37,41.69,31.73,0.0326,0.93,0.9427,1,CRITICAL
46.9,40.89,77.98,33.88,0.0872,0.91,0.9659,1,CRITICAL
82.05,58.6,71.08,36.53,0.0727,0.63,0.9966,1,CRITICAL
34.91,30.93,39.99,35.4,0.0243,0.96,0.6545,1,CRITICAL
14.5,17.21,17.34,34.11,-0.035,1.16,0.3105,0,HIGH
27.32,9.61,26.09,25.79,0.0135,1.38,0.2383,0,MODERATE
24.92,37.5,22.41,24.0,0.0128,1.51,0.2097,0,LOW
40.16,18.36,37.92,30.33,0.0319,1.06,0.6871,1,HIGH
35.7,18.6,42.89,34.53,0.0341,0.98,0.8207,1,CRITICAL
39.58,58.13,85.1,26.44,-0.03,1.22,0.8081,1,CRITICAL
30.13,23.76,36.35,35.46,0.0221,0.99,0.5178,1,CRITICAL
34.57,15.26,39.07,38.17,0.0233,0.9,0.744,1,CRITICAL
70.48,56.11,56.92,21.59,0.0437,1.13,0.928,1,CRITICAL
69.23,59.49,82.88,22.14,0.0545,1.11,0.9837,1,CRITICAL
54.11,26.43,43.98,27.02,0.0372,1.05,0.9004,1,CRITICAL
45.62,67.21,72.0,30.15,-0.0489,1.02,0.9252,1,CRITICAL
42.45,35.45,45.57,24.33,0.0201,1.29,0.2448,0,MODERATE
25.08,13.58,22.83,37.47,0.0114,0.98,0.362,0,CRITICAL
26.11,40.76,29.91,30.97,0.015,1.17,0.4833,0,HIGH
33.44,70.3,106.18,28.28,0.0376,1.2,0.8811,1,CRITICAL
83.66,49.59,72.39,17.95,0.0535,1.18,0.969,1,CRITICAL
25.52,11.21,25.12,18.79,0.0179,1.91,0.0489,0,LOW
51.89,26.53,43.4,29.97,0.0262,0.97,0.8778,1,CRITICAL
60.65,33.19,62.16,13.07,0.0488,2.02,0.3804,0,MODERATE
88.03,57.49,71.83,35.09,0.0832,0.61,0.9981,1,CRITICAL
83.01,36.82,88.2,26.89,0.0677,0.81,0.997,1,CRITICAL
72.92,71.3,96.08,50.7,0.122,0.55,0.9994,1,CRITICAL
39.85,34.53,72.17,44.16,0.054,0.77,0.9445,1,CRITICAL
46.46,22.75,38.88,26.73,0.0223,1.14,0.6403,1,HIGH
21.24,14.6,29.25,27.26,0.0342,1.37,0.2323,0,MODERATE
21.87,6.21,19.02,34.97,0.0151,1.07,0.4138,0,HIGH
40.11,33.79,44.82,39.92,0.061,0.83,0.9374,1,CRITICAL
62.34,45.06,75.18,16.53,0.0274,1.58,0.7714,1,CRITICAL
62.14,30.1,61.29,15.5,0.0362,1.68,0.6931,1,HIGH
70.7,53.98,87.4,23.65,0.0813,1.03,0.9894,1,CRITICAL
68.57,40.51,79.12,32.08,0.0632,0.79,0.9916,1,CRITICAL
38.1,15.82,35.33,31.48,0.0163,1.04,0.7981,1,CRITICAL
44.97,15.56,50.89,35.49,0.0362,0.88,0.9096,1,CRITICAL
46.39,17.83,37.22,19.6,0.0601,1.54,0.6054,1,HIGH
25.2,21.57,27.72,12.0,-0.0178,3.0,0.0013,0,LOW
25.36,14.99,24.36,34.01,-0.0225,1.07,0.4902,0,HIGH
59.15,71.44,88.82,22.2,0.0556,1.22,0.9397,1,CRITICAL
26.7,43.62,29.16,13.87,0.0042,2.56,0.0074,0,LOW
25.91,17.35,36.65,29.02,0.018,1.24,0.3947,0,MODERATE
59.13,31.9,67.05,33.55,0.0456,0.83,0.9696,1,CRITICAL
21.57,35.01,39.51,27.15,0.0134,1.37,0.2088,0,MODERATE
38.35,33.74,50.65,24.8,-0.0419,1.31,0.6785,1,HIGH
68.53,47.32,59.94,26.88,0.0528,0.93,0.9699,1,CRITICAL
54.81,40.72,61.23,25.41,0.1097,1.11,0.9718,1,CRITICAL
18.84,14.27,27.02,18.56,0.006,2.04,0.021,0,LOW
40.43,25.71,45.99,23.0,0.0218,1.38,0.4648,0,MODERATE
15.06,11.57,12.06,31.65,0.0268,1.24,0.157,0,MODERATE
70.05,34.2,60.52,30.25,0.0464,0.82,0.9745,1,CRITICAL
42.29,56.52,73.87,29.18,-0.0329,1.08,0.8254,1,CRITICAL
64.17,20.86,56.47,21.03,0.0338,1.23,0.8397,1,CRITICAL
34.75,34.01,36.44,26.73,0.0185,1.25,0.5326,1,HIGH
87.19,24.98,72.85,12.76,0.0859,1.59,0.977,1,CRITICAL
59.61,31.41,49.93,29.25,0.0382,0.93,0.9326,1,CRITICAL
41.46,18.7,36.68,38.0,0.0489,0.86,0.8848,1,CRITICAL
57.71,19.8,58.27,17.68,0.0527,1.54,0.6881,1,HIGH
69.16,35.22,93.03,23.9,0.0538,1.03,0.9862,1,CRITICAL
9.32,0.0,13.38,30.3,0.0201,1.35,0.1445,0,MODERATE
14.42,10.9,17.4,36.77,0.008,1.08,0.2898,0,HIGH
57.11,28.86,58.14,24.86,0.029,1.11,0.8366,1,CRITICAL
32.1,8.97,32.3,23.15,0.0392,1.47,0.2743,0,MODERATE
25.55,47.5,56.63,14.22,0.012,2.52,0.0103,0,LOW
41.14,11.7,40.03,28.72,0.0221,1.11,0.7226,1,HIGH
42.05,33.04,43.76,42.29,0.0318,0.78,0.9096,1,CRITICAL
50.12,22.03,51.53,29.94,0.0291,0.99,0.9067,1,CRITICAL
27.65,15.76,44.97,27.84,0.0201,1.28,0.3332,0,MODERATE
23.54,12.73,31.28,30.25,-0.0158,1.22,0.3856,0,MODERATE
86.13,50.0,73.0,27.92,0.0664,0.76,0.9963,1,CRITICAL
56.79,14.73,47.41,22.31,0.0572,1.24,0.8243,1,CRITICAL
73.66,63.23,100.58,33.76,-0.0896,0.72,0.997,1,CRITICAL
70.22,38.65,80.43,29.58,0.0562,0.84,0.9912,1,CRITICAL
39.15,11.2,31.67,28.12,0.0146,1.15,0.4906,0,HIGH
39.93,38.68,57.8,21.17,0.0355,1.51,0.7013,1,HIGH
35.38,46.75,41.7,37.12,0.0317,0.92,0.8426,1,CRITICAL
45.03,19.09,47.0,32.65,0.0685,0.95,0.9266,1,CRITICAL
46.93,29.84,37.73,24.13,0.032,1.25,0.6663,1,HIGH
76.02,47.02,83.59,35.01,0.0774,0.69,0.9975,1,CRITICAL
31.08,12.16,28.17,24.52,0.0091,1.41,0.2282,0,MODERATE
14.02,29.16,30.75,22.53,0.0143,1.75,0.0464,0,LOW
19.29,0.97,15.67,22.68,-0.0187,1.67,0.1118,0,LOW
21.53,13.11,41.09,15.6,0.0073,2.38,0.0077,0,LOW
20.14,14.48,16.46,31.3,0.0173,1.21,0.2901,0,MODERATE
63.8,48.99,55.07,15.18,0.0478,1.69,0.5828,1,HIGH
62.63,40.37,54.79,19.4,0.0417,1.34,0.8521,1,CRITICAL
39.78,6.57,34.4,13.47,0.0225,2.36,0.0307,0,LOW
84.13,40.13,77.14,27.4,-0.0826,0.79,0.9981,1,CRITICAL
25.34,24.96,25.28,26.95,-0.0074,1.34,0.1826,0,MODERATE
90.49,100.0,147.45,25.71,0.1178,0.78,0.9994,1,CRITICAL
37.95,28.31,43.37,20.7,-0.0119,1.57,0.2529,0,MODERATE
76.51,38.46,73.75,19.79,-0.0396,1.16,0.9534,1,CRITICAL
43.06,39.38,38.19,31.25,0.0538,1.01,0.8617,1,CRITICAL
35.94,21.23,36.63,24.15,0.0144,1.37,0.43,0,MODERATE
83.41,35.17,68.72,30.21,0.074,0.73,0.9983,1,CRITICAL
27.97,18.61,43.94,21.8,0.0266,1.62,0.1816,0,LOW
47.61,14.52,44.12,29.27,0.036,1.03,0.7304,1,HIGH
70.48,74.71,77.3,37.12,0.0795,0.69,0.995,1,CRITICAL
25.97,30.86,27.75,32.1,0.0177,1.13,0.4853,0,HIGH
46.94,56.36,104.87,25.11,0.0494,1.2,0.8983,1,CRITICAL
23.72,30.4,21.79,29.8,0.0425,1.23,0.443,0,MODERATE
61.46,34.85,49.19,26.32,0.0267,1.01,0.92,1,CRITICAL
68.02,45.52,67.97,28.06,0.0441,0.9,0.9786,1,CRITICAL
34.93,37.1,73.79,25.72,0.0323,1.3,0.7354,1,HIGH
42.62,24.69,49.72,26.85,0.025,1.17,0.7188,1,HIGH
66.51,32.31,54.55,29.48,0.0435,0.87,0.9759,1,CRITICAL
36.99,5.1,41.26,21.05,0.1028,1.55,0.4896,0,MODERATE
27.89,30.14,58.35,20.89,0.0337,1.69,0.1769,0,LOW
60.98,29.38,48.88,18.28,0.0496,1.45,0.7521,1,CRITICAL
50.18,38.82,42.88,16.8,-0.0189,1.73,0.2247,0,LOW
38.77,27.61,56.29,19.48,0.0183,1.65,0.2936,0,MODERATE
62.87,58.49,83.95,29.12,0.0731,0.91,0.9845,1,CRITICAL
54.39,16.56,61.94,21.75,0.0491,1.3,0.8227,1,CRITICAL
53.77,80.45,114.64,31.6,0.0769,0.91,0.9919,1,CRITICAL
64.59,22.85,53.09,28.24,0.0662,0.92,0.9745,1,CRITICAL
44.3,29.67,47.28,14.22,0.0612,2.15,0.1018,0,LOW
50.67,38.78,57.86,32.58,0.0414,0.91,0.9219,1,CRITICAL
47.79,35.96,56.43,33.68,0.034,0.91,0.9345,1,CRITICAL
43.85,34.18,58.74,21.04,0.029,1.47,0.57,1,HIGH
42.96,30.67,71.82,30.94,0.1002,1.02,0.9748,1,CRITICAL
64.42,26.07,58.27,22.0,0.0327,1.17,0.927,1,CRITICAL
46.49,32.67,37.85,28.68,0.0312,1.06,0.7819,1,CRITICAL
25.96,10.54,27.52,19.15,0.0223,1.87,0.1004,0,LOW
19.88,18.53,32.6,15.45,-0.0069,2.43,0.0102,0,LOW
25.91,0.0,24.33,25.32,0.0186,1.42,0.1334,0,MODERATE
22.38,34.27,42.81,27.13,0.0143,1.36,0.2863,0,MODERATE
80.62,27.74,68.22,25.22,0.0751,0.88,0.9912,1,CRITICAL
58.95,37.55,47.31,19.71,0.0371,1.37,0.7463,1,HIGH
43.31,16.54,45.29,25.2,0.0427,1.24,0.6671,1,HIGH
80.55,60.48,83.88,29.89,-0.0707,0.75,0.9948,1,CRITICAL
63.57,34.49,57.31,27.69,0.0341,0.95,0.9644,1,CRITICAL
25.05,18.87,40.77,29.28,0.0385,1.24,0.3992,0,MODERATE
22.7,32.09,26.81,23.31,0.0121,1.58,0.1206,0,LOW
41.46,20.91,35.99,36.2,0.021,0.89,0.7494,1,CRITICAL
40.83,16.83,34.08,19.77,0.0106,1.6,0.3277,0,MODERATE
52.38,45.39,60.5,31.41,0.0441,0.93,0.9423,1,CRITICAL
66.32,21.42,60.37,36.27,-0.0508,0.73,0.9889,1,CRITICAL
46.96,19.22,74.16,31.37,0.049,0.97,0.9431,1,CRITICAL
92.18,62.82,85.4,26.58,-0.0892,0.75,0.9983,1,CRITICAL
61.94,25.23,55.98,24.3,0.0396,1.09,0.9251,1,CRITICAL
56.98,39.86,52.02,35.25,0.0699,0.81,0.9857,1,CRITICAL
45.89,23.76,38.83,18.04,0.0133,1.68,0.1988,0,LOW
72.51,31.27,71.52,21.21,0.0469,1.12,0.9158,1,CRITICAL
52.97,39.35,55.46,25.22,-0.0274,1.14,0.8041,1,CRITICAL
33.51,26.47,50.95,36.66,0.0522,0.94,0.8082,1,CRITICAL
49.16,14.84,42.69,30.66,0.0618,0.98,0.9415,1,CRITICAL
58.08,20.46,51.62,21.22,-0.0289,1.28,0.7893,1,CRITICAL
37.89,1.78,31.84,25.83,0.0159,1.26,0.5583,1,HIGH
34.77,23.87,33.07,23.7,0.014,1.41,0.3276,0,MODERATE
49.15,19.27,47.7,23.03,0.0475,1.28,0.7747,1,CRITICAL
52.28,54.67,91.7,34.85,0.0729,0.85,0.9853,1,CRITICAL
58.14,35.62,62.39,18.4,0.0541,1.48,0.8637,1,CRITICAL
68.89,37.4,78.02,39.26,0.0722,0.66,0.9953,1,CRITICAL
48.21,11.45,44.47,33.8,0.0338,0.9,0.9314,1,CRITICAL
43.35,47.55,37.02,35.64,0.036,0.89,0.9089,1,CRITICAL
57.57,29.82,50.5,24.76,0.0581,1.11,0.9158,1,CRITICAL
34.17,37.3,31.78,26.95,0.017,1.25,0.4514,0,MODERATE
24.31,31.19,32.57,17.97,0.0104,2.02,0.0282,0,LOW
39.6,19.56,37.95,24.33,0.0488,1.32,0.7215,1,HIGH
41.78,39.39,62.64,31.46,0.0282,1.01,0.8112,1,CRITICAL
45.0,63.34,103.04,37.07,0.0671,0.85,0.9753,1,CRITICAL
42.08,42.42,39.97,20.25,0.0206,1.55,0.3221,0,MODERATE
53.23,44.84,60.9,25.44,-0.0299,1.13,0.8142,1,CRITICAL
50.37,25.75,56.37,26.94,0.033,1.09,0.8395,1,CRITICAL
38.91,24.14,34.37,18.23,0.0274,1.76,0.2473,0,LOW
23.69,41.92,56.47,32.14,0.0212,1.15,0.6162,1,HIGH
18.43,0.0,18.08,22.93,-0.0081,1.66,0.0536,0,LOW
23.06,28.03,38.48,26.63,0.0307,1.38,0.3829,0,MODERATE
37.09,35.1,36.08,24.84,0.0783,1.32,0.8321,1,CRITICAL
30.95,10.4,31.62,22.47,0.03,1.53,0.2769,0,MODERATE
43.53,19.17,43.94,27.95,0.0459,1.12,0.8742,1,CRITICAL
25.11,41.65,50.07,26.49,-0.0532,1.37,0.5689,1,HIGH
35.77,14.99,30.88,25.4,0.0336,1.31,0.466,0,MODERATE
22.4,1.44,18.76,22.9,0.0622,1.61,0.207,0,LOW
25.37,25.63,28.01,30.24,0.0278,1.2,0.4781,0,MODERATE
57.65,33.95,46.97,39.58,0.052,0.73,0.9659,1,CRITICAL
62.81,41.56,67.7,28.98,0.0588,0.91,0.9428,1,CRITICAL
27.88,37.49,43.73,34.97,0.0488,1.03,0.6913,1,HIGH
35.73,46.47,57.52,18.27,0.0297,1.81,0.1083,0,LOW
48.0,34.47,58.83,29.1,0.0489,1.04,0.8798,1,CRITICAL
77.64,79.34,99.33,20.32,0.0559,1.11,0.9741,1,CRITICAL
42.54,48.67,54.72,17.66,0.0503,1.76,0.4361,0,MODERATE
26.59,17.67,62.52,22.82,0.0215,1.56,0.2054,0,LOW
70.28,25.36,59.44,36.34,0.0532,0.7,0.9912,1,CRITICAL
21.23,0.0,27.38,34.65,0.0308,1.09,0.5589,1,HIGH
43.28,63.47,111.19,29.7,0.0543,1.06,0.9642,1,CRITICAL
77.78,35.52,79.39,17.27,0.0386,1.3,0.9034,1,CRITICAL
23.32,22.03,50.29,26.63,0.0149,1.38,0.399,0,MODERATE
42.89,31.77,34.77,30.11,0.0155,1.05,0.7503,1,CRITICAL
41.93,21.06,64.35,29.23,0.0277,1.08,0.8647,1,CRITICAL
88.71,54.65,88.92,15.09,0.0532,1.33,0.9873,1,CRITICAL
59.71,31.58,50.58,21.77,0.0521,1.23,0.9084,1,CRITICAL
66.73,31.44,53.77,27.55,0.0419,0.92,0.9471,1,CRITICAL
60.14,32.89,52.63,31.75,0.0483,0.86,0.9716,1,CRITICAL
67.58,32.38,91.18,12.63,0.0508,1.96,0.5073,1,HIGH
42.51,22.24,50.55,26.87,-0.0259,1.17,0.7254,1,HIGH
62.08,67.9,87.45,29.0,0.0684,0.92,0.9822,1,CRITICAL
27.21,6.41,30.63,33.95,0.0159,1.06,0.5364,1,HIGH
16.88,49.6,54.88,32.85,0.0256,1.18,0.3436,0,HIGH
88.43,33.97,80.07,32.08,0.0794,0.66,0.9971,1,CRITICAL
78.38,24.41,66.13,22.4,0.0958,1.01,0.9893,1,CRITICAL
76.67,28.76,63.8,14.64,0.0251,1.55,0.7953,1,CRITICAL
58.53,85.15,123.1,25.25,0.0712,1.08,0.9826,1,CRITICAL
89.28,41.05,77.51,35.01,0.0858,0.61,0.9992,1,CRITICAL
51.34,29.67,43.69,37.75,0.042,0.8,0.952,1,CRITICAL
88.0,43.05,70.52,32.97,-0.0766,0.64,0.9982,1,CRITICAL
64.57,33.48,56.7,31.01,0.0433,0.85,0.9675,1,CRITICAL
70.13,66.2,89.09,30.66,0.0682,0.81,0.9887,1,CRITICAL
49.94,38.56,51.41,24.11,-0.0237,1.22,0.7556,1,CRITICAL
69.68,31.02,70.76,27.09,0.0674,0.91,0.9923,1,CRITICAL
27.44,33.42,60.29,39.68,0.0257,0.92,0.8097,1,CRITICAL
69.12,57.08,66.08,21.4,0.0549,1.15,0.9692,1,CRITICAL
63.69,50.16,78.28,39.3,0.0753,0.69,0.9957,1,CRITICAL
77.4,25.59,67.79,25.75,0.0461,0.89,0.9881,1,CRITICAL
69.7,53.08,112.41,37.28,0.1001,0.69,0.9984,1,CRITICAL
53.41,35.28,43.96,18.15,0.0477,1.56,0.508,1,HIGH
64.48,49.59,70.94,32.1,0.0628,0.82,0.9847,1,CRITICAL
48.15,23.62,54.73,22.84,0.0231,1.31,0.6595,1,HIGH
38.16,27.71,33.72,18.09,0.026,1.79,0.1723,0,LOW
45.31,42.17,43.63,29.53,0.0455,1.04,0.7846,1,CRITICAL
30.84,32.76,30.3,35.07,0.0169,1.0,0.5841,1,HIGH
50.57,41.21,41.94,22.09,0.0278,1.32,0.6996,1,HIGH
63.42,43.91,63.92,17.51,0.0289,1.48,0.7123,1,HIGH
21.79,54.25,93.37,27.36,0.0198,1.36,0.4434,0,MODERATE
64.19,34.17,63.65,27.39,0.045,0.95,0.9544,1,CRITICAL
35.63,24.02,40.32,31.84,0.0361,1.05,0.7303,1,HIGH
62.33,21.53,50.48,34.65,0.0455,0.78,0.9405,1,CRITICAL
50.81,22.15,42.9,27.58,0.0278,1.06,0.7993,1,CRITICAL
56.32,46.27,55.86,40.99,0.0498,0.71,0.9833,1,CRITICAL
16.11,29.55,76.06,29.57,-0.0213,1.32,0.4482,0,MODERATE
42.1,23.63,65.06,25.58,0.0291,1.23,0.7757,1,CRITICAL
53.81,37.88,49.28,16.72,0.029,1.69,0.2835,0,MODERATE
63.57,34.06,62.6,26.16,0.0357,1.0,0.9421,1,CRITICAL
51.39,12.65,53.18,25.65,0.0481,1.13,0.8733,1,CRITICAL
61.22,39.18,66.32,34.72,-0.0498,0.79,0.9828,1,CRITICAL
15.0,15.64,29.46,31.24,0.0197,1.26,0.3375,0,MODERATE
42.03,29.9,57.02,19.74,-0.0247,1.59,0.4844,0,MODERATE
80.08,45.53,64.45,29.21,-0.0725,0.77,0.993,1,CRITICAL
53.21,38.1,85.72,32.7,0.076,0.89,0.978,1,CRITICAL
36.8,18.45,30.53,38.7,0.0179,0.87,0.854,1,CRITICAL
51.72,28.54,51.08,34.21,0.0471,0.86,0.9398,1,CRITICAL
42.83,43.62,72.07,33.33,0.0374,0.95,0.8813,1,CRITICAL
60.33,17.66,58.3,28.42,0.0353,0.95,0.9429,1,CRITICAL
67.07,27.56,54.64,30.72,0.0775,0.83,0.9913,1,CRITICAL
54.34,28.62,47.37,36.75,0.0342,0.79,0.9325,1,CRITICAL
54.77,39.48,56.78,18.67,-0.0232,1.5,0.5772,1,HIGH
37.48,37.28,31.37,25.55,-0.0121,1.28,0.3728,0,MODERATE
39.31,31.89,39.72,22.59,0.0213,1.42,0.5065,1,HIGH
57.14,35.63,51.7,30.65,0.068,0.91,0.9684,1,CRITICAL
25.96,40.37,46.09,36.61,0.0192,1.0,0.7246,1,HIGH
44.56,19.4,37.39,23.82,0.0249,1.29,0.7212,1,HIGH
66.21,57.66,70.19,12.0,0.0265,2.09,0.2127,0,LOW
84.49,56.45,75.42,25.11,0.0595,0.85,0.9918,1,CRITICAL
70.92,37.56,70.03,34.39,0.0697,0.73,0.9918,1,CRITICAL
71.43,55.6,60.59,31.76,-0.0581,0.78,0.9883,1,CRITICAL
17.57,21.37,28.17,31.0,0.0118,1.24,0.2968,0,MODERATE
64.76,63.1,68.62,26.04,0.0671,0.99,0.9711,1,CRITICAL
59.15,32.08,48.41,19.05,0.019,1.41,0.6224,1,HIGH
36.23,27.42,55.07,31.61,-0.0224,1.06,0.8106,1,CRITICAL
48.68,33.47,68.57,22.16,0.095,1.34,0.9179,1,CRITICAL
56.4,24.11,46.11,43.29,0.0582,0.68,0.9807,1,CRITICAL
34.44,19.14,41.42,31.99,-0.0397,1.06,0.5828,1,HIGH
75.15,56.9,73.64,23.94,0.058,0.98,0.9895,1,CRITICAL
62.42,29.79,50.13,23.72,-0.0329,1.11,0.9071,1,CRITICAL
46.68,10.04,43.63,27.35,0.0334,1.11,0.792,1,CRITICAL
70.33,67.13,108.34,26.32,-0.0683,0.93,0.9903,1,CRITICAL
43.29,29.33,46.8,35.82,0.0455,0.89,0.8869,1,CRITICAL
52.74,44.99,82.79,29.3,0.0543,0.99,0.9466,1,CRITICAL
24.76,24.7,36.7,22.88,0.054,1.58,0.1537,0,LOW
69.43,33.14,55.97,41.23,0.0686,0.64,0.9903,1,CRITICAL
14.01,13.79,12.42,28.35,0.0041,1.39,0.0621,0,MODERATE
67.29,49.58,73.04,33.38,0.0644,0.77,0.9899,1,CRITICAL
36.27,28.34,41.15,23.74,0.0127,1.39,0.2959,0,MODERATE
44.84,9.76,37.91,30.54,0.0378,1.02,0.8643,1,CRITICAL
13.42,36.2,25.01,30.18,0.0138,1.32,0.1079,0,MODERATE
25.57,11.67,45.39,14.77,0.0126,2.43,0.0165,0,LOW
64.05,42.04,72.21,42.11,0.1168,0.66,0.9976,1,CRITICAL
34.16,8.0,31.57,37.03,0.0557,0.93,0.7773,1,CRITICAL
51.71,31.47,45.85,25.22,0.0657,1.15,0.8863,1,CRITICAL
33.25,48.27,78.15,20.28,0.0213,1.66,0.269,0,MODERATE
66.94,50.1,86.31,30.43,0.0782,0.84,0.9935,1,CRITICAL
74.64,54.45,65.46,28.61,0.0902,0.83,0.9965,1,CRITICAL
75.29,62.86,86.3,30.49,0.0787,0.78,0.9971,1,CRITICAL
31.0,13.2,27.44,29.34,-0.0119,1.18,0.3829,0,HIGH
66.84,42.1,56.76,31.54,0.0654,0.82,0.9847,1,CRITICAL
81.57,56.6,68.25,38.13,-0.1026,0.61,0.999,1,CRITICAL
27.8,25.18,23.62,31.98,-0.0252,1.12,0.5433,1,HIGH
37.28,33.89,58.76,20.65,0.0203,1.58,0.4336,0,MODERATE
45.63,13.78,49.47,37.54,0.0314,0.84,0.9305,1,CRITICAL
48.4,29.18,43.22,39.48,0.0422,0.78,0.9426,1,CRITICAL
30.63,38.38,52.82,50.06,0.0369,0.75,0.8947,1,CRITICAL
44.8,28.41,60.18,20.14,0.0347,1.52,0.4457,0,MODERATE
42.42,21.54,35.53,29.7,0.0167,1.06,0.6602,1,HIGH
27.5,21.67,37.5,13.43,0.0068,2.63,0.0034,0,LOW
64.01,56.12,70.4,31.87,0.0546,0.83,0.9802,1,CRITICAL
27.6,43.11,40.95,24.16,0.0136,1.47,0.2521,0,MODERATE
41.22,43.1,52.24,41.46,0.0442,0.8,0.9273,1,CRITICAL
41.02,20.51,35.61,22.58,0.0179,1.4,0.4445,0,MODERATE
51.12,39.42,46.57,16.18,0.0301,1.78,0.3725,0,MODERATE
31.96,38.56,53.45,24.7,0.036,1.38,0.4677,0,MODERATE
45.08,41.47,70.36,14.17,0.0181,2.15,0.1385,0,LOW
55.01,50.28,48.92,33.26,0.0677,0.86,0.9768,1,CRITICAL
52.28,17.93,42.18,13.54,0.0332,2.11,0.1492,0,LOW
25.73,36.07,50.05,28.2,0.0269,1.28,0.4185,0,MODERATE
24.72,24.52,26.88,13.46,0.0389,2.68,0.0069,0,LOW
44.32,21.99,41.45,25.76,-0.0204,1.2,0.7053,1,HIGH
70.12,43.08,62.49,39.5,0.0659,0.65,0.9945,1,CRITICAL
33.63,30.43,34.97,30.52,0.0133,1.11,0.6962,1,HIGH
25.36,18.9,27.42,21.96,0.0142,1.64,0.1403,0,LOW
54.67,38.49,56.27,27.78,0.0391,1.02,0.9505,1,CRITICAL
58.27,29.77,47.85,28.13,-0.0405,0.98,0.9256,1,CRITICAL
63.89,70.67,104.5,31.31,0.0707,0.84,0.9915,1,CRITICAL
46.66,44.91,78.67,18.43,0.023,1.63,0.6106,1,HIGH
16.96,29.54,54.43,32.15,0.0181,1.21,0.3306,0,MODERATE
37.37,37.17,61.61,12.0,0.0124,2.71,0.0181,0,LOW
17.45,29.93,30.16,23.59,0.0255,1.63,0.1574,0,LOW
43.67,5.74,38.68,24.58,0.0304,1.26,0.6498,1,HIGH
46.11,13.49,37.65,32.43,0.0247,0.95,0.8892,1,CRITICAL
55.19,50.19,45.72,28.16,0.0244,1.0,0.9068,1,CRITICAL
42.3,26.58,39.71,18.16,0.0132,1.72,0.1397,0,LOW
69.34,35.52,65.99,21.11,-0.0498,1.16,0.9346,1,CRITICAL
78.34,90.54,137.65,29.39,0.175,0.78,0.9998,1,CRITICAL
62.61,27.35,58.66,27.45,0.0395,0.96,0.9561,1,CRITICAL
51.58,10.42,52.42,23.95,0.0459,1.21,0.8913,1,CRITICAL
52.35,39.37,59.7,24.63,-0.0559,1.17,0.9038,1,CRITICAL
53.24,20.04,45.58,32.87,0.0273,0.88,0.8787,1,CRITICAL
44.64,46.74,76.22,24.38,0.0648,1.26,0.8515,1,CRITICAL
54.59,36.27,54.96,27.38,0.0368,1.04,0.926,1,CRITICAL
42.56,24.76,38.9,43.19,0.0738,0.76,0.9178,1,CRITICAL
69.77,41.01,96.84,18.03,0.0522,1.35,0.9187,1,CRITICAL
46.58,31.46,52.0,15.04,0.0162,2.0,0.1191,0,LOW
45.65,32.31,46.44,33.49,-0.0788,0.93,0.9588,1,CRITICAL
46.02,15.9,49.83,23.25,0.022,1.31,0.6232,1,HIGH
20.69,7.15,37.24,25.77,0.0387,1.45,0.3033,0,MODERATE
25.74,3.17,23.11,22.53,0.0073,1.59,0.1122,0,LOW
25.21,37.58,50.19,26.18,0.0279,1.38,0.3681,0,MODERATE
54.31,34.94,91.55,39.19,0.0729,0.75,0.9873,1,CRITICAL
18.53,24.72,27.38,33.61,0.0593,1.14,0.614,1,HIGH
59.86,42.97,65.08,34.04,0.0473,0.81,0.9624,1,CRITICAL
51.76,39.95,70.88,18.09,0.03,1.59,0.5772,1,HIGH
54.44,15.55,50.6,19.94,0.0336,1.41,0.7735,1,CRITICAL
51.62,61.25,115.37,12.0,0.0808,2.39,0.2774,0,MODERATE
59.07,46.44,64.37,22.33,0.0337,1.21,0.8101,1,CRITICAL
64.17,48.34,59.61,34.7,0.0518,0.77,0.9627,1,CRITICAL
46.98,22.42,54.56,31.62,0.0363,0.97,0.9157,1,CRITICAL
60.67,47.18,59.6,26.45,0.0362,1.02,0.95,1,CRITICAL
15.84,15.53,14.44,27.84,0.0276,1.4,0.1445,0,MODERATE
69.88,47.78,79.74,23.18,0.0445,1.06,0.9543,1,CRITICAL
20.46,9.92,28.83,29.43,0.0241,1.28,0.2945,0,MODERATE
50.24,32.6,64.02,33.36,0.0472,0.9,0.9653,1,CRITICAL
52.54,44.96,44.56,16.69,0.0172,1.71,0.2398,0,LOW
52.6,33.99,53.67,30.1,0.0385,0.96,0.9444,1,CRITICAL
46.51,48.72,59.03,34.53,0.0582,0.89,0.9076,1,CRITICAL
35.88,59.68,95.44,25.09,0.0375,1.32,0.6937,1,HIGH
59.1,43.26,79.64,32.9,-0.0536,0.84,0.9814,1,CRITICAL
46.93,46.35,67.51,47.7,0.051,0.69,0.9813,1,CRITICAL
19.0,33.26,19.46,27.27,-0.0259,1.39,0.2888,0,MODERATE
62.28,39.83,77.12,30.75,0.0553,0.87,0.9865,1,CRITICAL
67.91,43.4,57.11,22.83,0.0697,1.09,0.9792,1,CRITICAL
34.28,20.35,30.74,29.27,0.0247,1.15,0.5902,1,HIGH
53.55,12.26,44.59,31.22,0.0335,0.92,0.8974,1,CRITICAL
40.34,22.19,61.51,29.36,0.0368,1.09,0.8793,1,CRITICAL
54.47,22.66,45.29,20.86,0.0263,1.35,0.7838,1,CRITICAL
66.56,36.76,55.48,29.44,0.0717,0.87,0.9872,1,CRITICAL
38.85,29.97,35.31,38.24,0.0267,0.87,0.8608,1,CRITICAL
57.28,19.43,58.57,31.14,0.0365,0.9,0.9685,1,CRITICAL
16.2,33.4,44.79,34.73,0.022,1.13,0.4736,0,HIGH
33.58,19.81,34.99,26.34,0.0249,1.28,0.4729,0,MODERATE
26.15,19.7,32.78,33.25,0.0312,1.09,0.6347,1,HIGH
84.58,48.12,70.39,29.95,-0.1001,0.72,0.9982,1,CRITICAL
51.2,44.82,45.6,21.34,0.0254,1.36,0.7168,1,HIGH
32.41,19.89,28.08,30.23,0.0157,1.13,0.5083,1,HIGH
59.67,19.82,55.65,21.06,0.0334,1.28,0.8729,1,CRITICAL
24.39,17.87,32.9,23.57,0.0409,1.54,0.2921,0,MODERATE
57.91,39.32,51.34,29.33,0.0877,0.94,0.975,1,CRITICAL
38.85,44.33,59.14,30.08,-0.0763,1.08,0.8726,1,CRITICAL
62.45,72.42,109.6,19.68,-0.0488,1.33,0.9635,1,CRITICAL
20.15,5.73,18.04,35.38,0.0146,1.08,0.2834,0,HIGH
11.71,0.0,9.64,32.0,0.0057,1.26,0.1031,0,MODERATE
61.88,49.63,72.89,23.07,0.0416,1.14,0.9383,1,CRITICAL
41.89,9.87,36.69,17.24,0.0093,1.82,0.0608,0,LOW
64.06,41.6,57.78,26.99,0.0359,0.97,0.9711,1,CRITICAL
57.99,39.28,53.91,24.88,0.0335,1.1,0.8945,1,CRITICAL
67.06,49.87,90.91,28.79,0.0653,0.88,0.9939,1,CRITICAL
64.01,39.28,67.34,25.46,0.0415,1.02,0.976,1,CRITICAL
45.22,24.06,36.8,13.95,0.0117,2.18,0.0483,0,LOW
70.72,27.93,56.8,25.28,0.0546,0.97,0.983,1,CRITICAL
58.12,16.09,49.84,25.86,0.0302,1.06,0.8548,1,CRITICAL
77.57,40.29,67.8,32.44,0.0753,0.72,0.9959,1,CRITICAL
23.83,18.05,29.01,23.11,0.0122,1.58,0.11,0,LOW
31.2,44.96,52.25,39.75,-0.0459,0.89,0.89,1,CRITICAL
44.17,16.78,41.0,14.62,0.0116,2.1,0.0905,0,LOW
53.16,40.45,49.62,37.18,0.0353,0.79,0.9475,1,CRITICAL
71.25,26.32,62.99,26.43,0.0566,0.92,0.9841,1,CRITICAL
36.89,4.34,29.65,34.02,0.0494,0.98,0.8527,1,CRITICAL
57.13,52.36,92.29,28.56,0.0525,0.97,0.975,1,CRITICAL
41.87,12.03,35.74,35.98,0.0191,0.9,0.917,1,CRITICAL
45.55,11.33,41.53,25.29,0.0569,1.21,0.7884,1,CRITICAL
79.16,58.69,65.4,20.31,0.0369,1.1,0.9809,1,CRITICAL
55.85,28.36,54.8,37.94,0.043,0.76,0.9783,1,CRITICAL
70.67,81.25,96.9,27.21,0.1019,0.9,0.9915,1,CRITICAL
70.62,24.91,58.09,29.55,0.0648,0.84,0.9915,1,CRITICAL
26.84,1.03,30.19,36.64,0.0162,0.99,0.6777,1,CRITICAL
37.9,31.31,30.66,20.78,0.0544,1.56,0.3983,0,MODERATE
58.8,34.22,69.15,32.17,0.0562,0.86,0.9785,1,CRITICAL
62.19,40.46,65.13,23.87,0.0333,1.1,0.9371,1,CRITICAL
90.03,40.48,90.06,27.07,0.0914,0.75,0.9991,1,CRITICAL
80.36,43.95,73.88,28.51,0.068,0.79,0.9937,1,CRITICAL
54.65,33.95,79.45,17.5,0.0381,1.6,0.7934,1,CRITICAL
15.64,11.51,20.42,22.55,0.0794,1.72,0.1045,0,LOW
23.38,12.98,29.53,37.46,0.0111,1.0,0.3679,0,HIGH
71.41,47.28,74.96,34.2,-0.0771,0.73,0.9955,1,CRITICAL
56.47,39.98,56.2,27.56,0.0384,1.01,0.9501,1,CRITICAL
77.82,41.65,65.4,29.7,0.0552,0.78,0.9908,1,CRITICAL
19.14,17.13,21.04,25.94,0.0212,1.46,0.0758,0,LOW
52.21,24.84,43.22,37.5,0.0448,0.79,0.9192,1,CRITICAL
38.11,19.04,38.99,26.6,-0.0423,1.23,0.6918,1,HIGH
31.08,28.08,38.97,29.62,0.0436,1.17,0.6386,1,HIGH
12.25,5.9,11.69,36.02,0.0141,1.12,0.3366,0,HIGH
29.34,22.31,38.41,22.56,-0.0144,1.55,0.2088,0,LOW
75.22,60.18,93.68,38.91,0.1027,0.63,0.9981,1,CRITICAL
51.35,18.03,47.26,17.29,0.0207,1.67,0.4006,0,MODERATE
49.77,40.44,43.58,39.41,0.0334,0.78,0.9544,1,CRITICAL
28.47,31.29,56.3,25.39,0.0256,1.39,0.5418,1,HIGH
46.55,34.18,54.9,26.3,0.0385,1.15,0.8189,1,CRITICAL
55.07,26.99,45.73,14.77,-0.0258,1.88,0.2701,0,MODERATE
69.17,44.45,63.2,24.82,0.0825,1.0,0.9865,1,CRITICAL
22.58,24.32,34.88,20.72,0.0108,1.78,0.0542,0,LOW
53.68,32.95,55.76,23.75,0.0307,1.2,0.8618,1,CRITICAL
32.88,38.94,40.76,27.04,0.0286,1.26,0.507,1,HIGH
36.53,0.0,41.79,34.7,0.0314,0.97,0.791,1,CRITICAL
72.05,61.41,81.63,29.45,0.0578,0.83,0.9906,1,CRITICAL
56.25,39.68,50.8,30.15,0.0343,0.93,0.934,1,CRITICAL
66.29,24.56,71.52,20.33,0.0365,1.24,0.9556,1,CRITICAL
76.92,88.69,132.32,21.83,0.1016,1.05,0.9965,1,CRITICAL
38.75,33.63,38.41,40.59,0.0503,0.83,0.8878,1,CRITICAL
81.55,58.85,88.73,22.85,0.0601,0.96,0.9951,1,CRITICAL
50.23,11.06,44.43,39.59,0.0311,0.77,0.9465,1,CRITICAL
12.38,15.75,14.87,26.3,0.0051,1.52,0.0869,0,LOW
66.23,66.44,93.95,28.02,0.061,0.91,0.9827,1,CRITICAL
43.86,15.57,35.48,35.49,0.0225,0.89,0.8556,1,CRITICAL
36.89,24.33,33.19,36.9,0.0191,0.91,0.8161,1,CRITICAL
54.82,28.72,53.75,27.22,-0.0365,1.04,0.8822,1,CRITICAL
30.39,28.07,32.02,25.28,0.014,1.37,0.3573,0,MODERATE
33.77,22.0,41.89,27.61,0.0253,1.22,0.5453,1,HIGH
47.35,18.86,41.09,30.37,0.026,1.0,0.8031,1,CRITICAL
16.19,8.04,14.05,34.24,0.0279,1.14,0.406,0,HIGH
44.31,12.0,42.36,28.03,-0.0627,1.11,0.8979,1,CRITICAL
44.59,26.7,46.82,32.33,0.0303,0.97,0.8628,1,CRITICAL
62.98,41.28,62.77,39.47,0.0528,0.7,0.9881,1,CRITICAL
41.49,36.9,47.0,30.67,0.024,1.04,0.8542,1,CRITICAL
64.2,40.46,63.29,30.18,0.0425,0.87,0.968,1,CRITICAL
68.8,21.23,59.27,17.37,0.0299,1.41,0.8446,1,CRITICAL
71.09,60.66,78.57,12.0,-0.0379,1.99,0.5025,1,HIGH
45.2,36.88,37.54,30.72,0.0283,1.01,0.7535,1,CRITICAL
79.8,41.42,67.16,27.34,0.053,0.82,0.9895,1,CRITICAL
43.96,25.68,55.34,24.4,0.0416,1.27,0.6639,1,HIGH
26.81,10.5,26.37,29.7,0.0091,1.21,0.3891,0,MODERATE
86.99,45.84,79.8,27.58,0.0677,0.76,0.9957,1,CRITICAL
86.71,47.97,75.31,35.89,-0.095,0.61,0.9978,1,CRITICAL
40.91,22.96,43.33,28.6,0.0202,1.12,0.7543,1,CRITICAL
25.2,7.35,26.55,22.77,0.0221,1.58,0.1826,0,LOW
46.07,78.71,114.13,34.93,0.1178,0.89,0.992,1,CRITICAL
22.07,17.15,24.29,26.48,0.0314,1.4,0.2931,0,MODERATE
36.96,16.09,44.36,31.69,0.0199,1.05,0.6596,1,HIGH
14.78,29.74,44.71,24.66,0.0165,1.59,0.1063,0,LOW
24.44,22.49,34.79,23.45,0.0149,1.55,0.1832,0,LOW
35.13,17.19,40.62,28.59,0.0854,1.17,0.8675,1,CRITICAL
67.32,51.84,66.49,28.09,0.0919,0.9,0.9876,1,CRITICAL
51.57,32.28,51.55,31.36,0.0298,0.94,0.8895,1,CRITICAL
39.39,31.57,56.23,26.12,0.0552,1.23,0.833,1,CRITICAL
34.41,16.15,28.3,15.15,0.0081,2.2,0.0296,0,LOW
82.8,63.66,98.7,24.97,0.0738,0.87,0.9965,1,CRITICAL
32.01,22.59,38.85,33.56,0.0205,1.03,0.7522,1,CRITICAL
12.27,22.09,38.16,25.92,0.0091,1.54,0.1815,0,LOW
66.73,42.78,53.54,26.28,-0.0601,0.97,0.9725,1,CRITICAL
40.49,23.56,62.91,34.9,0.0356,0.93,0.8743,1,CRITICAL
38.0,6.88,32.32,23.02,0.0349,1.41,0.4851,0,MODERATE
33.81,35.49,46.21,17.2,0.0867,1.95,0.1927,0,LOW
50.63,53.31,48.58,26.88,0.0496,1.09,0.9207,1,CRITICAL
64.27,49.9,68.55,24.61,0.0425,1.05,0.9414,1,CRITICAL
72.01,62.11,72.45,21.24,0.0556,1.13,0.9652,1,CRITICAL
55.3,23.81,46.92,26.77,0.0346,1.05,0.8558,1,CRITICAL
72.52,34.95,68.86,31.44,0.0755,0.78,0.9932,1,CRITICAL
30.61,22.18,29.35,27.93,0.0109,1.24,0.4083,0,MODERATE
11.4,22.41,21.45,30.15,0.0177,1.34,0.1931,0,MODERATE
85.11,39.79,88.18,40.69,-0.1241,0.56,0.9995,1,CRITICAL
40.57,18.1,33.73,25.6,0.0332,1.25,0.6117,1,HIGH
67.3,38.56,64.72,29.95,0.0932,0.85,0.9887,1,CRITICAL
20.31,11.61,30.67,24.44,0.006,1.54,0.107,0,LOW
50.94,21.98,46.0,22.08,0.0236,1.32,0.5586,1,HIGH
29.9,50.3,69.78,23.91,0.0263,1.45,0.5751,1,HIGH
48.09,34.39,49.49,24.65,0.0251,1.21,0.7385,1,HIGH
53.78,35.61,46.04,30.52,0.0307,0.94,0.9469,1,CRITICAL
64.34,35.28,53.18,44.44,0.0536,0.63,0.9874,1,CRITICAL
43.17,19.01,46.24,22.99,0.0404,1.35,0.4754,0,MODERATE
29.97,22.85,31.03,25.08,0.0436,1.39,0.3648,0,MODERATE
39.88,11.55,35.11,27.56,0.0142,1.17,0.5938,1,HIGH
81.83,36.44,65.94,30.77,0.0579,0.73,0.9944,1,CRITICAL
53.91,23.04,55.67,29.84,0.0337,0.96,0.9377,1,CRITICAL
18.26,10.87,28.3,36.99,0.017,1.05,0.453,0,HIGH
38.15,20.59,32.81,12.0,0.0285,2.69,0.0072,0,LOW
50.71,28.05,54.38,12.0,0.0121,2.41,0.0303,0,LOW
70.67,52.42,102.08,24.53,0.0742,0.99,0.9896,1,CRITICAL
81.34,84.89,122.52,35.68,0.121,0.64,0.9996,1,CRITICAL
64.16,49.34,84.23,17.04,0.084,1.51,0.9386,1,CRITICAL
32.53,25.14,50.71,12.0,0.041,2.82,0.0055,0,LOW
30.46,5.91,27.89,32.0,0.0539,1.09,0.7593,1,CRITICAL
53.32,8.4,45.21,29.71,-0.0256,0.97,0.9066,1,CRITICAL
46.91,25.59,46.36,20.37,0.0248,1.48,0.4253,0,MODERATE
33.66,11.07,41.42,21.1,-0.0125,1.59,0.2327,0,LOW
22.88,35.22,46.83,21.21,0.0213,1.73,0.1336,0,LOW
57.52,30.28,49.97,28.77,0.0315,0.96,0.8928,1,CRITICAL
34.27,37.91,37.22,23.62,0.0321,1.42,0.2956,0,MODERATE
56.69,38.83,60.99,31.46,0.0518,0.89,0.9685,1,CRITICAL
53.34,23.64,51.52,12.0,0.0237,2.35,0.0558,0,LOW
72.24,21.33,66.88,22.0,0.0616,1.09,0.9832,1,CRITICAL
84.85,51.09,71.71,20.12,0.0512,1.05,0.9915,1,CRITICAL
21.58,36.22,82.02,26.21,0.0202,1.42,0.4581,0,MODERATE
29.19,15.73,33.02,24.23,0.0223,1.44,0.3524,0,MODERATE
79.83,61.91,75.28,33.58,0.1145,0.69,0.9976,1,CRITICAL
66.05,40.03,56.54,14.98,0.0324,1.68,0.5073,1,HIGH
27.14,23.42,32.54,28.32,0.0232,1.26,0.3902,0,MODERATE
81.62,51.28,69.72,31.91,0.1015,0.7,0.9964,1,CRITICAL
20.19,20.8,19.55,41.0,0.0163,0.94,0.538,1,CRITICAL
20.82,28.71,21.5,24.63,0.0879,1.52,0.2807,0,MODERATE
38.99,12.72,31.24,30.27,0.0149,1.07,0.6677,1,HIGH
71.81,38.3,70.11,15.37,0.0374,1.55,0.816,1,CRITICAL
42.61,15.64,41.44,12.0,0.0107,2.59,0.015,0,LOW
55.25,46.8,78.54,33.91,0.0581,0.85,0.98,1,CRITICAL
14.94,6.22,12.57,27.96,0.0046,1.4,0.0929,0,MODERATE
86.29,24.26,69.69,36.25,0.0764,0.61,0.9966,1,CRITICAL
39.44,31.93,64.11,18.39,0.019,1.74,0.2793,0,MODERATE
61.78,45.27,51.46,31.64,0.0393,0.85,0.9323,1,CRITICAL
44.49,23.81,35.62,41.08,0.0239,0.78,0.9288,1,CRITICAL
50.03,32.94,42.98,30.94,0.047,0.96,0.9227,1,CRITICAL
31.85,29.71,51.53,29.94,0.0201,1.15,0.6892,1,HIGH
17.83,4.29,38.61,28.06,0.0145,1.37,0.1709,0,MODERATE
32.43,18.02,32.18,17.0,0.0062,1.99,0.0524,0,LOW
62.45,50.32,66.5,37.49,0.0536,0.73,0.9817,1,CRITICAL
30.36,9.08,34.9,23.72,-0.0424,1.46,0.3727,0,MODERATE
65.99,60.3,88.06,31.53,0.0883,0.82,0.9912,1,CRITICAL
68.01,16.15,55.28,17.06,-0.049,1.45,0.8354,1,CRITICAL
16.46,23.2,38.33,19.74,-0.0121,1.96,0.0199,0,LOW
37.94,25.34,33.16,38.05,0.0182,0.88,0.7837,1,CRITICAL
61.73,30.98,56.84,25.57,-0.0316,1.04,0.8761,1,CRITICAL
35.72,43.79,31.77,38.17,-0.0284,0.89,0.8778,1,CRITICAL
77.63,43.24,80.29,27.45,0.0835,0.84,0.9953,1,CRITICAL
40.48,23.85,49.39,15.11,-0.0446,2.1,0.1146,0,LOW
14.11,15.96,23.2,34.24,0.0088,1.16,0.305,0,HIGH
62.66,33.31,68.09,23.87,0.0398,1.1,0.9057,1,CRITICAL
30.73,9.52,39.89,32.89,0.015,1.06,0.5462,1,HIGH
50.5,26.75,62.87,28.18,0.0522,1.04,0.9361,1,CRITICAL
68.45,42.9,58.87,17.2,0.0279,1.43,0.8175,1,CRITICAL
78.99,39.91,71.59,29.15,-0.0648,0.78,0.992,1,CRITICAL
13.23,24.85,13.05,43.37,-0.0421,0.94,0.5718,1,CRITICAL
53.48,26.31,51.2,31.45,0.0496,0.92,0.9476,1,CRITICAL
42.76,38.51,52.35,27.6,0.0214,1.14,0.7759,1,CRITICAL
27.05,28.68,39.28,35.53,-0.0127,1.02,0.6266,1,HIGH
30.38,21.14,42.84,29.47,0.036,1.18,0.5516,1,HIGH
28.99,8.45,28.73,29.47,-0.0202,1.19,0.4454,0,HIGH
29.95,6.83,40.24,20.36,0.0273,1.7,0.0958,0,LOW
32.49,25.25,32.86,29.64,-0.0131,1.16,0.4609,0,HIGH
82.81,77.75,109.62,35.25,0.1375,0.64,0.9995,1,CRITICAL
41.56,7.83,39.56,22.15,-0.0344,1.42,0.5593,1,HIGH
38.42,23.05,44.6,37.97,-0.0549,0.88,0.9169,1,CRITICAL
66.15,37.56,73.72,27.36,-0.0507,0.94,0.9698,1,CRITICAL
26.25,39.43,56.53,21.79,0.0156,1.64,0.1517,0,LOW
91.24,45.69,81.63,34.98,0.0893,0.59,0.9994,1,CRITICAL
30.96,32.11,31.47,25.99,0.0484,1.33,0.4617,0,MODERATE
60.78,30.39,57.05,33.32,0.0414,0.82,0.97,1,CRITICAL
77.64,28.42,67.98,25.96,0.0476,0.88,0.9898,1,CRITICAL
52.88,30.24,58.22,27.58,0.0315,1.04,0.8938,1,CRITICAL
14.69,27.75,52.23,31.45,-0.0302,1.25,0.3812,0,MODERATE
35.32,23.43,30.27,30.04,0.0437,1.12,0.6608,1,HIGH
62.33,33.59,62.21,14.03,-0.0431,1.86,0.4533,0,MODERATE
15.78,32.49,46.82,20.15,0.0174,1.93,0.0458,0,LOW
14.46,0.0,13.15,34.51,0.0786,1.15,0.3511,0,HIGH
71.63,37.57,67.52,27.08,-0.0447,0.9,0.9775,1,CRITICAL
53.93,36.07,73.21,24.33,0.0623,1.17,0.9404,1,CRITICAL
18.43,21.15,49.35,18.49,0.014,2.06,0.036,0,LOW
33.29,35.23,37.47,20.44,0.0176,1.65,0.2694,0,MODERATE
42.13,13.3,34.08,13.85,0.0087,2.25,0.0423,0,LOW
53.74,23.32,44.66,27.29,0.0223,1.05,0.8687,1,CRITICAL
26.84,31.28,34.72,23.81,0.0131,1.5,0.2015,0,LOW
59.17,37.09,49.32,21.23,-0.0235,1.27,0.7631,1,CRITICAL
55.81,44.66,47.08,27.52,0.034,1.02,0.9145,1,CRITICAL
41.85,38.23,55.67,30.55,0.0261,1.04,0.8365,1,CRITICAL
38.36,24.91,51.52,42.65,0.0303,0.8,0.8876,1,CRITICAL
35.98,54.49,56.54,17.42,0.0432,1.89,0.1535,0,LOW
58.26,34.79,48.28,36.12,0.072,0.78,0.9784,1,CRITICAL
31.07,15.35,28.17,34.81,0.0601,1.0,0.84,1,CRITICAL
39.59,35.68,58.52,22.55,0.0345,1.42,0.5809,1,HIGH
39.21,32.1,50.52,29.42,-0.0415,1.1,0.7979,1,CRITICAL
49.57,36.18,64.25,24.8,0.0534,1.19,0.8937,1,CRITICAL
50.71,51.8,109.27,29.3,0.0703,1.01,0.9815,1,CRITICAL
64.01,64.98,81.18,38.56,0.0728,0.7,0.9939,1,CRITICAL
41.83,26.48,44.49,32.24,0.0226,0.99,0.8032,1,CRITICAL
87.96,47.41,75.95,31.56,0.0743,0.67,0.9974,1,CRITICAL
47.73,51.28,50.83,24.99,0.0477,1.2,0.8656,1,CRITICAL
36.73,19.96,44.65,17.61,0.0275,1.86,0.1286,0,LOW
18.96,19.33,21.3,26.54,0.0127,1.43,0.2306,0,MODERATE
38.61,23.87,53.0,36.45,0.0253,0.91,0.8603,1,CRITICAL
53.89,29.96,44.57,17.31,0.0185,1.63,0.419,0,MODERATE
75.41,51.81,83.0,20.61,-0.0626,1.12,0.9847,1,CRITICAL
45.53,30.05,36.91,28.88,0.027,1.06,0.7405,1,HIGH
43.65,39.24,45.26,21.11,0.0225,1.47,0.5093,1,HIGH
40.37,31.37,61.94,22.45,0.0244,1.42,0.5622,1,HIGH
81.84,54.26,66.83,25.03,0.0596,0.88,0.992,1,CRITICAL
62.69,51.53,61.09,18.44,0.0744,1.41,0.8664,1,CRITICAL
61.37,28.52,51.7,21.18,0.0571,1.25,0.8685,1,CRITICAL
37.06,37.99,63.43,32.92,0.0263,1.01,0.7141,1,HIGH
68.13,43.83,81.29,18.85,0.0446,1.31,0.9169,1,CRITICAL
27.0,34.36,62.35,16.81,0.0154,2.11,0.0417,0,LOW
67.85,39.25,85.47,23.59,0.0563,1.06,0.9699,1,CRITICAL
39.41,38.7,51.53,33.12,-0.0364,0.98,0.8431,1,CRITICAL
39.68,0.38,34.81,26.62,0.0156,1.21,0.5681,1,HIGH
31.9,11.58,30.93,24.75,0.031,1.38,0.42,0,MODERATE
56.88,33.02,55.81,28.31,0.0396,0.98,0.9449,1,CRITICAL
54.26,47.04,56.74,15.78,0.0886,1.78,0.6962,1,HIGH
55.81,35.05,67.51,31.46,0.0399,0.9,0.9659,1,CRITICAL
23.22,17.74,22.44,30.68,0.0085,1.2,0.3286,0,MODERATE
29.59,14.63,25.73,25.13,0.0239,1.39,0.302,0,MODERATE
52.82,40.74,52.14,35.04,0.05,0.84,0.9674,1,CRITICAL
63.52,35.79,53.39,20.11,0.0358,1.29,0.8797,1,CRITICAL
49.21,42.57,57.12,35.9,0.0872,0.85,0.9566,1,CRITICAL
22.74,13.12,31.05,29.08,0.0149,1.27,0.2964,0,MODERATE
25.32,14.18,40.53,25.64,0.0169,1.41,0.1684,0,MODERATE
52.75,29.58,43.18,27.86,0.0574,1.04,0.8434,1,CRITICAL
92.46,69.6,124.13,27.25,0.1158,0.73,0.9995,1,CRITICAL
24.15,11.89,19.32,36.54,0.0122,1.01,0.4645,0,HIGH
23.16,17.83,24.43,20.46,0.0229,1.79,0.0608,0,LOW
37.51,40.67,47.09,22.66,0.0278,1.44,0.304,0,MODERATE
70.9,42.31,57.41,35.25,-0.0533,0.71,0.9915,1,CRITICAL
63.12,24.27,51.8,23.83,0.0313,1.1,0.8846,1,CRITICAL
53.78,15.08,44.22,34.3,0.0347,0.85,0.9442,1,CRITICAL
62.27,54.8,62.88,39.9,0.0532,0.69,0.9826,1,CRITICAL
27.47,17.72,55.92,25.19,0.0558,1.41,0.4816,0,MODERATE
73.54,38.07,70.99,32.77,0.0601,0.74,0.9935,1,CRITICAL
37.71,32.88,44.05,19.92,0.0143,1.63,0.2176,0,LOW
52.02,45.18,47.99,33.28,-0.0433,0.88,0.9401,1,CRITICAL
46.65,20.67,37.6,29.4,-0.0365,1.04,0.8423,1,CRITICAL
57.12,27.89,46.02,31.31,0.0475,0.89,0.9187,1,CRITICAL
23.72,22.36,51.86,23.48,0.0167,1.56,0.2339,0,LOW
88.65,44.79,72.54,16.37,0.0661,1.23,0.9746,1,CRITICAL
33.37,80.7,153.68,31.52,-0.0657,1.08,0.9584,1,CRITICAL
73.39,29.34,61.41,13.56,0.029,1.73,0.6053,1,HIGH
59.95,46.52,64.8,25.78,0.0583,1.05,0.9651,1,CRITICAL
41.38,42.3,77.73,34.59,0.0413,0.93,0.881,1,CRITICAL
19.89,22.77,22.66,29.34,0.0339,1.29,0.3546,0,MODERATE
43.33,31.2,54.55,41.64,0.0444,0.78,0.9485,1,CRITICAL
19.09,0.0,21.75,35.18,0.0394,1.09,0.4856,0,HIGH
35.96,32.22,34.22,23.42,0.013,1.41,0.3574,0,MODERATE
53.62,14.61,46.28,28.19,0.0646,1.02,0.9251,1,CRITICAL
18.52,18.35,40.62,27.67,-0.0244,1.38,0.3113,0,MODERATE
29.48,14.83,28.05,16.92,0.0191,2.05,0.0335,0,LOW
76.86,49.95,66.48,21.42,0.0447,1.07,0.9502,1,CRITICAL
28.16,70.15,125.69,24.07,0.0754,1.46,0.8293,1,CRITICAL
33.2,10.24,32.5,13.75,-0.0137,2.45,0.0151,0,LOW
20.72,16.52,24.82,28.33,0.0152,1.32,0.2672,0,MODERATE
60.29,68.29,117.39,26.26,0.0848,1.03,0.9945,1,CRITICAL
39.97,18.66,38.89,16.29,0.0135,1.95,0.0851,0,LOW
41.23,26.06,39.82,30.83,0.022,1.04,0.7439,1,HIGH
43.33,24.59,61.04,33.01,0.0515,0.96,0.9113,1,CRITICAL
47.53,8.96,43.63,29.59,0.0225,1.02,0.7832,1,CRITICAL
77.17,60.83,65.73,25.73,0.0695,0.89,0.9881,1,CRITICAL
32.58,21.63,34.32,32.14,0.0267,1.07,0.5604,1,HIGH
63.19,42.93,68.64,32.76,-0.059,0.81,0.9644,1,CRITICAL
28.56,6.29,23.51,30.15,0.0107,1.17,0.3519,0,HIGH
61.05,42.49,55.86,22.23,0.0484,1.2,0.9025,1,CRITICAL
15.59,5.97,18.85,29.94,0.0274,1.31,0.2584,0,MODERATE
34.42,0.0,31.75,36.37,0.0231,0.94,0.6969,1,CRITICAL
54.83,30.21,59.79,23.82,0.0334,1.18,0.8349,1,CRITICAL
41.63,20.25,38.44,42.69,0.027,0.78,0.9222,1,CRITICAL
90.31,50.05,86.25,24.32,0.0842,0.83,0.9962,1,CRITICAL
49.19,27.94,49.88,28.23,0.0384,1.05,0.8657,1,CRITICAL
40.44,15.17,36.02,23.29,0.0148,1.37,0.5172,1,HIGH
60.7,24.51,53.21,29.56,0.0556,0.91,0.9545,1,CRITICAL
48.67,22.07,41.74,15.8,0.0428,1.87,0.1701,0,LOW
35.0,0.87,28.87,24.18,0.0091,1.38,0.4545,0,MODERATE
39.06,7.86,45.73,20.36,0.0343,1.58,0.4354,0,MODERATE
60.56,40.1,65.2,28.95,0.0668,0.93,0.9807,1,CRITICAL
54.0,28.7,45.92,34.96,0.1004,0.83,0.9799,1,CRITICAL
21.91,27.91,31.86,32.52,0.0116,1.15,0.4406,0,HIGH
48.8,57.07,99.37,12.0,0.0264,2.45,0.0411,0,LOW
33.43,4.81,27.9,42.29,0.064,0.83,0.8657,1,CRITICAL
43.64,7.62,45.02,30.07,-0.0212,1.04,0.8382,1,CRITICAL
42.38,23.32,53.71,22.56,0.0282,1.39,0.4575,0,MODERATE
17.93,13.26,15.05,29.1,0.0132,1.32,0.1623,0,MODERATE
64.55,58.96,74.24,29.23,-0.0607,0.89,0.9842,1,CRITICAL
69.63,68.96,114.03,23.33,0.0678,1.05,0.9864,1,CRITICAL
72.63,23.56,59.49,29.39,0.0814,0.83,0.9908,1,CRITICAL
25.57,19.02,46.37,23.75,0.0141,1.52,0.2418,0,LOW
34.99,12.59,35.13,25.17,-0.026,1.33,0.4788,0,MODERATE
29.32,11.41,25.79,23.2,0.0161,1.5,0.178,0,LOW
31.09,32.25,35.07,17.97,-0.0112,1.91,0.0498,0,LOW
43.24,33.41,35.7,29.02,-0.0181,1.08,0.7436,1,HIGH
43.36,25.73,45.76,32.1,0.0683,0.98,0.9218,1,CRITICAL
75.33,38.17,60.56,31.6,0.0604,0.75,0.9921,1,CRITICAL
25.53,16.02,39.99,33.74,0.0254,1.08,0.5934,1,HIGH
67.4,21.28,63.96,30.27,0.0664,0.84,0.9872,1,CRITICAL
56.24,50.41,54.2,24.27,0.0259,1.15,0.8867,1,CRITICAL
76.9,15.65,64.8,33.88,0.075,0.7,0.9956,1,CRITICAL
52.1,10.68,48.4,18.5,0.0183,1.55,0.4889,0,MODERATE
36.62,37.35,32.3,21.7,0.0288,1.51,0.2815,0,MODERATE
14.07,18.88,31.2,21.25,-0.0054,1.85,0.052,0,LOW
27.55,3.96,25.37,35.56,0.0351,1.01,0.544,1,HIGH
28.34,29.06,37.06,34.6,0.0293,1.03,0.6413,1,HIGH
31.7,25.9,30.28,31.41,0.0174,1.1,0.5113,1,HIGH
39.59,15.31,47.72,35.5,-0.029,0.92,0.7502,1,CRITICAL
59.15,30.06,58.98,21.85,0.0278,1.24,0.8597,1,CRITICAL
63.7,44.29,59.22,30.44,-0.0734,0.87,0.9806,1,CRITICAL
46.71,24.31,54.13,27.12,0.0248,1.12,0.8047,1,CRITICAL
22.6,18.5,26.14,33.93,0.0163,1.1,0.4143,0,HIGH
69.46,63.09,81.4,27.19,-0.0553,0.91,0.9887,1,CRITICAL
56.4,14.92,64.74,25.31,0.1149,1.1,0.9819,1,CRITICAL
21.1,13.72,28.55,31.79,0.0196,1.18,0.2865,0,HIGH
44.96,43.06,67.41,34.13,-0.0369,0.92,0.9571,1,CRITICAL
54.54,24.14,70.11,23.32,0.0462,1.21,0.8843,1,CRITICAL
70.07,35.17,67.44,27.57,0.1151,0.9,0.9948,1,CRITICAL
82.72,50.79,67.24,20.59,0.0521,1.05,0.983,1,CRITICAL
49.5,24.23,52.12,12.0,0.0195,2.44,0.0398,0,LOW
76.54,25.85,67.81,29.4,0.0561,0.8,0.9924,1,CRITICAL
15.14,25.57,23.76,32.26,0.0053,1.22,0.3071,0,MODERATE
53.84,39.66,58.7,29.83,0.0353,0.96,0.9442,1,CRITICAL
80.9,47.46,80.25,14.35,0.0432,1.51,0.9093,1,CRITICAL
73.3,44.27,75.43,25.54,-0.0681,0.93,0.9878,1,CRITICAL
53.26,46.08,59.67,12.47,0.0448,2.27,0.1122,0,LOW
93.21,48.73,76.3,37.59,0.1128,0.55,0.9995,1,CRITICAL
17.61,16.83,17.28,20.4,0.0041,1.88,0.032,0,LOW
23.19,13.16,33.48,36.79,0.0318,1.01,0.5861,1,HIGH
38.62,4.08,38.76,34.62,0.0303,0.95,0.871,1,CRITICAL
63.07,49.44,72.04,21.7,-0.0424,1.2,0.9469,1,CRITICAL
42.83,32.77,36.26,20.07,0.0231,1.55,0.5001,1,HIGH
61.69,29.28,52.54,30.45,-0.033,0.88,0.9404,1,CRITICAL
29.64,30.46,35.98,22.09,0.0089,1.58,0.1644,0,LOW
27.46,16.08,32.39,28.72,0.0197,1.24,0.3903,0,MODERATE
52.79,27.22,46.88,24.62,0.0232,1.17,0.9048,1,CRITICAL
63.87,52.9,58.97,15.53,0.0313,1.65,0.6298,1,HIGH
31.08,12.32,25.4,12.39,0.0098,2.77,0.0044,0,LOW
49.34,20.52,40.04,29.59,0.0552,1.01,0.9268,1,CRITICAL
68.48,15.07,56.28,24.07,0.0758,1.03,0.9735,1,CRITICAL
20.91,24.68,29.63,24.13,0.0635,1.55,0.2645,0,MODERATE
33.48,26.91,56.68,32.87,0.0552,1.04,0.8645,1,CRITICAL
80.07,42.62,68.57,36.21,0.1302,0.64,0.9992,1,CRITICAL
85.68,38.29,69.06,26.09,-0.0698,0.81,0.9948,1,CRITICAL
64.0,37.36,69.7,25.62,0.0866,1.02,0.9765,1,CRITICAL
43.72,37.21,63.98,31.5,-0.0448,1.0,0.9277,1,CRITICAL
42.49,21.32,36.22,18.5,0.0343,1.69,0.206,0,LOW
82.3,55.65,73.15,29.56,0.0614,0.75,0.9955,1,CRITICAL
41.03,36.45,35.42,31.86,-0.0326,1.01,0.8446,1,CRITICAL
37.04,25.3,31.32,32.76,0.0528,1.01,0.8275,1,CRITICAL
48.51,45.4,54.48,14.44,0.0244,2.04,0.1265,0,LOW
60.88,68.61,100.12,22.67,0.0492,1.17,0.943,1,CRITICAL
60.58,44.23,65.47,21.85,0.0401,1.22,0.9293,1,CRITICAL
43.73,73.23,97.8,28.7,0.0593,1.09,0.9392,1,CRITICAL
48.66,15.4,47.48,31.37,0.0462,0.96,0.8795,1,CRITICAL
52.51,38.89,76.23,38.48,0.0625,0.78,0.987,1,CRITICAL
17.49,2.25,17.43,24.54,0.0062,1.56,0.1013,0,LOW
85.08,38.96,69.95,24.52,-0.0878,0.87,0.9936,1,CRITICAL
34.1,34.14,45.47,36.05,0.0409,0.95,0.9193,1,CRITICAL
67.87,25.6,61.26,30.08,-0.0464,0.84,0.9749,1,CRITICAL
56.15,35.42,50.66,36.87,0.06,0.78,0.9791,1,CRITICAL
47.85,27.11,54.97,30.02,0.0327,1.01,0.9366,1,CRITICAL
63.96,30.88,57.25,19.9,0.0299,1.3,0.8819,1,CRITICAL
46.76,32.1,50.16,18.67,0.0444,1.61,0.5132,1,HIGH
46.73,42.44,42.72,17.14,-0.0424,1.75,0.2304,0,LOW
31.39,21.72,48.08,32.63,0.024,1.06,0.8197,1,CRITICAL
37.28,20.47,35.45,36.32,-0.0161,0.92,0.815,1,CRITICAL
51.11,20.64,52.37,40.95,0.0396,0.75,0.9328,1,CRITICAL
48.86,16.44,39.44,33.9,-0.0578,0.89,0.9589,1,CRITICAL
43.73,24.24,58.52,36.14,0.0652,0.88,0.9489,1,CRITICAL
20.52,21.01,30.94,23.94,0.0141,1.56,0.116,0,LOW
72.62,41.03,61.3,19.91,-0.035,1.19,0.9198,1,CRITICAL
41.88,29.16,37.14,33.95,0.023,0.94,0.8218,1,CRITICAL
36.31,12.63,33.62,30.92,0.0467,1.08,0.7957,1,CRITICAL
56.65,40.0,58.21,28.75,0.0375,0.97,0.9244,1,CRITICAL
60.31,37.23,60.17,30.71,-0.0479,0.89,0.9672,1,CRITICAL
65.3,33.65,57.04,30.26,0.0573,0.86,0.993,1,CRITICAL
56.26,25.25,62.77,36.99,0.0471,0.78,0.9769,1,CRITICAL
42.34,41.64,66.85,37.06,0.0394,0.87,0.9486,1,CRITICAL
43.52,23.14,35.48,31.81,0.023,0.99,0.7312,1,CRITICAL
33.7,22.05,35.06,33.92,0.0293,1.01,0.611,1,HIGH
43.56,33.01,48.35,31.6,0.0477,0.99,0.9258,1,CRITICAL
35.31,31.84,41.49,24.77,0.024,1.34,0.5706,1,HIGH
45.52,11.05,36.72,33.3,0.0207,0.93,0.9019,1,CRITICAL
52.49,25.16,45.54,18.24,0.0234,1.57,0.4694,0,MODERATE
35.19,22.62,29.11,35.38,0.0141,0.96,0.774,1,CRITICAL
76.65,41.68,73.94,19.64,0.0385,1.16,0.9113,1,CRITICAL
82.57,58.56,81.6,30.0,0.0807,0.74,0.9976,1,CRITICAL
24.94,14.44,22.56,22.08,0.0511,1.64,0.2378,0,LOW
40.24,3.41,38.27,31.87,-0.0436,1.01,0.7843,1,CRITICAL
50.09,36.04,46.08,27.76,0.0437,1.06,0.9103,1,CRITICAL
48.79,37.67,64.74,16.84,0.0372,1.75,0.4127,0,MODERATE
36.92,1.97,32.78,30.94,0.0466,1.07,0.7491,1,HIGH
63.65,35.18,62.84,23.95,0.0529,1.09,0.9447,1,CRITICAL
75.57,37.34,83.37,34.17,0.0865,0.7,0.9983,1,CRITICAL
51.47,48.16,67.72,28.01,0.0393,1.04,0.9047,1,CRITICAL
34.01,25.85,43.68,30.77,0.0168,1.1,0.5907,1,HIGH
75.51,30.21,65.75,21.3,0.0445,1.09,0.9556,1,CRITICAL
40.57,43.17,58.44,23.87,-0.0577,1.33,0.7154,1,HIGH
79.78,55.08,84.15,24.79,0.0686,0.9,0.9937,1,CRITICAL
35.58,25.69,46.75,34.0,0.0219,0.99,0.8013,1,CRITICAL
47.07,10.76,38.7,39.74,0.0398,0.79,0.9078,1,CRITICAL
65.81,23.56,53.31,22.36,0.0355,1.14,0.924,1,CRITICAL
30.17,16.6,41.96,35.54,0.0552,0.99,0.8368,1,CRITICAL
57.74,61.25,89.65,12.81,0.0247,2.12,0.2211,0,LOW
74.1,32.13,81.57,19.64,-0.0582,1.19,0.9711,1,CRITICAL
35.71,32.69,55.28,21.29,0.0312,1.55,0.3797,0,MODERATE
30.75,19.34,36.41,18.53,0.0685,1.86,0.191,0,LOW
73.07,48.7,63.9,16.91,0.0388,1.39,0.8687,1,CRITICAL
43.12,33.22,51.48,30.89,0.0536,1.02,0.881,1,CRITICAL
29.58,30.75,42.33,26.5,0.0114,1.32,0.3753,0,MODERATE
47.28,27.57,54.7,30.66,0.0284,0.99,0.9317,1,CRITICAL
27.6,27.33,66.06,32.83,0.0263,1.09,0.7145,1,HIGH
54.88,27.21,50.77,29.86,-0.0422,0.95,0.956,1,CRITICAL
59.14,36.52,47.92,32.6,-0.0397,0.85,0.9721,1,CRITICAL
20.44,39.08,52.22,27.51,0.0132,1.37,0.2056,0,MODERATE
30.16,11.74,26.75,19.69,0.0186,1.76,0.091,0,LOW
27.41,15.3,39.85,35.4,0.0254,1.02,0.7552,1,CRITICAL
65.65,39.53,83.5,23.88,0.0548,1.07,0.9727,1,CRITICAL
44.56,23.37,41.22,21.45,0.0146,1.43,0.4409,0,MODERATE
61.47,46.84,75.79,26.75,0.0808,1.0,0.9843,1,CRITICAL
63.21,48.7,56.62,21.61,0.0392,1.2,0.927,1,CRITICAL
12.22,21.33,33.49,25.08,0.008,1.59,0.0771,0,LOW
78.46,44.45,63.86,30.41,0.0682,0.76,0.9929,1,CRITICAL
27.16,14.82,37.71,30.44,-0.0161,1.18,0.2748,0,HIGH
61.05,39.89,65.8,21.72,0.0396,1.22,0.8999,1,CRITICAL
70.38,41.27,66.45,24.59,0.0446,1.0,0.9656,1,CRITICAL
16.97,17.2,31.0,35.52,-0.0381,1.1,0.3975,0,HIGH
73.57,58.19,97.35,31.47,0.1518,0.77,0.9989,1,CRITICAL
40.9,32.81,52.57,42.53,0.0331,0.78,0.9093,1,CRITICAL
56.57,61.23,94.04,36.26,0.0647,0.79,0.9891,1,CRITICAL
58.33,45.05,55.59,36.01,0.0426,0.78,0.9664,1,CRITICAL
19.68,0.0,27.01,18.28,0.0166,2.06,0.0267,0,LOW
68.32,46.69,59.25,33.35,0.0479,0.77,0.9847,1,CRITICAL
72.9,56.05,121.93,27.63,0.1069,0.87,0.9987,1,CRITICAL
47.84,26.56,39.12,24.14,0.0229,1.24,0.6309,1,HIGH
13.6,34.08,17.54,29.18,0.0165,1.36,0.2436,0,MODERATE
38.08,21.03,35.76,34.62,0.0248,0.96,0.833,1,CRITICAL
60.88,35.42,56.03,31.51,0.0709,0.86,0.9868,1,CRITICAL
74.37,55.07,96.96,21.85,0.0531,1.07,0.9854,1,CRITICAL
42.93,31.41,41.23,33.2,0.0392,0.95,0.851,1,CRITICAL
24.57,37.81,56.98,23.54,-0.0268,1.54,0.2387,0,LOW
62.82,28.35,58.52,29.52,0.0519,0.9,0.9832,1,CRITICAL
63.0,46.46,79.34,25.88,0.0511,1.01,0.979,1,CRITICAL
77.71,32.75,73.23,26.47,0.0504,0.87,0.9842,1,CRITICAL
65.27,33.5,57.81,33.36,-0.0595,0.79,0.988,1,CRITICAL
42.64,21.64,43.06,20.72,-0.0392,1.51,0.4046,0,MODERATE
27.29,19.43,30.11,41.62,0.0127,0.88,0.6951,1,CRITICAL
20.11,5.26,20.61,15.25,0.0108,2.46,0.0063,0,LOW
60.95,30.19,53.89,23.82,0.0287,1.12,0.9322,1,CRITICAL
43.6,22.87,37.97,30.59,0.031,1.02,0.8184,1,CRITICAL
68.87,37.53,61.24,32.09,0.0682,0.79,0.9879,1,CRITICAL
60.47,40.58,63.06,27.3,0.0512,0.99,0.9579,1,CRITICAL
35.71,19.8,35.9,27.6,0.0175,1.21,0.6225,1,HIGH
81.78,42.6,84.11,30.87,0.073,0.72,0.9977,1,CRITICAL
66.18,71.66,118.06,26.38,0.0924,0.97,0.9944,1,CRITICAL
58.32,30.46,53.75,37.75,0.0453,0.75,0.949,1,CRITICAL
57.6,43.49,55.4,33.88,0.0364,0.83,0.9076,1,CRITICAL
82.48,52.71,68.67,34.11,0.0771,0.66,0.9972,1,CRITICAL
55.36,17.33,51.75,21.24,0.0245,1.32,0.653,1,HIGH
41.32,37.68,52.52,27.44,0.0475,1.16,0.7693,1,CRITICAL
42.52,30.79,37.69,25.9,-0.0162,1.21,0.5899,1,HIGH
65.72,19.9,55.59,20.96,0.0341,1.21,0.946,1,CRITICAL
58.17,37.97,53.62,30.52,0.0361,0.91,0.9472,1,CRITICAL
60.59,53.41,74.08,24.24,-0.0538,1.1,0.9621,1,CRITICAL
22.94,10.31,33.01,32.59,0.0202,1.14,0.4914,0,HIGH
17.59,34.52,61.47,20.51,0.0309,1.87,0.0417,0,LOW
36.34,40.45,64.31,40.03,0.0404,0.85,0.901,1,CRITICAL
31.17,22.14,27.39,21.73,-0.0063,1.58,0.1037,0,LOW
70.52,24.36,57.07,29.54,0.0433,0.84,0.9883,1,CRITICAL
30.61,30.85,32.13,33.54,0.1172,1.04,0.8218,1,CRITICAL
40.82,5.94,43.73,24.01,0.0221,1.32,0.5127,1,HIGH
67.31,52.07,64.72,33.97,0.0638,0.76,0.9877,1,CRITICAL
46.41,29.07,39.29,19.4,0.0471,1.56,0.4059,0,MODERATE
29.09,8.95,25.27,38.16,0.0097,0.94,0.616,1,CRITICAL
13.47,15.54,11.5,28.1,0.0176,1.41,0.1146,0,MODERATE
52.86,32.02,70.83,23.83,0.0348,1.2,0.8753,1,CRITICAL
63.52,58.2,95.09,25.91,0.0571,1.01,0.983,1,CRITICAL
66.83,35.57,55.31,33.66,0.0453,0.77,0.982,1,CRITICAL
77.78,41.85,65.82,23.91,0.0667,0.95,0.9889,1,CRITICAL
65.08,23.69,53.48,22.75,0.0334,1.13,0.9385,1,CRITICAL
75.69,50.27,92.05,26.45,0.0625,0.88,0.9872,1,CRITICAL
28.43,43.6,70.55,19.76,0.0147,1.78,0.2058,0,LOW
84.58,36.06,72.22,40.74,0.0854,0.56,0.9978,1,CRITICAL
61.68,35.57,54.77,24.04,0.0614,1.1,0.9294,1,CRITICAL
62.37,27.85,56.66,33.82,0.0482,0.8,0.9766,1,CRITICAL
53.5,41.96,53.27,29.47,0.0652,0.98,0.9542,1,CRITICAL
32.61,41.6,43.3,21.11,0.0354,1.61,0.3154,0,MODERATE
29.47,17.49,34.11,27.96,0.0367,1.25,0.4198,0,MODERATE
37.04,54.13,74.87,33.49,0.036,0.99,0.9297,1,CRITICAL
55.86,25.64,46.27,26.68,0.0277,1.05,0.8606,1,CRITICAL
58.19,32.99,70.59,36.35,0.0621,0.78,0.9786,1,CRITICAL
75.86,35.82,66.8,35.15,0.0675,0.68,0.9918,1,CRITICAL
54.92,31.48,51.05,34.43,0.0428,0.84,0.9265,1,CRITICAL
76.38,29.9,79.61,24.78,0.0511,0.93,0.9792,1,CRITICAL
36.79,47.77,69.19,20.44,0.0708,1.6,0.6168,1,HIGH
48.89,35.66,58.0,23.7,0.0233,1.25,0.787,1,CRITICAL
87.64,65.53,92.55,29.37,-0.0824,0.71,0.9978,1,CRITICAL
23.16,29.7,39.37,31.82,0.0267,1.16,0.3924,0,HIGH
33.61,20.82,32.69,12.8,0.0072,2.62,0.0054,0,LOW
79.12,47.15,84.52,27.94,0.064,0.81,0.9947,1,CRITICAL
58.16,56.96,69.55,29.11,0.0417,0.95,0.9606,1,CRITICAL
72.35,63.29,69.32,26.06,0.0445,0.92,0.9721,1,CRITICAL
37.24,21.41,41.34,37.04,-0.0233,0.9,0.8063,1,CRITICAL
23.02,34.31,39.8,30.95,0.0142,1.19,0.5471,1,HIGH
40.09,27.46,57.55,37.17,0.0389,0.88,0.8631,1,CRITICAL
79.82,36.14,70.03,26.49,-0.058,0.85,0.9911,1,CRITICAL
82.56,50.32,90.31,34.56,0.0955,0.65,0.9988,1,CRITICAL
38.83,40.63,56.31,39.45,0.0431,0.85,0.8828,1,CRITICAL
75.2,27.75,64.16,37.18,0.0637,0.66,0.9954,1,CRITICAL
65.68,58.38,71.47,20.36,0.034,1.25,0.8608,1,CRITICAL
52.36,36.37,44.99,26.22,0.0523,1.1,0.9056,1,CRITICAL
39.03,26.23,32.69,25.58,-0.026,1.26,0.5507,1,HIGH
48.77,28.16,51.84,31.42,-0.0274,0.96,0.827,1,CRITICAL
14.23,36.66,47.28,32.8,0.056,1.21,0.5715,1,HIGH
39.16,0.0,31.87,22.13,0.0269,1.45,0.3138,0,MODERATE
47.76,43.1,64.48,28.47,0.0317,1.06,0.8726,1,CRITICAL
23.32,19.15,29.25,13.86,0.0553,2.64,0.0092,0,LOW
39.39,17.8,61.1,38.09,0.0374,0.87,0.8771,1,CRITICAL
32.91,36.55,54.15,24.41,0.077,1.39,0.6386,1,HIGH
32.34,40.17,57.1,28.39,0.0191,1.21,0.6888,1,HIGH
77.83,32.0,84.23,25.83,0.0591,0.89,0.9829,1,CRITICAL
77.7,42.09,89.93,36.02,0.1,0.66,0.999,1,CRITICAL
45.39,44.17,39.21,12.0,0.0075,2.53,0.0092,0,LOW
43.52,22.29,40.25,27.88,0.0166,1.12,0.6487,1,HIGH
62.54,42.28,54.2,27.26,0.0544,0.97,0.9631,1,CRITICAL
44.82,44.99,56.21,24.82,0.0236,1.24,0.7558,1,CRITICAL
40.13,24.7,34.6,40.08,0.0562,0.83,0.9178,1,CRITICAL
51.94,36.92,44.57,21.79,-0.0251,1.32,0.6867,1,HIGH
14.46,4.82,43.24,33.4,0.038,1.18,0.4058,0,HIGH
42.08,28.91,52.02,30.49,0.0304,1.04,0.8891,1,CRITICAL
55.21,14.44,75.41,36.83,0.0624,0.79,0.9862,1,CRITICAL
26.04,0.0,23.08,23.33,0.0104,1.54,0.1951,0,LOW
38.07,17.39,38.09,22.87,0.0272,1.42,0.3917,0,MODERATE
55.84,23.15,49.67,35.67,0.0387,0.8,0.9074,1,CRITICAL
69.95,34.08,56.11,30.98,0.0443,0.81,0.9862,1,CRITICAL
49.15,26.4,44.34,17.19,0.0138,1.71,0.3098,0,MODERATE
43.29,26.41,41.79,24.22,0.0155,1.28,0.5895,1,HIGH
30.32,17.17,25.71,30.7,0.0135,1.14,0.4178,0,HIGH
47.11,33.46,50.22,33.86,0.0467,0.91,0.9127,1,CRITICAL
55.13,21.22,51.35,23.25,0.0254,1.21,0.7718,1,CRITICAL
46.14,15.33,37.62,12.0,0.0123,2.51,0.018,0,LOW
16.3,18.41,31.3,31.66,-0.0407,1.23,0.2901,0,MODERATE
44.9,33.1,55.52,19.46,0.0315,1.57,0.5397,1,HIGH
26.79,18.23,48.41,13.88,0.0438,2.56,0.0268,0,LOW
11.34,22.24,19.04,12.0,0.0372,3.35,0.0002,0,LOW
30.26,52.94,76.15,33.7,0.0269,1.04,0.6979,1,HIGH
59.97,42.28,84.79,28.9,0.0955,0.94,0.988,1,CRITICAL
28.43,18.77,34.76,26.42,0.0095,1.33,0.3379,0,MODERATE
53.68,51.16,51.77,37.72,0.0739,0.78,0.9798,1,CRITICAL
43.7,22.61,35.0,32.46,0.0284,0.97,0.8871,1,CRITICAL
47.88,38.11,56.92,39.31,0.0471,0.79,0.9658,1,CRITICAL
37.25,19.28,42.28,18.25,0.0283,1.79,0.1034,0,LOW
71.3,56.05,98.64,27.76,0.0968,0.88,0.9934,1,CRITICAL
76.96,60.17,75.1,16.68,0.0465,1.36,0.9449,1,CRITICAL
46.57,67.96,111.38,26.39,0.054,1.15,0.9382,1,CRITICAL
52.82,41.95,71.1,26.26,-0.0346,1.1,0.9411,1,CRITICAL
24.35,39.4,65.54,32.39,0.0406,1.13,0.6287,1,HIGH
48.63,52.37,44.86,28.32,-0.0227,1.06,0.8614,1,CRITICAL
44.24,23.09,37.82,32.36,0.0375,0.97,0.8189,1,CRITICAL
28.98,19.96,47.1,32.92,0.0262,1.08,0.6755,1,HIGH
79.72,45.6,86.91,43.08,0.1068,0.57,0.9986,1,CRITICAL
48.98,33.46,42.75,25.79,0.0322,1.15,0.8199,1,CRITICAL
54.04,24.68,64.94,21.41,0.0472,1.32,0.8815,1,CRITICAL
44.12,33.53,48.38,29.72,0.0636,1.05,0.8998,1,CRITICAL
59.82,22.52,49.6,22.38,0.0268,1.2,0.9116,1,CRITICAL
40.49,7.12,42.84,38.37,0.0663,0.86,0.9087,1,CRITICAL
59.81,42.99,87.98,26.02,0.0943,1.04,0.9846,1,CRITICAL
30.9,21.46,35.31,24.04,0.0339,1.43,0.4287,0,MODERATE
71.61,62.31,80.6,24.7,0.0795,0.98,0.9843,1,CRITICAL
46.69,31.81,37.8,33.03,0.0371,0.93,0.8809,1,CRITICAL
62.42,38.74,69.47,26.9,0.0395,0.98,0.9671,1,CRITICAL
51.74,60.97,85.41,23.51,0.0475,1.23,0.9279,1,CRITICAL
34.51,19.23,37.99,39.66,-0.038,0.87,0.8869,1,CRITICAL
73.87,24.5,65.28,22.01,-0.078,1.07,0.9744,1,CRITICAL
47.06,32.16,53.25,28.25,-0.0363,1.07,0.8678,1,CRITICAL
51.22,31.85,78.18,32.57,0.0672,0.91,0.9559,1,CRITICAL
58.15,37.58,49.44,16.58,-0.0342,1.63,0.4898,0,MODERATE
62.65,42.79,57.88,31.36,0.0429,0.85,0.9675,1,CRITICAL
72.95,27.75,60.91,20.61,-0.0331,1.15,0.9591,1,CRITICAL
45.64,29.54,46.81,33.76,0.0449,0.92,0.9211,1,CRITICAL
33.27,24.33,38.28,21.26,0.013,1.59,0.2086,0,LOW
49.58,58.49,82.96,32.85,0.0492,0.91,0.9676,1,CRITICAL
72.58,27.18,66.04,35.74,0.0726,0.69,0.9951,1,CRITICAL
81.04,52.43,77.39,34.03,0.0945,0.67,0.9982,1,CRITICAL
57.31,33.83,78.33,29.76,0.0576,0.94,0.9658,1,CRITICAL
18.08,19.94,20.28,26.38,0.0357,1.45,0.1398,0,LOW
82.18,60.16,82.56,23.97,0.0578,0.91,0.9916,1,CRITICAL
64.78,37.14,73.05,38.3,0.0648,0.7,0.9886,1,CRITICAL
39.49,34.76,37.61,23.1,0.0266,1.39,0.519,1,HIGH
46.22,8.06,39.67,20.74,-0.0392,1.46,0.6704,1,HIGH
52.71,42.59,52.65,32.66,0.0418,0.89,0.9502,1,CRITICAL
80.93,57.2,71.36,22.43,0.0433,0.98,0.9692,1,CRITICAL
66.14,37.99,57.56,21.35,-0.044,1.19,0.9016,1,CRITICAL
16.4,38.56,67.53,17.89,0.0318,2.16,0.0385,0,LOW
51.96,34.34,52.03,24.62,0.027,1.17,0.724,1,HIGH
31.92,26.75,54.65,27.42,0.0168,1.25,0.5413,1,HIGH
73.59,63.53,62.13,29.7,-0.0562,0.81,0.9897,1,CRITICAL
66.08,51.09,94.93,34.66,0.0731,0.76,0.9965,1,CRITICAL
37.23,45.28,53.51,31.69,0.0291,1.04,0.8765,1,CRITICAL
51.55,32.22,66.05,26.66,-0.0305,1.09,0.8369,1,CRITICAL
73.81,55.84,66.46,26.61,-0.0473,0.89,0.9823,1,CRITICAL
63.26,56.47,60.58,31.57,0.0477,0.84,0.9738,1,CRITICAL
52.1,36.97,55.18,36.91,-0.0371,0.81,0.9382,1,CRITICAL
42.32,37.22,57.25,28.88,0.0251,1.09,0.8042,1,CRITICAL
45.6,29.34,64.85,24.72,0.0507,1.24,0.8266,1,CRITICAL
78.51,27.66,64.02,21.05,0.0359,1.07,0.9736,1,CRITICAL
40.15,43.35,67.28,17.88,0.0336,1.78,0.4198,0,MODERATE
73.2,74.67,100.15,32.66,0.1051,0.75,0.998,1,CRITICAL
20.56,12.48,29.93,32.05,0.0087,1.18,0.2915,0,HIGH
60.32,52.89,51.36,32.04,0.0363,0.85,0.9402,1,CRITICAL
19.55,18.64,41.23,27.1,0.0227,1.4,0.4108,0,MODERATE
63.76,40.06,62.94,37.85,0.0563,0.72,0.9901,1,CRITICAL
65.73,49.16,78.07,24.61,0.0518,1.04,0.9735,1,CRITICAL
30.9,29.0,50.02,34.69,0.045,1.01,0.7855,1,CRITICAL
77.24,17.46,63.16,27.73,0.0473,0.83,0.9928,1,CRITICAL
67.57,34.65,68.07,23.74,-0.0509,1.06,0.9615,1,CRITICAL
42.51,28.34,43.91,32.15,-0.0628,0.99,0.8244,1,CRITICAL
70.2,59.02,99.97,30.87,0.0731,0.81,0.9953,1,CRITICAL
12.43,15.5,15.22,30.5,-0.0029,1.31,0.0875,0,MODERATE
77.39,46.79,65.37,28.57,0.0603,0.81,0.9918,1,CRITICAL
26.35,30.71,55.18,27.73,0.0618,1.29,0.7372,1,HIGH
29.04,5.76,25.65,44.72,0.0148,0.82,0.5907,1,CRITICAL
11.47,31.43,26.58,36.29,-0.0097,1.12,0.2183,0,HIGH
47.64,12.52,43.46,33.06,0.0244,0.92,0.904,1,CRITICAL
21.12,11.73,29.48,28.78,0.0127,1.3,0.2272,0,MODERATE
65.77,31.69,66.98,35.05,0.0521,0.75,0.9881,1,CRITICAL
49.6,36.14,47.79,31.63,0.0324,0.94,0.911,1,CRITICAL
19.26,55.6,70.72,28.18,0.025,1.35,0.4976,0,MODERATE
52.19,24.58,43.87,25.88,0.0751,1.12,0.8922,1,CRITICAL
35.7,23.9,36.01,27.43,0.0373,1.21,0.397,0,MODERATE
73.4,44.58,67.16,12.0,0.0456,1.95,0.6104,1,HIGH
28.16,40.53,37.48,29.47,0.0143,1.2,0.3198,0,MODERATE
43.4,7.8,42.56,24.58,-0.0165,1.27,0.6675,1,HIGH
44.3,29.62,36.97,39.15,-0.0352,0.82,0.8997,1,CRITICAL
53.17,55.8,86.72,28.14,0.0543,1.02,0.9557,1,CRITICAL
37.97,19.36,38.44,19.68,0.0205,1.65,0.2747,0,MODERATE
76.51,43.77,67.51,27.65,0.0493,0.84,0.9781,1,CRITICAL
63.66,43.29,59.81,20.68,0.0365,1.25,0.8759,1,CRITICAL
63.35,38.44,54.34,31.31,-0.0384,0.85,0.9706,1,CRITICAL
73.98,58.05,60.77,30.04,-0.0532,0.8,0.9886,1,CRITICAL
15.68,10.25,14.96,34.7,-0.0037,1.13,0.2141,0,HIGH
60.47,30.94,51.11,22.46,0.0523,1.19,0.8847,1,CRITICAL
68.11,32.86,57.79,28.24,0.0373,0.89,0.982,1,CRITICAL
39.19,29.25,39.53,18.44,0.0516,1.74,0.357,0,MODERATE
56.45,35.58,59.83,32.91,0.0669,0.86,0.9666,1,CRITICAL
62.38,39.0,64.77,31.63,-0.0636,0.85,0.9879,1,CRITICAL
28.07,13.65,22.46,31.47,0.0673,1.13,0.7205,1,HIGH
56.31,48.52,83.12,28.01,0.0445,1.0,0.965,1,CRITICAL
75.21,45.59,86.13,30.9,0.0821,0.77,0.9967,1,CRITICAL
43.44,54.93,84.59,39.23,0.0764,0.82,0.9671,1,CRITICAL
23.87,12.62,25.79,26.0,0.0074,1.4,0.2867,0,MODERATE
22.87,26.95,34.69,28.97,-0.0208,1.27,0.4274,0,MODERATE
41.67,22.77,36.1,20.4,0.0177,1.54,0.3393,0,MODERATE
82.53,51.03,91.5,21.92,0.0638,0.99,0.9929,1,CRITICAL
57.79,44.97,48.87,28.68,0.0635,0.96,0.9531,1,CRITICAL
55.55,29.19,50.36,35.73,0.0449,0.81,0.9513,1,CRITICAL
54.17,38.31,53.46,26.21,0.0268,1.08,0.89,1,CRITICAL
71.28,35.34,70.57,26.35,0.0857,0.92,0.9867,1,CRITICAL
52.88,12.51,54.61,25.15,0.0273,1.14,0.848,1,CRITICAL
90.33,38.66,73.88,24.26,0.0874,0.83,0.9972,1,CRITICAL
54.01,9.48,51.42,30.06,-0.0809,0.95,0.9676,1,CRITICAL
78.19,58.23,101.0,17.52,0.0777,1.28,0.9878,1,CRITICAL
82.04,72.59,96.51,36.97,0.1145,0.62,0.9993,1,CRITICAL
58.97,27.3,60.58,23.34,0.0482,1.16,0.9303,1,CRITICAL
49.55,10.37,52.38,33.05,0.0467,0.91,0.8743,1,CRITICAL
39.62,35.09,33.48,19.11,0.0177,1.67,0.2336,0,LOW
45.12,18.92,39.45,32.68,0.0242,0.95,0.8416,1,CRITICAL
49.61,26.27,44.05,32.7,0.0289,0.92,0.9045,1,CRITICAL
61.1,43.24,58.93,30.69,0.0565,0.88,0.9662,1,CRITICAL
38.6,35.59,50.59,21.04,0.0284,1.53,0.5016,1,HIGH
36.65,30.65,38.58,29.75,0.0272,1.11,0.6956,1,HIGH
23.47,21.48,20.8,19.72,0.0191,1.85,0.0399,0,LOW
72.23,22.42,66.46,26.23,-0.0643,0.92,0.9816,1,CRITICAL
52.24,12.53,44.45,35.21,-0.0479,0.84,0.9599,1,CRITICAL
15.98,31.9,33.64,33.58,0.0077,1.17,0.2962,0,HIGH
43.18,14.55,37.28,28.11,-0.0218,1.11,0.7136,1,HIGH
32.93,15.01,36.23,21.18,0.013,1.6,0.1817,0,LOW
54.61,24.23,61.42,32.52,0.048,0.88,0.9706,1,CRITICAL
8.11,2.18,10.38,28.14,0.0017,1.47,0.0684,0,LOW
43.26,17.98,35.79,12.0,0.0278,2.57,0.0106,0,LOW
25.62,10.38,32.92,33.48,0.0111,1.09,0.3972,0,HIGH
40.31,9.32,33.09,27.83,-0.0171,1.15,0.6191,1,HIGH
63.18,41.49,63.83,36.42,0.0719,0.74,0.986,1,CRITICAL
63.11,34.82,71.49,20.33,0.0314,1.28,0.7804,1,CRITICAL
55.29,24.07,50.23,12.0,0.0273,2.31,0.0652,0,LOW
27.07,0.0,31.71,29.95,0.0473,1.19,0.5382,1,HIGH
38.79,61.77,70.65,30.04,0.0419,1.08,0.8399,1,CRITICAL
27.08,28.15,31.22,16.17,0.0233,2.19,0.0315,0,LOW
41.46,65.99,118.23,21.15,-0.0581,1.49,0.7064,1,HIGH
15.25,0.0,14.76,47.29,0.0073,0.87,0.3895,0,CRITICAL
22.59,22.06,36.58,25.86,-0.0202,1.43,0.2898,0,MODERATE
11.62,14.93,25.16,33.12,0.0088,1.22,0.1707,0,MODERATE
22.03,16.34,48.49,23.45,0.0127,1.58,0.1133,0,LOW
29.26,0.0,24.86,13.37,-0.0064,2.6,0.0034,0,LOW
28.27,11.27,27.55,26.81,0.0202,1.32,0.3665,0,MODERATE
15.6,0.0,14.61,26.14,0.0257,1.49,0.1089,0,LOW
45.16,47.73,76.69,25.2,0.0604,1.22,0.8555,1,CRITICAL
68.88,39.85,63.44,27.2,0.048,0.92,0.9792,1,CRITICAL
79.98,50.34,100.11,29.85,0.0867,0.76,0.9981,1,CRITICAL
65.36,29.16,57.52,26.95,0.0512,0.96,0.9473,1,CRITICAL
30.82,33.64,26.68,19.15,0.028,1.8,0.1077,0,LOW
70.61,44.81,61.77,31.4,-0.05,0.79,0.9774,1,CRITICAL
55.26,30.19,57.85,14.35,-0.0206,1.94,0.3376,0,MODERATE
57.56,67.34,74.04,13.65,0.0308,1.99,0.44,0,MODERATE
34.83,9.13,35.17,33.17,0.0224,1.02,0.6732,1,HIGH
26.29,26.66,57.97,31.55,0.0344,1.14,0.7368,1,HIGH
35.9,18.65,32.92,27.6,0.0214,1.2,0.4795,0,MODERATE
19.24,4.57,33.13,18.23,0.0056,2.07,0.0192,0,LOW
58.22,57.83,66.54,23.04,0.0325,1.18,0.8672,1,CRITICAL
43.36,25.53,39.49,26.16,0.0498,1.19,0.762,1,CRITICAL
50.26,16.47,40.62,16.83,0.0153,1.73,0.2758,0,MODERATE
81.44,47.66,71.97,22.83,-0.0454,0.96,0.9855,1,CRITICAL
24.41,13.59,20.22,32.57,0.0251,1.13,0.4267,0,HIGH
13.74,24.34,45.64,37.99,0.0252,1.06,0.5063,1,HIGH
58.95,43.83,93.19,25.06,0.0596,1.09,0.979,1,CRITICAL
40.62,17.1,52.43,33.3,0.0341,0.97,0.7472,1,CRITICAL
49.13,57.12,58.76,14.6,0.0664,2.01,0.4719,0,MODERATE
60.59,18.03,52.6,32.62,-0.0366,0.84,0.9554,1,CRITICAL
89.74,60.75,72.95,22.37,-0.0595,0.9,0.9936,1,CRITICAL
69.13,39.31,79.6,30.15,-0.0678,0.83,0.9941,1,CRITICAL
41.04,34.97,45.12,26.27,0.0166,1.21,0.6759,1,HIGH
31.28,29.97,42.19,37.24,0.0243,0.94,0.7853,1,CRITICAL
45.79,42.25,59.32,21.88,0.0427,1.39,0.7801,1,CRITICAL
29.27,26.11,31.32,32.39,0.0195,1.09,0.5367,1,HIGH
66.73,17.32,55.72,26.04,0.0635,0.97,0.9794,1,CRITICAL
81.71,46.72,89.14,26.89,0.0808,0.82,0.9947,1,CRITICAL
89.96,34.94,81.04,26.71,0.0867,0.76,0.9982,1,CRITICAL
49.58,41.48,65.97,22.08,-0.0486,1.33,0.8368,1,CRITICAL
35.46,8.97,37.01,27.9,0.0297,1.2,0.6871,1,HIGH
53.9,8.27,46.79,27.56,0.0439,1.04,0.9209,1,CRITICAL
42.76,19.84,37.02,29.69,0.0335,1.06,0.7926,1,CRITICAL
21.36,0.42,37.52,28.59,0.0196,1.31,0.2864,0,MODERATE
51.59,35.05,54.1,33.59,0.0438,0.88,0.936,1,CRITICAL
30.55,6.76,32.22,34.46,0.0145,1.02,0.5806,1,HIGH
45.53,19.54,46.58,20.65,0.041,1.47,0.4538,0,MODERATE
48.18,7.5,50.51,34.08,0.0333,0.89,0.9511,1,CRITICAL
80.4,57.56,68.43,19.7,0.0476,1.12,0.9809,1,CRITICAL
72.26,24.33,64.94,32.11,0.0545,0.76,0.9903,1,CRITICAL
33.44,15.52,31.94,32.34,0.0294,1.06,0.7246,1,HIGH
59.93,15.28,55.32,14.62,0.0716,1.82,0.6583,1,HIGH
70.81,31.88,67.06,28.65,0.0696,0.86,0.9834,1,CRITICAL
30.22,33.74,27.03,24.72,0.0212,1.4,0.3398,0,MODERATE
52.42,32.64,49.44,22.69,-0.0322,1.27,0.8353,1,CRITICAL
33.5,13.22,34.1,37.46,0.0244,0.92,0.709,1,CRITICAL
48.32,25.88,43.71,23.42,0.0199,1.27,0.5339,1,HIGH
58.63,81.04,144.41,22.36,0.0695,1.21,0.9758,1,CRITICAL
70.95,33.82,57.9,28.53,0.0469,0.86,0.9788,1,CRITICAL
86.91,58.43,84.98,32.8,0.1241,0.65,0.9988,1,CRITICAL
74.65,34.25,62.59,27.01,0.0504,0.88,0.9829,1,CRITICAL
74.49,54.42,87.04,36.16,0.0914,0.68,0.9968,1,CRITICAL
48.19,47.6,75.39,31.72,0.0768,0.95,0.9669,1,CRITICAL
28.39,14.98,30.41,12.75,0.0146,2.75,0.0027,0,LOW
17.9,16.84,40.34,24.29,0.0102,1.57,0.12,0,LOW
72.33,32.06,62.18,24.07,0.0433,1.0,0.975,1,CRITICAL
69.12,41.53,57.56,31.36,0.0487,0.8,0.9754,1,CRITICAL
59.31,39.71,53.14,12.0,0.0314,2.23,0.1523,0,LOW
75.76,28.75,66.88,45.84,0.0827,0.56,0.9964,1,CRITICAL
47.77,24.88,45.81,31.72,0.0428,0.96,0.8975,1,CRITICAL
55.04,23.09,51.04,29.04,-0.0602,0.98,0.9429,1,CRITICAL
72.07,47.36,65.6,36.27,-0.0633,0.69,0.9937,1,CRITICAL
62.82,36.59,68.83,44.41,0.0662,0.64,0.9924,1,CRITICAL
75.99,61.02,65.02,34.1,0.0714,0.7,0.9965,1,CRITICAL
27.65,15.62,22.4,34.64,-0.0139,1.04,0.5082,1,HIGH
64.41,48.79,61.62,28.91,0.0497,0.9,0.9654,1,CRITICAL
32.45,10.78,34.88,27.01,0.0253,1.26,0.5614,1,HIGH
65.18,31.96,53.07,24.67,0.0363,1.04,0.9434,1,CRITICAL
47.35,30.18,40.03,22.22,-0.0528,1.35,0.7623,1,CRITICAL
75.58,32.37,71.17,23.19,0.0492,1.0,0.9788,1,CRITICAL
28.35,16.22,26.7,18.55,0.0102,1.89,0.0341,0,LOW
33.46,45.48,58.28,27.47,0.0504,1.23,0.8501,1,CRITICAL
65.27,29.77,55.07,16.21,0.0216,1.57,0.6028,1,HIGH
28.52,5.36,23.12,29.34,0.0084,1.2,0.2755,0,MODERATE
46.92,45.89,46.43,27.75,0.0613,1.09,0.906,1,CRITICAL
61.69,56.42,113.56,29.03,0.0713,0.92,0.9876,1,CRITICAL
47.35,33.33,52.95,24.35,0.0228,1.24,0.6941,1,HIGH
65.84,28.45,59.23,49.54,0.0759,0.58,0.9945,1,CRITICAL
78.33,28.38,62.92,37.52,0.0624,0.63,0.9951,1,CRITICAL
57.61,41.04,56.04,19.29,-0.0353,1.42,0.7187,1,HIGH
23.45,11.28,22.23,29.63,0.0142,1.24,0.4284,0,MODERATE
38.64,31.99,46.56,23.74,0.0296,1.36,0.5263,1,HIGH
37.33,3.24,42.99,20.9,0.0162,1.56,0.2261,0,LOW
62.71,37.91,54.79,18.62,0.0567,1.4,0.8868,1,CRITICAL
34.17,9.84,28.4,31.03,0.0148,1.09,0.5089,1,HIGH
13.59,0.39,31.97,23.23,0.0186,1.7,0.0643,0,LOW
77.65,64.04,75.33,34.77,0.1113,0.68,0.9974,1,CRITICAL
33.34,38.63,54.36,34.96,0.0288,0.98,0.8089,1,CRITICAL
49.93,28.95,44.46,37.62,0.0305,0.81,0.9288,1,CRITICAL
58.69,50.19,62.83,22.03,0.0281,1.23,0.8547,1,CRITICAL
39.46,22.55,33.46,31.33,0.0632,1.04,0.8452,1,CRITICAL
38.54,13.62,36.0,32.43,0.0366,1.01,0.8287,1,CRITICAL
67.72,40.37,70.21,24.68,0.0768,1.02,0.9846,1,CRITICAL
34.76,25.62,54.0,22.6,0.0321,1.48,0.3475,0,MODERATE
33.76,14.68,32.81,39.27,0.0208,0.88,0.7225,1,CRITICAL
64.81,32.96,75.9,29.59,0.0505,0.88,0.9858,1,CRITICAL
58.09,28.37,63.46,32.45,-0.0796,0.86,0.9756,1,CRITICAL
35.0,29.6,34.43,22.25,-0.019,1.5,0.321,0,MODERATE
59.31,50.6,78.81,19.47,-0.0379,1.38,0.8858,1,CRITICAL
55.81,28.16,55.32,24.01,0.0376,1.16,0.7938,1,CRITICAL
16.23,6.91,28.66,27.13,0.0059,1.43,0.1191,0,MODERATE
21.64,12.49,27.58,20.55,0.0096,1.8,0.0704,0,LOW
62.95,18.8,59.4,27.93,0.0501,0.94,0.9629,1,CRITICAL
23.15,29.33,46.77,16.18,0.0074,2.26,0.0144,0,LOW
85.59,53.68,73.71,20.16,0.0446,1.04,0.9883,1,CRITICAL
39.02,42.74,31.78,32.7,0.0242,1.0,0.808,1,CRITICAL
90.44,51.45,104.13,32.23,-0.1158,0.64,0.9994,1,CRITICAL
36.08,42.05,55.01,25.26,0.0198,1.31,0.6922,1,HIGH
69.23,30.27,62.23,20.88,0.0305,1.18,0.8625,1,CRITICAL
36.49,8.07,32.27,20.81,-0.0558,1.58,0.2576,0,MODERATE
52.1,23.85,58.56,25.39,-0.0262,1.14,0.8216,1,CRITICAL
52.06,27.14,42.88,32.51,-0.0242,0.9,0.8888,1,CRITICAL
57.48,23.24,54.25,34.5,0.0417,0.82,0.9584,1,CRITICAL
61.19,24.11,50.3,24.52,0.0289,1.09,0.8782,1,CRITICAL
34.49,20.35,41.26,19.93,0.0222,1.68,0.1619,0,LOW
49.32,16.52,39.87,29.87,0.0533,1.0,0.8906,1,CRITICAL
53.69,26.58,57.84,22.24,-0.0329,1.28,0.7621,1,CRITICAL
46.33,8.01,53.84,24.37,-0.0425,1.24,0.8194,1,CRITICAL
35.42,23.88,38.35,37.28,0.0529,0.91,0.8628,1,CRITICAL
76.08,38.93,63.75,33.79,0.0578,0.71,0.9922,1,CRITICAL
58.45,21.04,48.36,29.11,-0.0375,0.95,0.932,1,CRITICAL
34.73,23.66,33.42,19.1,-0.0228,1.74,0.2081,0,LOW
23.0,30.64,27.78,29.48,0.0123,1.25,0.2694,0,MODERATE
22.57,20.32,33.48,35.44,0.0291,1.05,0.452,0,HIGH
66.58,45.27,53.28,25.37,0.0483,1.0,0.9412,1,CRITICAL
79.47,71.7,82.2,37.46,0.0898,0.63,0.9979,1,CRITICAL
21.42,46.81,35.84,37.05,0.0109,1.02,0.5497,1,HIGH
41.83,13.49,42.28,39.65,0.0235,0.82,0.9089,1,CRITICAL
47.67,14.84,44.45,30.14,0.0282,1.0,0.9109,1,CRITICAL
38.27,30.55,58.32,32.11,0.0252,1.02,0.8481,1,CRITICAL
53.75,40.9,66.03,37.9,0.0677,0.78,0.9728,1,CRITICAL
38.3,71.07,92.0,31.13,0.0427,1.05,0.9024,1,CRITICAL
28.14,23.97,29.49,24.49,0.0232,1.44,0.1423,0,MODERATE
28.84,23.17,58.67,24.86,-0.0204,1.41,0.3742,0,MODERATE
52.8,20.05,43.61,29.67,0.0466,0.98,0.895,1,CRITICAL
49.36,28.04,47.44,18.97,0.0477,1.55,0.3741,0,MODERATE
22.76,1.67,27.6,27.0,0.0329,1.37,0.4589,0,MODERATE
15.27,12.7,20.94,35.68,0.0137,1.11,0.2846,0,HIGH
40.29,16.29,46.95,12.66,0.0093,2.5,0.0077,0,LOW
60.38,14.15,51.1,38.74,0.0468,0.72,0.9748,1,CRITICAL
38.56,27.16,61.04,35.86,0.0364,0.92,0.934,1,CRITICAL
49.24,34.97,51.43,24.78,0.0693,1.19,0.9352,1,CRITICAL
33.79,41.37,62.21,31.8,-0.0348,1.07,0.7935,1,CRITICAL
35.6,18.08,28.52,28.02,0.0248,1.19,0.5536,1,HIGH
45.42,40.67,51.25,36.61,0.0513,0.86,0.9567,1,CRITICAL
23.6,24.97,26.86,34.88,-0.02,1.06,0.4819,0,HIGH
59.33,36.85,58.01,18.2,0.0346,1.48,0.7537,1,CRITICAL
41.54,32.86,53.66,32.11,0.0281,1.0,0.8739,1,CRITICAL
84.92,44.38,71.8,26.56,0.0549,0.8,0.9912,1,CRITICAL
30.84,15.39,28.11,28.58,0.0274,1.21,0.616,1,HIGH
71.28,23.4,75.23,22.9,0.0693,1.06,0.9731,1,CRITICAL
93.14,62.69,85.56,40.24,0.1148,0.52,0.9995,1,CRITICAL
56.7,33.59,49.35,35.28,0.0448,0.81,0.9622,1,CRITICAL
37.94,12.0,40.28,22.82,-0.0171,1.42,0.474,0,MODERATE
47.91,42.81,47.56,18.66,0.0231,1.59,0.4749,0,MODERATE
78.54,42.38,80.47,25.3,0.0568,0.9,0.9905,1,CRITICAL
62.38,28.89,49.94,31.04,0.0536,0.86,0.972,1,CRITICAL
22.16,28.83,30.98,29.68,0.0169,1.25,0.4135,0,MODERATE
26.64,23.36,35.27,36.77,0.0234,0.99,0.6416,1,CRITICAL
78.03,63.12,82.95,33.53,0.0729,0.7,0.9954,1,CRITICAL
15.55,23.75,45.44,34.79,0.0228,1.13,0.3917,0,HIGH
36.9,39.84,38.22,30.29,0.0176,1.09,0.7239,1,HIGH
78.01,33.44,68.7,18.27,0.0399,1.23,0.936,1,CRITICAL
56.67,41.35,46.96,26.63,0.0316,1.04,0.8278,1,CRITICAL
79.06,19.0,69.41,35.42,0.0737,0.66,0.996,1,CRITICAL
57.26,17.12,46.87,27.64,0.0286,1.0,0.9006,1,CRITICAL
38.65,36.14,55.28,31.52,0.0509,1.04,0.8912,1,CRITICAL
52.1,35.81,66.36,25.77,0.0381,1.12,0.832,1,CRITICAL
27.69,17.41,30.26,20.79,0.02,1.7,0.1313,0,LOW
55.16,29.6,48.64,27.14,0.0385,1.04,0.9313,1,CRITICAL
54.18,15.23,45.23,30.16,0.0386,0.95,0.8935,1,CRITICAL
10.5,11.03,36.98,23.41,0.0153,1.73,0.0564,0,LOW
26.22,33.81,52.47,26.35,0.038,1.36,0.2874,0,MODERATE
15.6,3.61,17.12,21.42,0.027,1.82,0.0577,0,LOW
62.74,52.28,64.77,35.83,-0.0566,0.76,0.9881,1,CRITICAL
73.99,36.29,63.68,25.94,0.0559,0.91,0.9835,1,CRITICAL
26.11,22.02,24.71,38.17,0.0098,0.96,0.4405,0,CRITICAL
9.72,9.29,8.1,38.7,0.0024,1.07,0.2489,0,HIGH
60.37,30.71,61.2,27.43,0.0436,0.98,0.9472,1,CRITICAL
45.56,3.53,38.89,20.94,0.0469,1.45,0.338,0,MODERATE
73.43,47.21,58.93,13.4,0.0351,1.75,0.7202,1,HIGH
34.93,7.98,29.61,17.7,0.0227,1.88,0.1332,0,LOW
50.33,23.51,45.91,18.38,-0.0167,1.58,0.533,1,HIGH
27.67,21.73,38.73,37.65,0.0225,0.96,0.5826,1,CRITICAL
85.17,42.41,71.53,28.81,0.0662,0.75,0.9919,1,CRITICAL
78.04,66.75,95.21,30.73,0.099,0.75,0.9976,1,CRITICAL
73.94,38.61,64.26,12.46,0.022,1.87,0.5811,1,HIGH
42.09,22.55,39.71,19.61,0.0225,1.6,0.2457,0,LOW
53.78,38.21,46.71,34.21,-0.065,0.85,0.9356,1,CRITICAL
13.93,15.33,15.54,30.01,0.0356,1.32,0.2592,0,MODERATE
34.93,10.1,29.1,26.97,0.0378,1.24,0.5234,1,HIGH
29.55,5.86,28.88,31.95,0.0161,1.1,0.5736,1,HIGH
58.55,37.54,76.29,39.45,0.1012,0.72,0.9939,1,CRITICAL
61.99,39.76,67.08,26.45,0.0612,1.0,0.9656,1,CRITICAL
62.02,36.04,80.84,28.49,0.0762,0.94,0.9837,1,CRITICAL
52.58,27.14,43.72,29.35,0.0629,0.99,0.9221,1,CRITICAL
55.59,30.87,53.6,44.74,0.0859,0.67,0.9863,1,CRITICAL
54.82,3.23,47.76,13.3,0.0157,2.1,0.0892,0,LOW
54.64,23.66,62.87,32.78,0.0396,0.88,0.9606,1,CRITICAL
36.27,20.18,81.74,27.2,-0.0445,1.22,0.8682,1,CRITICAL
29.97,26.15,49.32,31.97,-0.0282,1.1,0.6263,1,HIGH
52.46,36.25,42.51,23.4,0.0233,1.23,0.8442,1,CRITICAL
18.43,0.0,20.45,27.66,0.0208,1.38,0.2064,0,MODERATE
57.97,14.86,46.81,32.98,0.0308,0.85,0.9486,1,CRITICAL
71.24,32.93,57.61,49.79,0.0688,0.56,0.9961,1,CRITICAL
35.54,7.17,29.68,33.66,0.0184,1.0,0.7491,1,HIGH
59.83,20.94,52.72,22.06,0.0264,1.22,0.816,1,CRITICAL
